latitude,longitude,elevation,slope,rainfall_24h,rainfall_72h,rainfall_intensity,soil_moisture,satellite_indicator,historical_landslide_occurrence,latent_risk_score,risk_level,risk_category,region_state
26.07442,91.7782,50.0,44.64,54.85,132.63,8.21,69.95,70.0,88.77,58.28,1,moderate,Assam
24.8084,93.82382,886.0,39.04,16.1,32.81,0.81,37.78,14.78,59.76,22.06,0,low,Manipur
25.16948,91.79506,1388.2,45.76,130.2,282.43,22.7,82.64,64.15,98.32,84.87,3,critical,Meghalaya
25.66297,94.11458,1603.8,36.65,22.06,80.55,1.86,61.26,63.71,80.28,37.82,0,low,Nagaland
30.71436,79.17157,3759.3,59.14,222.58,542.15,46.18,90.92,88.9,87.04,100.0,3,critical,Uttarakhand
27.31201,88.5598,1682.6,52.53,2.26,35.31,0.1,34.13,36.04,88.8,39.26,0,low,Sikkim
25.47374,91.87962,2028.6,43.68,51.51,91.22,5.56,46.64,38.96,88.66,47.79,1,moderate,Meghalaya
25.05374,91.78423,1331.9,33.35,161.21,425.42,20.7,71.1,90.0,96.09,92.59,3,critical,Meghalaya
26.14036,91.78579,50.0,34.7,3.0,23.71,0.21,32.09,24.23,64.58,22.47,0,low,Assam
25.27057,91.56308,1454.1,65.7,98.16,273.0,12.31,82.73,82.31,89.12,94.13,3,critical,Meghalaya
30.80878,79.18212,3602.7,55.38,32.43,89.21,3.42,60.69,40.15,98.76,56.68,1,moderate,Uttarakhand
23.54327,93.18004,1772.2,40.34,0.42,3.28,0.03,11.61,44.56,81.0,22.21,0,low,Mizoram
25.58889,91.80868,1821.0,47.39,16.11,93.45,1.29,72.58,39.99,83.02,52.97,1,moderate,Meghalaya
25.37141,91.7531,1256.4,37.33,13.29,28.03,0.7,36.62,31.74,79.59,33.27,0,low,Meghalaya
24.75368,93.90858,850.0,39.2,67.59,140.37,4.97,54.23,58.75,72.65,46.1,1,moderate,Manipur
23.48273,93.26165,1342.0,45.53,225.24,520.92,84.11,91.02,98.0,65.97,100.0,3,critical,Mizoram
25.69532,94.10677,1239.5,46.8,37.01,115.15,3.36,63.77,43.19,85.68,54.92,1,moderate,Nagaland
30.77218,79.05444,3482.9,60.99,71.31,244.95,14.33,70.0,87.71,100.0,84.7,3,critical,Uttarakhand
25.33257,91.66673,1313.0,56.66,201.32,554.9,62.65,92.94,92.85,81.2,100.0,3,critical,Meghalaya
25.22503,91.71326,1177.5,41.55,69.23,167.06,9.35,49.45,45.26,99.72,55.51,1,moderate,Meghalaya
25.48926,91.96031,1926.0,43.62,29.76,114.23,4.27,46.57,60.1,81.04,44.41,1,moderate,Meghalaya
30.77264,78.99318,3661.8,62.19,43.76,109.32,2.77,71.34,38.25,100.0,59.43,1,moderate,Uttarakhand
24.64785,94.0252,766.3,44.33,26.31,31.11,1.43,42.62,27.99,75.06,40.13,1,moderate,Manipur
23.48092,93.43786,1696.5,48.91,18.94,89.07,1.12,30.42,28.85,65.76,40.28,1,moderate,Mizoram
30.71941,78.98843,3566.4,48.43,52.17,93.96,4.82,58.11,32.96,97.93,51.8,1,moderate,Uttarakhand
27.07816,88.3091,2066.9,57.66,32.71,113.82,3.36,46.74,52.48,75.75,51.65,1,moderate,West Bengal
26.10338,91.75709,387.5,30.5,116.04,283.94,15.12,80.02,90.0,64.98,75.39,2,high,Assam
31.12582,77.04456,2406.6,59.68,16.55,42.2,1.32,29.34,33.71,90.14,44.37,1,moderate,Himachal Pradesh
26.99516,93.57902,719.1,42.0,198.61,376.46,33.81,68.81,78.67,52.55,90.77,3,critical,Arunachal Pradesh
24.76834,93.76716,594.5,43.88,44.67,86.62,4.18,73.79,53.7,97.93,52.41,1,moderate,Manipur
31.03492,77.04505,2376.4,35.33,43.15,121.29,3.01,67.6,48.97,93.15,52.84,1,moderate,Himachal Pradesh
11.70218,76.09196,1030.7,53.98,52.29,105.07,7.34,35.0,45.63,83.17,50.44,1,moderate,Kerala
27.05703,88.29961,2029.9,40.79,155.82,361.48,23.46,90.63,78.19,77.34,94.98,3,critical,West Bengal
27.34971,88.55335,1607.7,42.92,137.24,281.53,22.58,83.49,74.48,99.05,85.18,3,critical,Sikkim
25.74506,94.15883,1322.7,55.06,55.36,147.17,3.91,57.7,60.82,84.12,58.44,1,moderate,Nagaland
25.16758,91.7998,1527.5,47.21,28.95,106.91,3.49,52.52,37.48,100.0,52.96,1,moderate,Meghalaya
24.82492,94.01873,942.8,39.69,39.33,74.47,5.64,70.62,38.52,81.41,46.38,1,moderate,Manipur
23.48821,93.26876,1600.4,42.74,202.14,496.91,44.87,90.25,98.0,66.2,100.0,3,critical,Mizoram
31.03083,77.30981,2360.4,48.18,7.08,28.05,0.58,42.97,37.14,88.92,39.95,0,low,Himachal Pradesh
23.42638,93.35423,1665.9,51.56,3.99,6.18,0.19,38.3,25.24,75.0,35.03,0,low,Mizoram
23.27286,93.33039,1712.8,61.96,37.55,92.08,2.69,51.58,50.61,75.89,61.39,2,high,Mizoram
25.52375,91.85715,2088.6,48.06,40.8,106.91,2.56,52.31,55.25,89.84,43.21,1,moderate,Meghalaya
25.29245,91.87069,1485.8,51.11,63.35,118.58,8.09,72.16,42.0,91.58,62.02,2,high,Meghalaya
27.21106,93.73342,793.6,34.09,14.04,33.88,1.02,40.71,15.6,49.55,23.23,0,low,Arunachal Pradesh
11.67111,75.86412,959.5,55.06,45.83,137.42,3.09,66.89,33.76,93.35,61.8,2,high,Kerala
24.70736,93.94489,608.6,40.12,152.83,281.35,22.0,72.44,70.16,70.48,79.18,2,high,Manipur
30.64549,78.9532,3498.7,65.08,136.72,256.58,16.74,91.74,90.0,100.0,100.0,3,critical,Uttarakhand
24.85629,94.07399,963.2,35.5,165.67,370.21,17.12,95.0,74.31,82.92,88.95,3,critical,Manipur
26.1914,91.62828,69.0,50.57,50.14,71.71,7.4,48.57,63.17,69.61,49.56,1,moderate,Assam
25.31725,91.8187,1553.1,52.06,62.54,109.56,4.22,60.77,48.33,100.0,59.22,1,moderate,Meghalaya
25.52604,91.81021,1761.2,52.46,146.92,380.37,35.14,92.5,90.56,89.44,100.0,3,critical,Meghalaya
25.50103,91.69259,1834.7,31.86,18.35,20.29,1.26,33.22,24.35,91.61,30.27,0,low,Meghalaya
25.65933,91.92799,2099.4,37.83,67.35,103.43,6.72,58.29,39.34,72.22,42.79,1,moderate,Meghalaya
27.25068,93.59404,634.7,33.7,1.47,12.73,0.1,36.64,35.26,64.79,22.69,0,low,Arunachal Pradesh
27.18049,93.62896,785.8,44.26,36.03,42.58,2.22,28.8,19.47,70.3,30.56,0,low,Arunachal Pradesh
11.75988,76.14486,1002.4,49.6,270.69,668.1,100.81,86.94,86.09,95.27,100.0,3,critical,Kerala
27.03479,93.70767,885.3,42.31,21.02,95.66,2.51,50.79,52.24,58.89,37.14,0,low,Arunachal Pradesh
25.02475,93.99253,855.3,36.8,22.75,67.76,3.36,60.58,51.82,78.92,42.19,1,moderate,Manipur
27.49453,88.57233,1748.4,58.15,8.01,9.77,0.52,36.07,21.31,87.88,35.63,0,low,Sikkim
11.75122,76.05819,912.6,51.03,7.58,28.53,0.35,19.27,20.6,89.52,31.48,0,low,Kerala
27.14477,88.17616,1845.6,35.81,34.57,104.0,3.21,51.93,58.08,88.69,41.32,1,moderate,West Bengal
25.75494,94.10862,1428.9,41.2,49.76,89.91,4.78,36.5,68.22,71.65,40.26,1,moderate,Nagaland
31.14055,77.09633,2327.7,53.6,0.66,2.83,0.05,32.63,26.04,94.15,35.18,0,low,Himachal Pradesh
11.67391,76.13706,1034.3,50.26,2.85,23.49,0.12,35.36,22.01,94.95,33.35,0,low,Kerala
25.90992,91.67172,227.4,42.54,47.38,98.07,3.29,69.37,41.19,75.14,47.02,1,moderate,Assam
27.19922,93.72361,750.8,34.18,18.87,68.89,1.23,40.63,20.1,62.13,26.16,0,low,Arunachal Pradesh
26.96534,93.56455,646.5,34.27,133.55,290.39,13.71,74.72,74.97,49.22,69.19,2,high,Arunachal Pradesh
27.09228,93.57791,616.8,33.97,115.02,284.4,14.65,77.43,72.48,58.55,65.71,2,high,Arunachal Pradesh
27.29878,88.56359,1762.2,42.17,189.13,469.37,33.19,96.96,84.25,88.21,100.0,3,critical,Sikkim
25.30117,91.55237,1250.3,55.1,115.58,369.9,27.68,87.77,76.93,94.29,100.0,3,critical,Meghalaya
27.0951,93.57382,502.1,55.34,120.39,320.36,30.08,65.14,63.38,60.49,85.9,3,critical,Arunachal Pradesh
11.74969,76.26953,1109.5,36.65,8.37,14.13,0.37,25.41,36.34,98.23,28.18,0,low,Kerala
23.43173,93.49695,1620.2,35.46,42.76,63.5,1.99,24.31,24.53,84.71,29.26,0,low,Mizoram
25.66036,94.12863,1397.0,50.69,30.08,95.93,2.59,47.07,53.03,81.18,50.57,1,moderate,Nagaland
26.96983,88.23492,1928.2,51.89,48.72,101.2,3.23,60.92,42.84,84.1,51.95,1,moderate,West Bengal
27.2145,88.57138,1865.7,52.55,49.17,96.77,3.67,62.58,69.83,91.32,55.62,1,moderate,Sikkim
25.10304,91.68323,1425.3,40.72,23.91,33.38,1.36,23.32,20.15,84.51,31.38,0,low,Meghalaya
25.15236,91.62898,1313.6,48.63,139.77,330.85,16.55,90.86,62.83,86.87,95.93,3,critical,Meghalaya
25.60384,94.10032,1521.9,48.47,33.59,110.09,5.36,66.74,48.81,82.07,49.76,1,moderate,Nagaland
25.54235,91.91133,1813.8,30.76,40.22,69.06,3.09,75.0,56.98,85.86,44.04,1,moderate,Meghalaya
27.16991,88.24688,1919.5,46.66,184.06,397.52,23.79,76.7,77.77,96.0,100.0,3,critical,West Bengal
27.05106,88.27109,1980.1,41.73,18.42,28.23,1.04,36.37,25.11,84.93,33.58,0,low,West Bengal
26.90623,88.21512,2137.3,44.95,76.1,164.14,9.63,82.12,71.48,84.63,67.24,2,high,West Bengal
25.28525,91.8053,1275.1,51.18,2.26,7.91,0.15,27.82,22.04,100.0,29.84,0,low,Meghalaya
25.61671,91.96021,1668.9,49.83,145.71,408.66,27.35,73.71,86.01,78.52,99.0,3,critical,Meghalaya
30.81541,78.96885,3707.3,57.8,165.98,441.59,47.05,94.07,93.34,91.37,100.0,3,critical,Uttarakhand
25.51609,91.84134,1878.2,33.22,176.02,419.22,41.24,70.3,74.37,100.0,96.19,3,critical,Meghalaya
24.7885,93.96756,914.4,30.19,260.7,616.81,45.66,89.44,91.57,84.22,100.0,3,critical,Manipur
24.74716,94.03692,758.9,32.62,50.24,117.13,7.55,55.16,38.01,80.28,48.58,1,moderate,Manipur
23.26596,93.27791,1443.5,45.37,176.21,521.51,46.97,88.27,93.43,73.42,100.0,3,critical,Mizoram
23.46271,93.20757,1778.4,45.27,5.87,9.22,0.27,17.17,20.84,72.48,21.62,0,low,Mizoram
25.62563,93.95197,1359.2,51.72,37.93,89.42,3.8,68.34,62.18,84.8,55.13,1,moderate,Nagaland
30.96482,77.23624,2184.8,42.44,95.97,254.39,15.8,79.5,80.8,75.68,75.89,2,high,Himachal Pradesh
25.2411,91.72487,1278.4,43.88,54.97,87.1,7.89,48.21,54.96,100.0,49.03,1,moderate,Meghalaya
25.34831,91.81568,1888.9,27.0,130.86,590.26,24.59,90.14,81.26,75.74,92.71,3,critical,Meghalaya
27.1141,88.22153,2221.1,32.87,32.98,77.5,3.05,50.36,37.66,75.08,37.15,0,low,West Bengal
26.1089,91.62905,301.0,36.09,101.0,319.25,11.77,71.83,82.93,71.11,74.06,2,high,Assam
27.42893,88.57299,1460.5,48.12,166.65,314.32,34.31,83.23,83.2,86.36,100.0,3,critical,Sikkim
25.50177,91.86643,2162.3,26.53,138.75,296.26,23.56,80.46,80.92,85.18,80.41,3,critical,Meghalaya
25.19585,91.72524,943.8,39.8,26.28,117.14,4.07,70.88,64.41,89.98,47.46,1,moderate,Meghalaya
23.47263,93.23038,1512.6,46.94,42.09,87.91,5.96,61.49,42.23,79.57,47.16,1,moderate,Mizoram
26.13678,91.73672,131.0,28.72,41.53,95.46,4.21,62.23,31.36,73.45,44.32,1,moderate,Assam
30.60942,79.17397,3634.2,46.21,45.64,101.06,3.35,56.85,61.69,100.0,51.61,1,moderate,Uttarakhand
27.25095,93.5478,842.5,38.57,69.94,119.74,9.0,48.56,46.02,69.8,48.94,1,moderate,Arunachal Pradesh
27.36635,88.52849,1704.0,50.17,98.27,294.9,10.79,78.94,64.48,91.26,77.56,2,high,Sikkim
11.86078,76.1992,1040.1,59.38,156.81,467.38,40.11,97.88,89.41,98.1,100.0,3,critical,Kerala
25.65449,94.14258,1558.4,58.5,3.03,85.05,0.22,32.77,32.76,82.16,45.77,1,moderate,Nagaland
27.08665,93.58765,918.4,25.63,40.87,86.42,5.22,43.45,44.06,69.9,32.83,0,low,Arunachal Pradesh
27.47265,88.61595,2020.8,51.75,57.99,118.08,4.13,49.06,33.05,87.28,53.73,1,moderate,Sikkim
25.57334,94.19093,1355.9,35.41,58.85,111.72,4.76,60.52,51.12,91.65,46.55,1,moderate,Nagaland
23.58524,93.34853,1688.7,43.34,3.9,11.14,0.18,33.12,19.5,70.92,31.59,0,low,Mizoram
31.01127,77.23862,2256.3,63.84,10.51,40.79,0.46,45.52,13.14,100.0,50.05,1,moderate,Himachal Pradesh
23.49613,93.34027,1583.9,35.76,110.22,299.85,12.84,81.31,78.51,66.48,78.31,2,high,Mizoram
27.1561,93.62144,973.0,42.52,1.23,29.65,0.06,25.41,13.45,59.94,18.89,0,low,Arunachal Pradesh
25.40471,91.69329,1591.8,47.69,8.97,45.49,0.62,38.84,36.81,90.62,41.77,1,moderate,Meghalaya
25.68774,94.12574,1422.6,52.78,143.65,327.87,15.81,77.54,80.02,79.9,87.37,3,critical,Nagaland
25.28587,91.72927,1352.3,49.74,18.8,103.31,1.6,52.8,42.28,95.8,46.52,1,moderate,Meghalaya
25.66809,91.94135,1937.8,27.49,1.86,17.72,0.1,31.02,19.52,84.85,24.47,0,low,Meghalaya
26.2979,91.71694,231.6,41.85,3.77,12.8,0.17,36.72,29.15,66.3,29.36,0,low,Assam
26.24276,91.80928,328.5,33.73,122.52,238.36,25.74,77.01,63.3,66.03,75.9,2,high,Assam
27.00622,93.58684,755.5,28.81,85.67,302.21,17.37,80.63,62.43,59.74,68.59,2,high,Arunachal Pradesh
26.14513,91.71822,76.6,48.69,74.56,168.37,9.32,66.83,45.68,73.41,56.97,1,moderate,Assam
24.81407,93.82032,732.7,48.17,155.6,326.63,27.43,65.79,71.13,79.9,84.73,3,critical,Manipur
24.84469,93.90207,811.6,43.22,3.71,26.22,0.25,34.78,12.2,70.58,30.18,0,low,Manipur
24.80373,93.85862,760.3,37.34,172.38,383.28,37.78,88.22,98.0,76.47,100.0,3,critical,Manipur
31.17958,77.13398,2448.2,38.07,29.72,39.02,1.67,29.22,29.01,97.78,36.15,0,low,Himachal Pradesh
27.11847,93.69414,789.9,34.97,145.29,294.94,19.36,87.68,71.49,63.53,82.84,3,critical,Arunachal Pradesh
25.55442,91.80481,1739.6,56.44,43.55,79.71,6.19,55.19,37.56,79.93,55.04,1,moderate,Meghalaya
11.61756,76.02525,1047.5,45.56,133.78,277.02,13.56,65.0,80.12,100.0,81.51,3,critical,Kerala
26.04993,91.85859,50.0,19.65,170.95,311.97,25.36,95.0,76.96,70.08,90.08,3,critical,Assam
11.6839,76.13452,832.9,54.76,28.18,56.79,2.15,27.3,15.95,92.1,43.47,1,moderate,Kerala
11.85552,76.08442,939.3,43.52,278.32,571.77,101.75,99.0,83.65,86.36,100.0,3,critical,Kerala
27.04443,93.71664,779.7,35.2,152.69,363.45,27.16,65.0,78.41,68.36,86.66,3,critical,Arunachal Pradesh
27.07582,88.23847,1926.0,44.23,46.92,120.94,4.6,57.49,43.05,83.18,55.98,1,moderate,West Bengal
26.1103,91.65452,141.7,41.99,40.64,60.97,3.3,61.86,42.93,66.9,44.14,1,moderate,Assam
27.10841,93.67274,848.9,43.57,105.58,255.05,13.43,73.63,78.91,51.94,75.67,2,high,Arunachal Pradesh
27.00434,93.54465,423.2,33.04,164.74,431.39,16.85,85.68,68.89,63.89,81.76,3,critical,Arunachal Pradesh
25.12431,91.68219,1485.5,52.67,24.33,39.37,1.18,29.43,31.98,91.2,36.82,0,low,Meghalaya
25.29487,91.84803,1558.6,46.72,6.32,7.19,0.47,19.97,27.58,91.85,27.73,0,low,Meghalaya
27.17108,88.67661,1411.2,55.62,3.88,32.54,0.23,25.33,19.29,75.29,36.49,0,low,Sikkim
23.53441,93.28972,1842.0,46.46,4.91,17.49,0.21,10.0,16.42,72.57,26.78,0,low,Mizoram
25.52617,91.83514,2027.3,35.99,16.51,19.42,0.86,31.09,32.42,75.78,22.25,0,low,Meghalaya
27.21396,93.71049,690.8,45.81,0.17,22.79,0.01,21.57,41.66,58.86,28.45,0,low,Arunachal Pradesh
31.17779,76.94038,2291.0,53.09,3.71,31.02,0.18,19.16,11.85,92.44,34.02,0,low,Himachal Pradesh
26.06009,91.63063,359.0,26.7,30.34,76.44,1.94,43.14,40.62,69.78,29.68,0,low,Assam
25.35978,91.89688,1920.1,49.76,35.71,118.53,4.01,40.85,43.02,76.21,46.9,1,moderate,Meghalaya
25.77118,93.97344,1331.6,43.98,28.94,112.58,4.6,50.16,59.06,95.89,46.58,1,moderate,Nagaland
26.1622,91.75637,50.0,38.16,99.0,295.92,23.62,92.0,88.74,67.86,83.62,3,critical,Assam
25.44406,91.90582,2042.7,33.24,8.68,24.94,0.42,26.64,22.09,83.88,24.16,0,low,Meghalaya
11.76438,76.26163,771.2,49.62,113.78,300.84,14.58,89.94,90.0,100.0,95.73,3,critical,Kerala
25.73276,93.97178,1652.4,38.51,11.64,28.38,0.5,30.24,13.34,84.69,24.86,0,low,Nagaland
31.15552,77.207,2409.4,42.64,26.11,121.24,1.88,72.68,41.24,84.87,46.79,1,moderate,Himachal Pradesh
25.48788,91.72066,1897.3,45.18,40.39,109.02,4.95,62.82,51.98,81.3,43.92,1,moderate,Meghalaya
27.35839,88.65723,1701.8,44.54,143.96,371.34,19.32,85.68,78.78,98.69,93.6,3,critical,Sikkim
11.60819,76.1846,1031.4,50.28,16.73,121.39,1.88,49.0,57.88,100.0,55.38,1,moderate,Kerala
25.59171,93.93445,1387.8,53.2,10.45,32.01,0.6,35.76,30.2,68.23,35.68,0,low,Nagaland
27.36371,88.52878,1743.5,65.1,28.06,109.98,2.04,54.85,66.76,87.62,60.55,2,high,Sikkim
11.60154,76.16585,1065.0,48.98,105.41,450.0,32.97,88.82,94.74,84.13,100.0,3,critical,Kerala
25.36652,91.66465,1485.3,44.85,3.38,17.78,0.14,42.78,14.12,92.23,35.19,0,low,Meghalaya
27.30455,88.60586,1546.9,60.79,37.03,96.36,2.49,53.62,41.79,70.03,55.48,1,moderate,Sikkim
27.17057,93.74292,362.5,40.77,0.29,0.31,0.02,40.27,15.99,60.11,23.95,0,low,Arunachal Pradesh
26.06436,91.85881,298.4,45.67,127.74,319.01,22.25,85.21,78.8,71.0,89.65,3,critical,Assam
25.26788,91.65945,1405.5,42.04,42.83,104.97,2.77,53.38,31.06,86.6,45.93,1,moderate,Meghalaya
23.32774,93.32016,1723.8,47.33,47.41,131.05,3.18,51.85,59.83,70.63,47.0,1,moderate,Mizoram
31.05017,77.00227,2022.0,69.5,1.64,8.42,0.08,36.98,19.21,95.21,44.04,1,moderate,Himachal Pradesh
11.76515,76.1057,977.3,51.65,1.72,24.64,0.14,12.14,25.09,100.0,30.96,0,low,Kerala
27.37273,88.60339,1654.8,60.7,9.06,9.26,0.57,49.21,23.49,95.1,46.73,1,moderate,Sikkim
25.19282,91.86028,1387.3,60.72,1.28,14.46,0.05,28.63,20.25,97.43,39.5,0,low,Meghalaya
24.94862,93.9646,943.3,34.67,111.96,259.07,16.97,73.71,76.32,93.91,73.17,2,high,Manipur
24.91112,93.96423,657.2,38.27,2.69,27.02,0.13,34.16,27.9,93.95,28.63,0,low,Manipur
25.27603,91.60184,1393.1,41.25,212.09,620.83,52.69,95.06,83.64,100.0,100.0,3,critical,Meghalaya
27.32853,88.60061,1633.7,51.07,54.13,103.75,8.09,55.09,53.0,95.98,51.76,1,moderate,Sikkim
25.25011,91.78013,1436.8,52.99,4.71,6.28,0.24,50.0,36.86,97.63,40.56,1,moderate,Meghalaya
24.74141,93.93499,639.8,56.73,79.61,187.75,16.4,70.6,86.87,82.79,77.76,2,high,Manipur
31.06053,77.07053,2301.0,53.3,171.58,506.03,50.02,96.5,92.33,78.15,100.0,3,critical,Himachal Pradesh
11.60769,76.07297,740.2,53.84,53.02,122.52,5.18,53.88,65.21,92.49,59.63,1,moderate,Kerala
11.85809,76.1171,935.8,46.65,159.79,330.46,16.81,82.0,75.97,83.94,92.68,3,critical,Kerala
30.69755,79.03796,3495.2,55.04,2.54,50.03,0.14,38.94,13.87,94.14,36.61,0,low,Uttarakhand
25.69431,94.12535,1438.0,49.53,40.26,98.77,2.64,38.44,53.0,79.67,45.1,1,moderate,Nagaland
31.2336,77.23434,2264.2,37.59,121.8,339.11,19.21,79.19,60.28,84.19,79.6,2,high,Himachal Pradesh
25.50519,91.76481,1993.9,38.2,20.0,30.2,1.06,19.04,9.6,78.31,30.26,0,low,Meghalaya
11.67241,76.05683,1064.1,56.55,44.58,96.93,5.58,57.61,46.29,100.0,60.3,2,high,Kerala
11.65279,76.06362,1194.3,44.04,271.63,649.08,102.15,86.52,93.15,87.34,100.0,3,critical,Kerala
24.96994,93.77627,878.9,45.82,16.37,40.06,1.26,20.32,22.29,75.9,25.89,0,low,Manipur
30.70563,79.09742,3678.6,63.24,111.4,295.91,19.13,70.3,78.83,95.3,97.95,3,critical,Uttarakhand
23.46918,93.15829,1332.7,44.47,114.21,326.88,17.76,72.45,83.48,49.85,73.87,2,high,Mizoram
24.81683,94.02691,726.3,29.58,3.04,8.99,0.16,33.61,29.47,86.22,23.09,0,low,Manipur
25.78333,94.12427,1467.0,32.96,39.02,60.33,2.64,62.06,47.77,67.71,40.65,1,moderate,Nagaland
27.11053,93.62308,624.1,23.23,112.38,303.2,15.6,75.69,74.55,44.84,62.0,2,high,Arunachal Pradesh
26.13105,91.80608,269.8,11.71,45.42,110.44,3.7,35.0,61.0,75.14,37.87,0,low,Assam
27.37109,88.66998,1536.2,56.98,43.52,119.92,3.02,75.0,55.86,98.01,59.53,1,moderate,Sikkim
24.72215,93.98509,796.4,26.9,46.71,101.68,5.53,45.84,50.37,85.04,34.55,0,low,Manipur
25.7685,94.15648,1342.6,25.86,131.0,320.37,20.69,81.98,83.48,84.12,80.42,3,critical,Nagaland
30.77589,79.01312,3431.2,62.7,8.8,15.58,0.61,27.22,27.72,85.94,39.33,0,low,Uttarakhand
23.50224,93.24517,1672.8,42.55,22.16,111.8,1.8,75.0,46.79,64.47,49.01,1,moderate,Mizoram
27.21624,88.6272,1811.0,58.96,163.69,563.59,42.95,88.79,92.52,82.52,100.0,3,critical,Sikkim
31.10894,77.09347,2304.8,56.75,152.89,330.52,30.16,74.58,75.06,91.12,100.0,3,critical,Himachal Pradesh
30.89738,79.10594,3692.1,57.98,47.98,124.91,4.16,71.86,56.53,99.27,64.74,2,high,Uttarakhand
27.15965,88.25168,2065.0,52.29,44.47,93.02,4.4,56.26,70.0,92.73,59.13,1,moderate,West Bengal
26.19103,91.60548,50.0,32.4,132.87,357.07,27.47,84.22,79.46,63.35,87.08,3,critical,Assam
23.39747,93.23506,1592.8,36.37,1.01,1.72,0.06,28.98,28.96,67.14,22.45,0,low,Mizoram
11.61251,76.03227,1006.8,42.7,47.88,87.82,3.82,60.51,48.21,100.0,48.28,1,moderate,Kerala
27.01668,93.73225,705.7,38.19,19.52,23.63,0.88,35.62,27.98,55.81,26.97,0,low,Arunachal Pradesh
30.65845,79.02588,3447.5,38.07,139.07,356.03,18.81,80.04,57.4,88.68,83.35,3,critical,Uttarakhand
23.44477,93.2563,1831.8,40.07,43.57,80.94,3.62,67.41,43.44,70.85,50.24,1,moderate,Mizoram
30.64689,79.14486,3791.7,59.78,150.74,250.91,21.12,84.2,72.07,93.67,93.81,3,critical,Uttarakhand
26.97553,88.23002,2169.8,56.9,59.91,112.45,4.37,55.48,51.66,90.42,63.7,2,high,West Bengal
27.18283,88.50881,1658.3,44.56,160.49,361.08,33.0,85.46,67.96,65.25,96.54,3,critical,Sikkim
24.83657,93.84486,902.9,33.52,3.12,35.79,0.18,31.25,32.16,77.57,27.99,0,low,Manipur
25.46096,91.85822,1931.1,43.48,8.34,13.97,0.59,35.6,22.74,87.66,34.45,0,low,Meghalaya
27.00266,88.36124,1801.1,55.27,261.43,611.61,49.91,92.52,87.17,77.22,100.0,3,critical,West Bengal
25.29318,91.89603,1560.7,45.39,38.88,85.35,4.31,35.0,50.18,100.0,49.69,1,moderate,Meghalaya
25.61032,91.79428,1933.7,44.25,246.33,572.34,59.67,90.93,77.29,82.82,100.0,3,critical,Meghalaya
25.69367,94.08813,1068.6,42.52,4.61,15.76,0.25,34.94,33.45,68.61,35.59,0,low,Nagaland
24.8332,93.93916,837.0,48.02,122.93,252.39,25.25,65.0,69.91,84.48,74.9,2,high,Manipur
25.57317,94.19195,1332.6,41.58,34.52,103.18,3.3,53.94,47.98,83.08,46.69,1,moderate,Nagaland
25.59748,94.10056,1472.7,44.81,88.48,226.28,17.59,81.66,75.83,77.69,78.82,2,high,Nagaland
11.62466,76.18212,899.8,57.03,145.97,339.49,15.72,82.39,70.0,87.52,98.19,3,critical,Kerala
11.73039,76.12518,1143.4,36.1,142.22,401.11,16.12,75.95,70.13,73.58,85.72,3,critical,Kerala
27.13426,93.73482,1125.0,27.51,46.54,120.86,3.0,51.93,51.13,47.62,38.48,0,low,Arunachal Pradesh
31.06674,77.18402,2159.1,49.92,1.0,2.33,0.07,16.15,26.06,89.63,28.41,0,low,Himachal Pradesh
25.48186,91.79979,2010.9,31.33,50.0,120.99,5.33,47.08,47.0,83.02,38.73,0,low,Meghalaya
31.15686,77.0339,2319.1,51.96,203.54,515.03,41.03,90.26,84.82,100.0,100.0,3,critical,Himachal Pradesh
24.68647,93.7906,737.4,44.34,19.78,33.52,1.48,31.79,23.86,71.11,34.82,0,low,Manipur
23.48232,93.26431,1597.3,32.02,134.83,351.55,13.7,80.08,90.0,68.4,78.51,2,high,Mizoram
23.43146,93.24195,1518.4,45.25,51.92,98.2,8.44,50.58,57.72,79.22,54.54,1,moderate,Mizoram
26.12229,91.66567,360.2,49.38,136.33,296.87,30.21,88.27,67.52,53.82,89.6,3,critical,Assam
24.79175,93.88073,337.4,39.75,43.38,121.61,4.91,39.65,57.31,90.29,44.29,1,moderate,Manipur
25.58638,94.12344,1490.3,39.19,9.46,13.09,0.71,20.65,33.9,79.25,26.8,0,low,Nagaland
25.35076,91.6624,1205.1,47.27,53.22,114.42,4.07,66.39,46.54,91.3,50.91,1,moderate,Meghalaya
27.41631,88.43726,1575.1,37.91,8.2,29.06,0.57,25.27,28.64,86.72,29.35,0,low,Sikkim
25.66026,94.14947,1590.5,47.36,84.18,226.06,12.0,76.15,61.77,87.31,69.91,2,high,Nagaland
24.83036,93.99519,899.0,33.06,5.11,14.65,0.37,42.7,15.24,87.09,26.49,0,low,Manipur
24.75017,93.88745,865.9,27.98,51.35,105.39,8.52,54.17,49.52,82.79,48.01,1,moderate,Manipur
25.54424,91.93922,1889.5,55.42,62.87,121.57,5.33,75.0,41.23,73.32,58.46,1,moderate,Meghalaya
27.03545,88.14228,2130.9,39.35,63.64,201.59,14.38,93.38,70.21,75.11,69.99,2,high,West Bengal
27.33143,88.80803,1773.6,50.05,14.23,27.81,0.74,20.25,30.06,82.47,29.88,0,low,Sikkim
27.10497,93.605,889.1,27.64,0.09,3.72,0.01,32.84,18.18,56.1,12.14,0,low,Arunachal Pradesh
24.96,93.94425,777.9,45.19,44.3,136.0,4.3,46.41,44.46,96.38,45.17,1,moderate,Manipur
30.74526,78.97935,3447.8,59.76,49.29,112.22,7.37,53.4,53.48,96.43,59.41,1,moderate,Uttarakhand
11.64258,76.11676,779.5,36.93,141.62,358.22,16.12,80.88,78.37,84.82,81.96,3,critical,Kerala
25.25863,91.75709,1584.4,54.98,144.6,316.46,15.9,94.45,63.8,82.86,94.81,3,critical,Meghalaya
23.37656,93.34755,1673.4,33.51,32.75,71.96,3.38,54.26,70.0,67.84,42.69,1,moderate,Mizoram
25.29659,91.67012,1662.7,48.93,46.01,126.54,4.59,56.99,56.45,100.0,59.92,1,moderate,Meghalaya
30.72659,79.14182,3396.2,49.86,170.32,513.8,54.97,82.0,90.71,88.69,100.0,3,critical,Uttarakhand
26.99751,88.42823,2191.4,42.99,38.12,85.29,5.29,36.05,50.7,61.64,37.47,0,low,West Bengal
25.60562,91.93538,2104.1,51.75,9.71,32.28,0.54,26.44,14.24,100.0,33.23,0,low,Meghalaya
23.64212,93.29362,1530.6,47.51,117.79,227.24,24.83,71.62,69.78,75.98,82.29,3,critical,Mizoram
24.842,94.04232,1114.6,31.93,36.66,37.05,2.65,37.43,23.99,78.94,22.61,0,low,Manipur
25.55334,94.07807,1378.6,42.15,27.01,114.92,3.52,40.77,46.0,92.85,44.3,1,moderate,Nagaland
23.45923,93.27131,1740.7,41.72,123.32,328.77,18.8,79.29,68.0,76.91,76.37,2,high,Mizoram
30.69465,79.17868,3728.8,58.67,91.91,284.54,13.87,67.89,87.39,91.97,87.73,3,critical,Uttarakhand
25.6562,94.07605,1330.7,39.82,22.01,36.53,1.15,28.04,23.53,99.35,33.39,0,low,Nagaland
27.25917,88.54819,1346.8,53.36,84.35,304.58,16.3,81.5,77.73,87.71,81.36,3,critical,Sikkim
27.21214,88.63816,1473.5,57.03,11.45,16.14,0.53,19.49,22.47,84.02,29.36,0,low,Sikkim
30.64134,78.99921,3614.3,59.91,138.3,289.5,27.96,89.61,83.75,89.17,100.0,3,critical,Uttarakhand
25.34291,91.73846,1619.6,41.23,125.99,382.37,13.42,86.48,58.45,96.35,84.4,3,critical,Meghalaya
26.17777,91.74114,142.6,28.85,78.88,128.53,5.83,56.77,30.0,66.54,44.86,1,moderate,Assam
30.78079,79.06104,3393.0,45.87,94.09,234.62,21.98,71.91,76.86,85.07,70.94,2,high,Uttarakhand
25.54699,91.81153,1997.8,32.06,139.37,336.27,21.54,70.54,67.26,77.44,77.87,2,high,Meghalaya
27.22959,88.49272,1650.0,66.33,136.9,288.98,23.81,76.39,55.0,100.0,99.49,3,critical,Sikkim
27.29571,88.6955,1594.2,64.52,39.09,109.32,3.82,67.85,52.59,93.39,65.85,2,high,Sikkim
25.58882,91.90798,2017.6,40.54,52.4,105.31,3.71,48.45,60.89,99.65,49.8,1,moderate,Meghalaya
25.28159,91.73191,1377.3,60.51,9.08,48.59,0.39,45.32,27.94,85.45,39.5,0,low,Meghalaya
25.27847,91.77675,1726.5,35.49,4.35,38.03,0.19,31.04,23.49,100.0,31.49,0,low,Meghalaya
25.6576,94.08691,1209.5,37.3,270.15,630.67,112.81,94.28,83.87,77.46,100.0,3,critical,Nagaland
30.8121,79.05608,3559.0,60.79,5.56,12.67,0.32,17.64,43.71,95.15,40.21,1,moderate,Uttarakhand
26.95343,88.18883,2091.2,33.27,26.42,34.8,1.96,43.73,32.38,62.26,25.79,0,low,West Bengal
11.6824,76.07602,813.4,52.5,149.73,353.79,20.99,88.62,80.41,89.79,100.0,3,critical,Kerala
31.07689,77.14322,2334.8,50.75,68.11,119.6,5.45,58.32,56.03,89.95,64.27,2,high,Himachal Pradesh
25.2843,91.82834,1520.5,41.2,48.97,116.55,3.74,59.53,62.18,100.0,55.56,1,moderate,Meghalaya
23.4159,93.46018,1895.6,39.8,41.91,91.85,4.23,43.08,68.83,53.16,38.63,0,low,Mizoram
31.03905,77.09654,2358.4,60.26,168.08,331.6,17.87,89.36,62.58,94.26,100.0,3,critical,Himachal Pradesh
27.08369,88.26789,2048.2,49.75,5.36,41.39,0.3,20.82,15.38,79.24,31.88,0,low,West Bengal
25.29571,91.76375,1672.1,51.63,59.46,140.4,4.36,61.84,47.02,90.05,63.17,2,high,Meghalaya
26.21629,91.68263,171.9,35.55,116.24,354.23,20.88,79.9,73.01,82.31,79.19,2,high,Assam
30.61726,78.97817,3809.0,68.17,44.65,93.58,3.43,61.49,61.49,94.87,66.45,2,high,Uttarakhand
25.60123,91.98822,1997.8,39.96,117.51,269.47,12.69,83.46,80.04,71.36,75.49,2,high,Meghalaya
31.10496,77.21825,2343.0,51.44,153.51,572.35,64.61,94.24,79.76,97.67,100.0,3,critical,Himachal Pradesh
25.21662,91.67136,1594.4,51.4,103.82,259.92,14.99,95.0,80.23,79.64,83.31,3,critical,Meghalaya
24.84704,93.91412,846.4,47.83,10.82,30.53,0.6,23.09,27.66,83.39,35.99,0,low,Manipur
27.45165,88.58896,1723.1,58.34,124.34,334.55,12.82,75.18,90.0,100.0,92.33,3,critical,Sikkim
25.62154,93.96205,1458.3,48.31,2.97,7.41,0.16,40.88,32.25,72.63,31.87,0,low,Nagaland
27.24469,88.60464,1691.6,49.92,144.62,272.56,22.01,83.42,78.58,92.1,96.89,3,critical,Sikkim
23.38767,93.32944,1516.9,39.79,50.85,93.43,6.12,38.91,41.03,77.61,39.28,0,low,Mizoram
25.38693,91.7928,2095.5,20.08,52.82,115.65,5.63,70.98,62.75,94.5,50.91,1,moderate,Meghalaya
27.36626,88.57014,2053.5,47.45,31.88,103.63,3.87,63.05,36.2,85.52,52.14,1,moderate,Sikkim
11.72495,76.19763,989.9,56.22,116.96,319.03,24.17,72.15,78.03,93.94,95.87,3,critical,Kerala
30.84933,79.01185,3539.1,62.46,11.42,15.73,0.53,47.79,24.48,100.0,50.89,1,moderate,Uttarakhand
24.86256,93.8516,667.4,34.78,137.01,337.25,18.16,92.94,71.66,58.02,87.19,3,critical,Manipur
27.19761,88.24238,1931.9,44.66,12.26,12.97,0.51,29.56,15.67,89.09,32.84,0,low,West Bengal
27.11189,88.36016,1873.9,44.23,129.74,382.27,15.38,80.52,69.71,81.8,89.4,3,critical,West Bengal
25.54452,91.86001,1928.7,51.15,55.69,106.15,5.84,64.73,51.49,86.2,57.25,1,moderate,Meghalaya
27.43583,88.56587,1370.1,45.92,152.9,384.81,57.67,91.82,88.51,100.0,100.0,3,critical,Sikkim
27.14948,93.64391,914.7,42.16,114.33,250.31,20.65,76.0,85.27,48.3,75.91,2,high,Arunachal Pradesh
31.16654,77.21884,2315.6,39.87,5.53,16.79,0.32,30.96,27.45,98.72,26.57,0,low,Himachal Pradesh
11.7573,76.14477,974.7,44.9,215.15,606.47,71.32,87.82,97.29,91.42,100.0,3,critical,Kerala
25.53136,91.86096,2095.2,44.67,110.26,331.17,26.94,82.42,71.38,75.51,87.37,3,critical,Meghalaya
11.63923,76.13692,868.4,44.21,59.93,250.02,10.64,70.34,90.0,85.05,69.92,2,high,Kerala
23.52495,93.38376,1474.1,54.25,11.19,36.25,0.74,24.04,22.86,68.03,32.48,0,low,Mizoram
27.18375,88.73939,1598.6,45.82,1.78,17.14,0.08,44.85,33.69,94.92,30.52,0,low,Sikkim
27.3181,88.64845,1878.1,52.81,45.27,123.59,4.14,63.03,51.47,90.15,61.28,2,high,Sikkim
30.70099,79.25894,3467.9,62.58,3.47,11.65,0.18,16.61,7.81,92.89,39.83,0,low,Uttarakhand
25.54129,91.88146,1883.6,34.6,35.84,38.34,1.72,23.05,23.1,70.96,29.03,0,low,Meghalaya
30.76965,78.99664,3545.3,59.13,43.78,102.29,2.77,64.75,45.78,100.0,60.49,2,high,Uttarakhand
23.52544,93.23185,1543.8,32.39,34.19,96.11,2.95,35.0,31.38,81.88,38.04,0,low,Mizoram
31.18707,77.25366,2317.1,41.82,21.23,54.96,1.92,62.54,66.84,81.83,41.2,1,moderate,Himachal Pradesh
23.41096,93.36831,1803.9,41.7,262.55,524.01,91.81,92.7,88.14,76.47,100.0,3,critical,Mizoram
30.97895,77.10941,1971.6,74.72,12.85,68.92,0.55,37.6,31.18,80.18,52.45,1,moderate,Himachal Pradesh
26.16558,91.71538,167.8,47.5,110.86,280.82,18.65,91.18,81.87,66.17,89.67,3,critical,Assam
27.13373,93.35984,507.8,32.31,23.37,55.86,1.11,16.62,11.55,37.33,16.39,0,low,Arunachal Pradesh
26.27069,91.64669,50.0,27.75,68.12,87.37,6.18,75.0,57.95,71.07,52.51,1,moderate,Assam
26.23844,91.62293,349.9,37.92,150.2,287.79,22.81,74.13,65.02,72.27,82.1,3,critical,Assam
25.2663,91.73913,1439.3,40.58,22.54,95.39,2.2,64.65,37.58,90.48,42.34,1,moderate,Meghalaya
30.76607,79.04043,3596.8,52.42,48.79,98.35,3.51,54.46,48.05,97.37,51.43,1,moderate,Uttarakhand
27.37901,88.60337,1601.9,53.33,270.68,663.27,132.12,82.95,84.69,98.25,100.0,3,critical,Sikkim
25.40816,91.69803,1463.7,55.46,67.18,293.84,14.74,75.42,69.48,80.65,87.36,3,critical,Meghalaya
26.27251,91.88399,127.1,54.38,51.01,105.1,5.13,65.91,70.0,66.81,57.01,1,moderate,Assam
25.96533,94.11139,1457.4,33.67,215.86,482.66,50.53,94.42,75.0,66.28,100.0,3,critical,Nagaland
26.08345,91.7164,50.0,21.01,55.41,129.32,3.96,64.12,62.19,67.54,42.64,1,moderate,Assam
27.30928,88.48505,1579.8,42.83,121.0,351.79,21.49,81.34,78.06,83.66,91.2,3,critical,Sikkim
30.67924,79.06007,3431.7,62.29,28.42,99.53,3.06,63.1,62.57,93.49,55.99,1,moderate,Uttarakhand
27.25874,88.61445,1922.5,62.78,143.87,278.82,22.39,85.18,75.69,96.27,98.14,3,critical,Sikkim
27.05445,88.17216,1795.0,44.77,15.55,66.95,1.36,73.35,64.58,77.85,47.21,1,moderate,West Bengal
24.8185,93.93225,398.0,37.05,41.82,104.84,2.95,50.36,42.44,84.65,38.41,0,low,Manipur
11.66909,76.16666,872.0,57.14,82.98,232.99,12.91,77.21,73.04,83.38,80.12,3,critical,Kerala
25.74791,91.73208,2065.1,51.33,54.07,55.97,4.44,27.96,22.68,92.13,44.77,1,moderate,Meghalaya
26.13911,91.84234,406.2,37.08,233.38,570.56,42.1,86.56,93.09,48.73,100.0,3,critical,Assam
27.18442,88.42411,1998.5,35.78,46.78,91.76,3.7,58.07,46.53,77.69,40.34,1,moderate,West Bengal
11.68411,76.21344,735.6,54.37,5.5,14.2,0.36,14.68,34.49,93.59,35.8,0,low,Kerala
11.70853,76.18878,1004.5,52.93,91.75,204.89,12.05,79.16,76.6,85.99,76.4,2,high,Kerala
23.51766,93.36677,1883.9,47.09,48.45,105.1,7.04,55.65,59.22,82.6,55.06,1,moderate,Mizoram
31.06992,77.19858,2282.4,49.42,51.08,97.15,4.61,52.74,36.11,82.24,51.43,1,moderate,Himachal Pradesh
24.95937,93.76243,636.4,35.39,123.39,256.14,28.02,80.41,84.04,70.99,78.41,2,high,Manipur
31.06321,77.27094,2230.6,49.32,67.21,103.62,5.02,64.98,45.5,86.12,54.81,1,moderate,Himachal Pradesh
27.2677,88.56923,1223.4,40.83,45.45,85.95,2.85,58.33,54.33,94.0,49.03,1,moderate,Sikkim
26.01473,91.75516,50.0,23.75,92.85,253.1,17.19,87.81,71.19,66.69,68.63,2,high,Assam
25.3137,91.73051,1364.5,47.12,0.24,21.41,0.01,26.3,29.49,91.29,30.7,0,low,Meghalaya
27.01326,88.18709,2043.2,35.57,197.71,461.66,61.39,90.18,83.42,79.41,100.0,3,critical,West Bengal
11.86152,76.08453,912.1,48.84,62.47,103.73,4.71,35.0,59.29,92.64,52.12,1,moderate,Kerala
25.6179,91.8939,1845.0,57.19,0.48,17.05,0.02,19.64,28.16,85.7,34.16,0,low,Meghalaya
26.06625,91.80507,50.0,38.4,63.64,127.53,4.78,56.74,50.62,69.43,48.33,1,moderate,Assam
25.55725,91.8418,1894.9,33.07,51.89,106.02,5.61,59.6,53.59,92.9,44.52,1,moderate,Meghalaya
25.49696,91.90732,1972.9,39.69,175.38,528.31,53.79,98.36,81.83,86.46,100.0,3,critical,Meghalaya
27.08655,93.72175,1039.9,17.65,93.16,274.68,14.36,87.23,80.19,64.52,69.66,2,high,Arunachal Pradesh
25.63555,94.19144,1440.7,36.67,13.04,23.08,0.74,22.19,20.78,78.32,21.79,0,low,Nagaland
23.47821,93.30744,1571.4,44.5,61.68,136.97,5.1,41.67,41.83,78.85,52.51,1,moderate,Mizoram
24.80876,93.97176,1125.8,37.39,9.95,30.68,0.43,27.62,27.08,64.32,27.87,0,low,Manipur
23.44211,93.38284,1805.1,41.31,144.37,317.27,16.36,82.2,90.0,80.01,83.7,3,critical,Mizoram
25.11988,91.77958,1334.7,38.48,42.23,137.47,3.36,51.61,56.52,87.01,43.84,1,moderate,Meghalaya
30.7883,79.06607,3593.6,63.6,43.06,120.39,3.08,40.55,47.66,90.21,57.64,1,moderate,Uttarakhand
26.16951,91.73505,50.0,38.19,120.97,301.0,22.36,79.5,62.86,84.85,83.38,3,critical,Assam
26.98019,88.36481,1954.3,53.88,0.45,10.86,0.02,22.54,19.94,98.12,33.33,0,low,West Bengal
30.61336,78.9501,3678.6,61.92,1.51,21.05,0.07,37.0,24.21,79.44,43.35,1,moderate,Uttarakhand
11.7159,76.09318,1184.2,54.03,148.19,518.12,34.08,97.34,91.2,86.61,100.0,3,critical,Kerala
24.69295,93.96456,592.8,32.3,20.39,94.1,1.51,65.44,48.32,72.92,40.54,1,moderate,Manipur
30.74589,79.15717,3585.3,62.19,111.25,335.78,27.44,77.34,81.25,97.93,100.0,3,critical,Uttarakhand
30.72539,79.12301,3697.9,49.01,177.32,488.92,30.49,85.46,93.18,79.52,100.0,3,critical,Uttarakhand
25.23428,91.79851,1462.1,38.03,50.78,115.4,3.19,45.29,50.58,93.39,41.87,1,moderate,Meghalaya
30.63738,79.07461,3703.7,72.52,18.73,22.49,0.89,38.47,27.06,91.35,52.59,1,moderate,Uttarakhand
23.67082,93.19425,1888.5,40.25,31.2,41.28,2.26,32.7,12.11,69.33,32.26,0,low,Mizoram
26.20968,91.53944,83.2,26.18,0.6,10.56,0.03,25.82,9.83,71.15,14.77,0,low,Assam
27.26343,88.5232,1479.7,55.24,6.33,68.43,0.45,61.96,35.21,84.84,41.57,1,moderate,Sikkim
25.5741,94.1375,1338.9,39.28,11.84,44.82,0.95,50.0,39.11,89.17,31.81,0,low,Nagaland
27.44828,88.52627,1697.6,53.24,3.19,8.49,0.17,43.76,23.11,91.81,37.7,0,low,Sikkim
31.0884,77.07985,2239.6,40.3,99.65,359.66,10.81,77.2,67.04,97.13,80.8,3,critical,Himachal Pradesh
26.9943,88.28879,1942.1,48.94,164.11,567.91,38.87,94.26,96.96,71.46,100.0,3,critical,West Bengal
27.33103,88.58542,1652.5,54.84,209.7,654.86,50.46,98.69,83.4,94.27,100.0,3,critical,Sikkim
27.13855,93.63709,659.3,33.85,53.27,129.4,6.86,56.86,44.79,62.44,45.38,1,moderate,Arunachal Pradesh
26.10979,91.81489,191.3,43.06,222.61,551.01,49.63,90.35,77.16,57.19,100.0,3,critical,Assam
23.47859,93.29466,1484.4,56.34,2.63,13.41,0.16,28.96,31.24,81.27,36.86,0,low,Mizoram
30.6897,79.10891,3438.7,75.0,117.89,274.86,18.13,77.17,56.67,91.16,100.0,3,critical,Uttarakhand
27.11489,93.78889,674.1,46.26,84.85,168.41,6.61,54.81,67.0,58.0,55.01,1,moderate,Arunachal Pradesh
25.57293,91.79469,2129.1,48.44,220.4,570.94,68.56,97.77,86.11,92.81,100.0,3,critical,Meghalaya
26.99651,88.3425,1967.0,52.69,128.61,288.62,31.04,65.0,83.08,67.8,86.84,3,critical,West Bengal
27.14251,93.70096,888.5,47.4,3.21,4.68,0.15,32.05,32.06,62.71,29.01,0,low,Arunachal Pradesh
25.54577,91.92906,1789.5,42.7,187.69,545.16,81.08,86.49,80.07,86.86,100.0,3,critical,Meghalaya
23.40181,93.33988,1964.7,56.14,255.07,664.64,78.77,84.35,91.47,73.95,100.0,3,critical,Mizoram
27.08554,93.5584,930.0,29.02,5.42,19.91,0.25,34.68,18.82,65.16,22.44,0,low,Arunachal Pradesh
27.06589,93.53754,720.8,43.8,138.31,315.48,16.86,76.01,78.03,57.87,84.37,3,critical,Arunachal Pradesh
24.75247,93.96498,586.8,39.57,11.55,21.82,0.88,20.53,32.77,91.99,27.77,0,low,Manipur
23.52523,93.37208,1710.2,57.74,60.03,142.19,6.58,58.67,47.47,82.61,62.14,2,high,Mizoram
31.07884,77.17669,2339.5,57.81,3.25,11.6,0.17,34.83,20.87,83.15,38.58,0,low,Himachal Pradesh
31.17441,77.14003,2473.7,55.72,76.26,230.25,14.41,91.22,83.53,81.36,88.47,3,critical,Himachal Pradesh
27.33623,88.73353,1707.8,30.34,154.75,463.29,52.07,90.11,83.36,91.1,100.0,3,critical,Sikkim
31.03111,77.25013,2206.7,51.03,125.71,326.84,21.69,78.52,76.1,88.63,87.42,3,critical,Himachal Pradesh
30.77634,78.95384,3424.5,54.4,59.73,131.81,7.56,54.93,45.84,100.0,57.16,1,moderate,Uttarakhand
25.41926,91.76791,1251.3,53.25,56.81,132.21,3.92,70.22,58.22,84.2,67.58,2,high,Meghalaya
24.71512,93.92335,731.6,32.41,49.41,96.45,2.67,27.19,27.31,89.13,35.44,0,low,Manipur
27.04824,88.27627,1939.2,37.21,10.69,46.24,0.66,44.93,37.13,80.87,38.36,0,low,West Bengal
31.11178,77.26609,2474.3,43.63,8.74,25.74,0.65,32.82,21.92,92.64,32.26,0,low,Himachal Pradesh
25.71772,93.95933,1249.3,60.61,15.6,58.61,1.01,52.65,32.08,67.95,44.8,1,moderate,Nagaland
31.19703,77.12483,2240.4,57.25,44.82,83.68,3.03,57.83,53.12,79.74,53.71,1,moderate,Himachal Pradesh
25.93776,91.66326,74.5,38.68,90.54,312.69,9.15,86.62,78.39,56.8,74.47,2,high,Assam
31.24227,77.30977,2401.3,46.21,55.82,104.84,5.96,46.91,52.48,86.62,52.57,1,moderate,Himachal Pradesh
26.14477,91.58486,56.0,37.49,137.67,296.94,19.39,82.73,56.48,74.1,78.7,2,high,Assam
27.06641,93.76899,764.3,50.11,35.54,95.13,3.82,49.02,70.0,43.41,46.68,1,moderate,Arunachal Pradesh
25.30266,91.59379,1584.4,51.78,59.74,99.67,3.94,61.12,31.59,94.05,51.84,1,moderate,Meghalaya
27.2157,93.67584,665.4,30.33,47.21,194.35,5.96,77.86,62.98,64.38,56.8,1,moderate,Arunachal Pradesh
30.69483,79.11347,3617.6,46.65,5.42,18.98,0.28,35.22,35.19,73.59,32.87,0,low,Uttarakhand
31.20364,77.23733,2561.9,57.02,184.27,441.27,41.14,91.78,81.54,97.99,100.0,3,critical,Himachal Pradesh
25.63654,93.97359,1735.4,26.92,46.6,111.8,4.71,48.92,38.81,74.4,31.43,0,low,Nagaland
31.22253,77.18486,2152.6,38.73,184.75,526.08,37.58,91.11,93.02,90.98,100.0,3,critical,Himachal Pradesh
23.42155,93.35659,1709.1,38.64,97.43,261.63,19.28,77.94,79.47,72.34,76.8,2,high,Mizoram
25.59822,94.06594,1399.7,49.07,88.9,247.46,14.54,84.08,76.16,86.32,76.51,2,high,Nagaland
27.44938,88.58971,1477.7,50.02,51.61,84.73,4.92,51.96,52.04,83.22,47.67,1,moderate,Sikkim
11.72063,76.09198,917.5,47.3,31.31,43.53,1.8,38.94,41.59,89.14,40.66,1,moderate,Kerala
26.15648,91.86953,392.2,30.22,50.32,112.96,4.12,35.0,60.0,78.46,38.23,0,low,Assam
26.99585,88.25546,2298.9,45.54,0.12,18.97,0.01,28.27,17.61,78.02,30.81,0,low,West Bengal
26.07793,91.8128,120.1,37.72,220.88,549.98,61.65,85.55,98.0,65.63,100.0,3,critical,Assam
26.97988,88.2123,2202.5,54.43,1.68,24.41,0.1,34.26,30.86,100.0,34.86,0,low,West Bengal
25.39027,91.80019,1396.9,48.22,4.32,4.82,0.33,10.0,16.99,93.67,27.68,0,low,Meghalaya
27.12154,93.59455,686.9,24.74,1.14,15.1,0.05,41.46,22.64,55.62,21.86,0,low,Arunachal Pradesh
11.61419,76.19436,802.9,47.99,33.7,104.34,3.34,55.08,41.65,93.45,50.34,1,moderate,Kerala
27.26675,88.63829,1759.9,47.91,26.17,44.33,1.54,39.1,13.92,89.7,43.82,1,moderate,Sikkim
23.5145,93.39124,1636.9,32.49,128.59,336.23,17.37,82.71,90.0,62.3,83.66,3,critical,Mizoram
27.23059,88.65226,1601.6,57.66,39.21,114.72,3.45,56.05,44.1,99.14,57.91,1,moderate,Sikkim
27.12229,93.53586,694.5,27.58,1.09,15.21,0.06,14.25,17.65,67.28,15.56,0,low,Arunachal Pradesh
24.79619,93.99691,591.2,42.43,110.96,298.44,17.68,81.53,80.61,83.19,86.52,3,critical,Manipur
11.85519,76.13469,1072.9,54.22,264.64,642.13,58.92,99.0,84.31,93.38,100.0,3,critical,Kerala
31.13772,77.30982,2479.9,47.3,77.53,192.55,8.54,94.24,75.44,81.61,79.35,2,high,Himachal Pradesh
11.77105,76.12556,866.7,37.6,120.33,278.07,18.55,71.69,69.22,88.85,76.77,2,high,Kerala
25.55638,91.90273,2173.2,35.01,38.21,105.64,2.72,44.43,56.44,84.11,41.49,1,moderate,Meghalaya
26.18442,91.83602,239.8,36.45,5.11,23.82,0.41,27.38,13.11,57.96,23.68,0,low,Assam
25.19045,91.74996,1252.5,45.98,7.06,32.34,0.3,37.97,30.16,100.0,35.98,0,low,Meghalaya
27.11706,93.65582,742.7,42.11,23.91,40.44,1.23,10.0,29.01,70.94,26.24,0,low,Arunachal Pradesh
23.42571,93.24696,1836.5,58.83,237.6,654.98,43.66,95.97,91.49,74.47,100.0,3,critical,Mizoram
25.16013,91.77159,1710.3,51.36,45.13,130.86,5.86,47.68,34.37,94.21,49.31,1,moderate,Meghalaya
30.7865,79.2626,3706.2,63.2,11.16,14.74,0.82,34.9,33.45,100.0,42.03,1,moderate,Uttarakhand
11.6999,76.08613,999.6,46.58,105.56,235.14,11.78,81.66,63.2,83.08,75.71,2,high,Kerala
25.55158,94.09956,1574.4,31.16,26.76,67.39,3.79,54.31,63.93,77.48,37.82,0,low,Nagaland
23.40706,93.32657,1651.2,52.2,78.84,287.81,14.63,91.61,83.96,81.21,82.51,3,critical,Mizoram
27.10701,93.68344,940.1,35.19,0.13,14.95,0.01,50.0,30.82,41.93,29.54,0,low,Arunachal Pradesh
26.21202,91.61205,497.0,44.53,95.15,323.22,17.92,82.21,62.08,70.01,78.54,2,high,Assam
26.18889,91.63937,50.0,35.5,161.55,461.74,28.56,97.21,97.0,56.43,97.65,3,critical,Assam
27.13108,93.58056,482.4,28.58,27.25,46.42,1.16,13.96,27.83,49.62,22.65,0,low,Arunachal Pradesh
25.47471,91.7536,2006.3,37.62,3.92,10.02,0.32,30.35,33.72,99.95,27.11,0,low,Meghalaya
24.80368,93.8766,695.7,54.24,0.33,35.39,0.02,35.77,33.58,86.98,40.18,1,moderate,Manipur
25.5173,91.96524,2114.3,43.69,14.92,23.44,1.04,39.61,37.12,82.28,37.79,0,low,Meghalaya
24.81318,93.98648,606.6,40.14,157.27,316.46,28.4,87.57,80.05,86.24,98.05,3,critical,Manipur
25.53239,91.84336,1914.4,29.62,44.39,112.36,6.0,57.94,48.37,87.11,41.77,1,moderate,Meghalaya
27.39878,88.52227,1778.4,48.2,35.85,108.66,4.26,46.35,56.4,82.49,53.43,1,moderate,Sikkim
25.57645,91.80654,2098.3,51.49,37.64,132.85,3.61,53.49,37.33,77.09,48.25,1,moderate,Meghalaya
27.1737,93.67362,812.1,24.64,8.81,32.54,0.39,21.76,9.51,49.35,12.98,0,low,Arunachal Pradesh
11.59868,76.10984,1183.0,57.56,89.67,342.55,18.82,86.64,70.45,80.31,96.8,3,critical,Kerala
30.76216,79.0646,3759.6,51.82,13.8,39.8,0.8,34.48,28.63,69.38,40.67,1,moderate,Uttarakhand
25.26795,91.58847,1325.8,44.73,124.57,279.52,22.02,80.12,71.72,87.81,84.84,3,critical,Meghalaya
26.10107,91.66711,50.0,20.54,4.67,33.7,0.26,38.74,25.03,59.79,22.07,0,low,Assam
11.57938,76.25047,1128.9,47.04,31.38,53.77,2.2,68.0,52.85,88.76,39.54,0,low,Kerala
23.45602,93.30484,1691.8,43.96,16.49,93.49,1.53,42.63,44.39,64.34,38.51,0,low,Mizoram
26.96324,93.52272,681.2,28.19,66.22,119.55,10.3,50.74,49.92,57.67,42.18,1,moderate,Arunachal Pradesh
30.73148,79.11744,3591.6,54.49,32.87,122.35,2.19,50.34,44.27,100.0,51.0,1,moderate,Uttarakhand
27.22455,88.65879,1706.7,66.03,21.47,33.82,1.11,27.69,26.36,99.74,48.6,1,moderate,Sikkim
27.07681,88.27653,2147.9,58.38,71.14,129.31,6.41,49.13,45.45,85.41,60.11,2,high,West Bengal
25.65596,93.93225,1295.3,39.01,144.61,344.76,16.64,84.43,55.0,73.45,83.87,3,critical,Nagaland
30.78419,79.0742,3643.6,46.35,49.43,121.2,3.28,48.64,47.57,98.66,49.8,1,moderate,Uttarakhand
25.22788,91.68811,1315.4,55.01,54.67,128.34,3.57,54.36,44.3,86.32,53.3,1,moderate,Meghalaya
11.78939,76.1153,873.0,55.85,10.87,27.17,0.62,31.0,5.0,98.25,36.1,0,low,Kerala
27.37722,88.60182,1456.6,57.88,120.65,352.87,24.36,68.22,66.6,80.24,90.04,3,critical,Sikkim
25.33953,91.69356,1296.6,55.64,286.27,540.97,123.62,85.6,76.52,99.01,100.0,3,critical,Meghalaya
25.18692,91.5995,1244.4,48.88,129.4,302.52,23.07,78.64,63.46,100.0,83.78,3,critical,Meghalaya
25.51075,91.91034,2039.2,52.7,129.19,303.1,13.21,74.87,56.96,84.34,85.07,3,critical,Meghalaya
26.96828,88.10395,2270.2,38.76,43.41,111.61,6.67,57.7,52.57,78.48,49.21,1,moderate,West Bengal
25.11239,91.80141,1248.3,53.85,0.4,0.95,0.03,20.46,21.74,92.11,34.82,0,low,Meghalaya
24.76211,93.89577,857.3,38.45,179.36,328.55,24.23,73.78,68.21,77.35,89.91,3,critical,Manipur
27.16704,88.10734,2072.1,45.72,129.73,309.91,18.12,73.9,78.59,75.51,85.37,3,critical,West Bengal
25.61798,93.97133,1281.0,42.43,5.98,14.19,0.44,25.25,27.85,59.01,22.9,0,low,Nagaland
26.0413,91.75019,170.9,27.07,17.45,68.82,1.12,75.0,62.9,65.41,37.72,0,low,Assam
26.13403,91.68098,195.5,32.59,32.23,87.64,2.59,58.76,67.34,68.51,45.11,1,moderate,Assam
26.15783,91.77127,50.0,27.47,206.44,617.26,35.33,87.68,98.0,89.66,100.0,3,critical,Assam
11.64619,76.09982,844.3,38.71,48.32,144.45,4.2,65.88,54.68,86.02,55.74,1,moderate,Kerala
31.19562,77.16104,2318.1,55.92,51.51,110.77,3.56,55.05,64.02,84.31,55.22,1,moderate,Himachal Pradesh
27.20479,93.70274,604.7,29.08,8.11,42.54,0.52,17.91,24.76,71.25,23.0,0,low,Arunachal Pradesh
27.23917,88.58906,1938.7,49.53,5.36,28.5,0.32,44.32,25.57,88.74,43.14,1,moderate,Sikkim
25.75914,94.13215,1490.7,55.32,229.45,580.58,53.28,85.03,81.5,83.35,100.0,3,critical,Nagaland
27.0945,93.68768,756.6,40.24,11.23,19.18,0.47,26.81,22.11,61.8,21.76,0,low,Arunachal Pradesh
27.11641,88.36988,2245.9,44.76,5.21,20.31,0.41,40.7,19.29,82.18,33.58,0,low,West Bengal
27.04689,93.73021,943.3,39.04,83.29,341.9,14.47,82.82,70.29,55.7,73.62,2,high,Arunachal Pradesh
26.03923,91.75858,50.0,34.79,60.24,110.11,4.32,75.0,40.34,65.2,54.73,1,moderate,Assam
23.54275,93.31062,1752.8,39.9,8.2,12.4,0.42,30.02,21.28,59.56,24.16,0,low,Mizoram
26.06986,91.8035,50.0,38.82,113.44,229.32,21.99,80.78,70.05,76.38,79.66,2,high,Assam
27.06113,93.73048,838.8,34.54,20.4,61.9,0.92,13.13,18.54,59.79,27.66,0,low,Arunachal Pradesh
30.74234,79.02608,3497.2,59.06,80.5,153.29,5.28,45.37,44.39,91.54,66.3,2,high,Uttarakhand
31.09696,77.15205,2335.3,33.4,31.85,104.02,3.17,63.33,45.64,88.49,44.12,1,moderate,Himachal Pradesh
11.81645,75.94704,1087.1,59.91,13.92,14.06,0.74,30.77,23.23,100.0,45.47,1,moderate,Kerala
11.65151,76.03261,1016.7,43.23,25.62,111.69,2.08,75.0,67.07,93.45,53.45,1,moderate,Kerala
27.50883,88.67474,2022.1,48.02,80.04,333.39,11.93,74.5,62.57,88.32,74.73,2,high,Sikkim
27.38885,88.56438,1715.5,52.91,43.55,99.34,6.0,50.6,46.76,87.67,52.27,1,moderate,Sikkim
23.48285,93.35165,1586.7,41.5,46.7,106.71,3.9,52.99,41.7,84.09,44.51,1,moderate,Mizoram
25.25037,91.6697,1296.6,41.47,130.23,358.61,18.56,84.3,72.35,91.38,96.5,3,critical,Meghalaya
30.70447,79.08206,3408.7,52.59,2.29,2.95,0.17,41.85,27.39,87.71,34.6,0,low,Uttarakhand
25.2978,91.73694,1483.4,49.53,10.99,25.63,0.57,44.47,45.0,96.05,37.03,0,low,Meghalaya
30.6124,79.06602,3705.3,51.8,13.05,23.19,0.75,39.2,33.81,100.0,39.3,0,low,Uttarakhand
27.34844,88.54803,1971.4,63.52,116.18,259.91,16.44,82.1,67.82,83.07,91.53,3,critical,Sikkim
25.6646,94.11224,1447.0,55.35,239.24,665.92,45.84,82.0,93.47,77.57,100.0,3,critical,Nagaland
25.57371,94.20613,1594.8,35.03,110.75,335.93,15.9,71.63,66.47,88.93,70.81,2,high,Nagaland
24.87861,93.96411,783.5,31.3,17.62,26.99,0.74,31.75,30.32,74.26,22.22,0,low,Manipur
27.25075,88.58706,1942.8,52.62,52.6,140.12,5.12,56.02,44.28,98.46,63.49,2,high,Sikkim
25.19116,91.65242,1446.6,42.99,3.8,5.17,0.24,10.0,31.38,95.95,21.55,0,low,Meghalaya
25.82616,94.11773,1312.5,42.48,56.51,56.51,4.71,40.61,44.23,68.5,45.91,1,moderate,Nagaland
25.71142,94.25423,1591.0,57.13,56.44,111.81,4.34,41.26,61.11,72.25,57.27,1,moderate,Nagaland
30.91972,77.14841,2260.0,37.89,119.36,290.93,19.83,90.37,59.7,84.49,82.33,3,critical,Himachal Pradesh
24.85477,94.00906,654.9,31.88,118.28,353.82,21.19,86.71,81.4,93.73,89.67,3,critical,Manipur
24.97081,93.93448,830.0,57.46,297.68,613.06,82.96,88.94,83.32,81.49,100.0,3,critical,Manipur
31.16317,77.11712,2005.5,47.15,69.14,308.36,8.15,91.71,77.93,95.1,81.76,3,critical,Himachal Pradesh
25.53395,91.993,1862.2,37.24,7.48,16.49,0.39,24.23,22.43,88.83,25.97,0,low,Meghalaya
27.37033,88.62229,1697.9,61.5,2.46,51.3,0.13,43.35,35.75,98.79,45.57,1,moderate,Sikkim
23.38095,93.31576,1480.7,37.99,64.47,309.13,7.01,87.64,70.36,82.09,70.22,2,high,Mizoram
25.97908,91.80434,100.9,31.45,7.1,20.33,0.48,29.94,31.97,58.14,22.83,0,low,Assam
25.66299,91.98313,1587.9,38.33,1.06,7.57,0.06,25.24,33.42,98.31,21.86,0,low,Meghalaya
11.65362,76.20071,1231.8,55.62,6.54,13.68,0.4,13.11,30.34,99.48,34.16,0,low,Kerala
25.54849,91.81898,1952.3,51.02,33.1,96.97,2.95,52.7,36.6,85.91,47.93,1,moderate,Meghalaya
11.67873,75.98098,1297.6,55.08,20.58,47.26,0.94,34.33,33.73,90.07,42.37,1,moderate,Kerala
24.79662,93.94945,745.8,34.01,20.27,32.85,1.13,17.96,21.78,78.75,25.97,0,low,Manipur
24.93097,94.06769,856.8,48.61,6.24,7.99,0.31,16.68,26.52,73.81,28.08,0,low,Manipur
24.9429,93.94684,570.2,27.3,47.02,86.28,4.97,35.0,46.37,82.9,37.67,0,low,Manipur
31.11895,77.24919,2411.5,61.71,14.81,18.21,0.79,18.36,20.82,100.0,39.72,0,low,Himachal Pradesh
11.62107,76.13951,1288.5,60.39,113.87,366.61,23.94,88.86,63.4,98.29,99.69,3,critical,Kerala
26.89402,88.30063,1918.2,59.18,39.54,87.64,2.81,58.44,55.54,77.82,58.78,1,moderate,West Bengal
30.61571,79.0036,3702.2,43.31,26.61,80.06,2.9,66.25,50.14,93.42,41.88,1,moderate,Uttarakhand
24.74983,93.86806,982.0,38.65,3.14,4.91,0.21,37.85,26.14,82.91,22.48,0,low,Manipur
24.8708,93.87775,872.1,41.92,2.83,8.63,0.16,23.16,21.34,85.29,25.04,0,low,Manipur
25.22762,91.77106,1444.6,55.75,5.57,31.13,0.25,26.72,25.04,86.38,36.34,0,low,Meghalaya
26.11318,91.62849,50.0,27.49,40.35,63.38,4.23,60.39,47.98,84.43,47.37,1,moderate,Assam
23.53273,93.25774,1639.0,53.88,121.95,379.97,14.01,74.77,75.66,75.41,88.05,3,critical,Mizoram
27.3741,88.52999,1812.5,62.58,211.65,376.73,48.6,93.07,85.77,81.97,100.0,3,critical,Sikkim
25.5527,91.96248,1869.7,33.94,1.73,26.85,0.13,12.07,22.84,87.03,17.75,0,low,Meghalaya
25.50877,91.91129,1863.1,37.11,65.3,92.26,5.91,52.13,53.1,80.78,48.21,1,moderate,Meghalaya
24.88439,93.92633,983.4,36.87,38.36,125.61,3.45,43.01,45.4,87.93,41.93,1,moderate,Manipur
31.16836,77.11092,2405.7,62.35,9.63,13.16,0.54,25.7,31.85,86.85,46.35,1,moderate,Himachal Pradesh
25.31703,91.77958,1143.3,48.74,33.62,98.57,4.96,74.22,56.86,88.25,56.34,1,moderate,Meghalaya
25.27781,91.66816,1433.7,51.98,59.39,143.4,3.96,75.0,70.0,100.0,63.9,2,high,Meghalaya
27.2635,88.57072,1857.7,55.17,267.97,529.74,84.85,98.0,82.22,82.33,100.0,3,critical,Sikkim
25.26936,91.8484,1441.6,41.11,53.08,105.32,5.51,46.98,59.26,100.0,54.94,1,moderate,Meghalaya
27.13296,93.60267,588.7,45.55,133.5,325.18,19.41,88.63,72.14,65.33,86.51,3,critical,Arunachal Pradesh
27.29806,88.68255,1593.6,54.09,102.84,350.81,10.29,74.41,84.85,95.33,89.35,3,critical,Sikkim
27.39269,88.64539,1837.8,51.02,109.59,305.09,18.3,95.0,77.19,86.07,96.63,3,critical,Sikkim
27.53368,88.74698,1571.6,40.39,91.59,300.48,13.5,81.66,73.99,85.75,74.12,2,high,Sikkim
26.01114,91.7609,111.8,33.75,46.3,136.25,7.36,56.48,51.12,65.63,50.04,1,moderate,Assam
27.03662,88.18005,1921.8,54.32,141.4,355.4,14.65,78.22,81.13,92.61,94.94,3,critical,West Bengal
11.70861,76.03274,1000.0,51.34,48.5,68.7,6.02,48.36,39.91,90.22,48.27,1,moderate,Kerala
26.08465,91.7692,264.0,37.4,110.2,306.85,11.58,74.11,62.16,83.93,74.55,2,high,Assam
23.30128,93.38132,1618.6,50.56,4.77,29.49,0.31,19.98,45.0,75.23,36.33,0,low,Mizoram
25.28688,91.72226,1348.3,51.19,153.1,319.67,37.03,90.77,78.08,91.7,98.48,3,critical,Meghalaya
26.99585,88.3327,1992.1,61.32,253.45,551.54,49.47,88.31,98.0,91.55,100.0,3,critical,West Bengal
27.13568,93.53261,976.0,33.79,135.85,305.98,14.18,78.37,70.18,54.17,72.76,2,high,Arunachal Pradesh
30.65995,79.05707,3432.4,56.65,42.99,105.76,3.29,49.15,39.19,88.29,61.13,2,high,Uttarakhand
23.22254,93.37125,1472.1,49.49,103.69,266.16,19.4,82.53,85.97,76.79,84.38,3,critical,Mizoram
27.31177,88.61765,1505.9,37.96,55.84,75.85,4.28,26.79,36.44,87.32,37.16,0,low,Sikkim
25.63894,94.0773,1634.4,52.16,3.85,10.19,0.26,32.22,24.66,82.27,30.64,0,low,Nagaland
27.09406,93.63982,758.1,34.23,3.65,19.65,0.2,45.65,18.43,51.91,26.73,0,low,Arunachal Pradesh
25.42465,91.94567,2104.0,48.31,34.4,83.77,3.73,44.25,45.76,79.97,43.51,1,moderate,Meghalaya
11.7913,76.18041,975.3,46.31,27.98,53.69,2.05,43.11,44.75,91.4,44.82,1,moderate,Kerala
11.60449,76.0004,978.0,56.63,121.09,346.53,26.63,88.87,65.64,88.68,94.57,3,critical,Kerala
27.10389,93.65761,736.4,37.04,3.34,48.77,0.17,28.47,27.01,50.9,23.86,0,low,Arunachal Pradesh
27.06342,88.4398,2118.0,38.43,90.31,253.22,9.11,73.65,82.4,82.69,66.96,2,high,West Bengal
26.12902,91.71559,118.9,42.55,3.94,4.94,0.2,21.6,26.92,84.09,30.18,0,low,Assam
27.10557,88.0618,1962.6,38.48,5.12,30.44,0.38,31.03,33.1,61.72,28.25,0,low,West Bengal
26.1572,91.61608,179.5,31.94,143.41,352.19,23.39,72.95,67.01,75.76,82.13,3,critical,Assam
11.52422,76.01226,829.6,49.03,11.56,27.32,0.49,36.98,17.51,90.83,39.26,0,low,Kerala
30.93604,77.35241,2322.0,54.51,117.98,275.71,23.78,82.4,60.25,98.58,92.26,3,critical,Himachal Pradesh
24.82281,94.00316,1228.7,60.8,128.81,295.94,13.25,78.38,78.89,80.54,89.02,3,critical,Manipur
27.37519,88.5709,1681.2,57.2,16.04,18.27,1.09,37.75,12.25,94.32,42.42,1,moderate,Sikkim
31.08023,77.18109,2000.4,54.81,115.42,236.21,16.47,70.51,55.0,97.52,79.1,2,high,Himachal Pradesh
31.12165,77.24274,2277.8,62.36,30.29,104.72,2.26,62.03,70.0,86.79,60.57,2,high,Himachal Pradesh
23.5423,93.26342,1508.7,34.97,1.61,5.46,0.11,20.69,5.57,73.13,20.14,0,low,Mizoram
31.05769,77.19339,2218.6,39.64,14.89,48.0,0.68,33.48,34.48,100.0,35.38,0,low,Himachal Pradesh
24.66419,93.81709,730.1,48.41,7.28,31.21,0.48,34.61,14.97,80.27,32.35,0,low,Manipur
11.735,76.17039,1082.5,45.32,169.61,363.23,25.47,92.02,74.08,90.68,100.0,3,critical,Kerala
25.46944,91.75458,2033.0,53.07,17.91,36.25,0.95,37.1,27.66,95.13,42.62,1,moderate,Meghalaya
27.11081,88.33699,2062.9,28.11,17.11,58.55,0.72,22.62,21.9,86.0,26.73,0,low,West Bengal
25.1823,91.72457,1494.7,53.92,118.78,407.31,41.62,94.69,81.64,100.0,100.0,3,critical,Meghalaya
27.01422,93.69029,736.2,34.93,108.9,321.18,14.34,70.22,79.34,51.4,69.77,2,high,Arunachal Pradesh
31.10132,77.34483,2340.0,48.85,25.32,93.67,1.77,68.58,56.26,94.86,51.69,1,moderate,Himachal Pradesh
25.27629,91.5597,1498.7,40.16,21.48,29.52,1.29,13.13,19.33,82.77,33.22,0,low,Meghalaya
25.12792,91.81512,1467.9,59.08,153.04,272.18,15.7,93.97,90.0,95.55,100.0,3,critical,Meghalaya
25.47006,94.02971,1447.1,47.59,12.97,16.96,0.67,22.71,26.07,68.28,33.47,0,low,Nagaland
25.53062,94.21207,1471.5,46.23,0.22,0.77,0.01,38.72,18.91,86.76,29.81,0,low,Nagaland
24.86898,93.96713,737.1,35.05,131.48,334.27,14.97,82.16,77.3,96.78,83.27,3,critical,Manipur
27.15695,93.47458,718.5,30.33,22.06,110.09,2.18,72.13,53.23,55.11,37.88,0,low,Arunachal Pradesh
24.85455,94.03547,902.6,39.05,103.1,261.72,24.06,84.47,71.58,81.33,83.6,3,critical,Manipur
27.12923,88.26407,2077.0,53.85,149.5,380.89,22.24,94.38,85.6,87.56,100.0,3,critical,West Bengal
24.74857,94.02924,1144.8,33.65,39.02,127.64,3.06,64.53,51.3,83.58,46.34,1,moderate,Manipur
23.53304,93.3803,1768.4,43.73,251.49,525.47,119.81,99.0,75.0,85.78,100.0,3,critical,Mizoram
25.32004,91.80082,1341.1,48.99,104.83,307.16,20.95,78.72,90.0,100.0,88.09,3,critical,Meghalaya
31.1653,77.10527,2175.6,58.03,9.32,14.29,0.69,10.52,21.25,94.47,34.22,0,low,Himachal Pradesh
25.62119,94.07747,1694.1,63.56,120.28,322.14,16.44,65.0,86.38,80.76,94.78,3,critical,Nagaland
26.13269,91.80044,124.7,36.32,107.16,286.02,21.92,74.81,90.0,66.87,74.88,2,high,Assam
25.66433,94.03564,1542.2,59.43,43.84,131.93,5.71,36.32,54.05,60.26,57.26,1,moderate,Nagaland
30.80993,79.15465,3497.8,51.22,41.4,105.07,3.01,49.76,48.74,100.0,54.07,1,moderate,Uttarakhand
27.38609,88.53698,1671.5,45.5,47.11,111.42,6.81,42.1,41.41,95.58,48.5,1,moderate,Sikkim
24.90495,93.90875,707.9,44.2,44.52,84.2,3.16,64.11,40.27,78.28,48.19,1,moderate,Manipur
27.02233,88.15269,2188.5,40.3,197.67,585.45,62.51,87.73,91.39,73.14,100.0,3,critical,West Bengal
26.94965,93.67329,422.3,39.67,68.28,269.93,11.79,80.86,89.79,61.19,66.58,2,high,Arunachal Pradesh
23.42977,93.24916,1718.8,42.92,13.09,45.93,0.78,25.49,26.98,67.93,26.34,0,low,Mizoram
31.09409,77.11741,2274.3,38.01,165.78,541.47,32.18,99.0,86.14,91.39,100.0,3,critical,Himachal Pradesh
31.07609,77.22708,2264.5,57.93,72.46,299.77,16.66,81.09,81.18,99.21,95.12,3,critical,Himachal Pradesh
30.76548,79.10185,3503.7,55.92,0.66,2.67,0.04,19.11,15.98,93.97,31.27,0,low,Uttarakhand
26.13726,91.72341,50.0,47.16,91.43,269.78,21.59,81.03,89.59,62.13,81.0,3,critical,Assam
27.17753,93.59658,772.7,36.66,52.95,114.08,5.25,47.22,66.94,62.58,44.59,1,moderate,Arunachal Pradesh
25.35015,91.69019,1312.7,41.92,52.07,130.47,3.46,51.38,30.0,77.83,46.09,1,moderate,Meghalaya
23.46174,93.3609,1543.6,49.33,6.2,17.3,0.32,19.78,37.64,70.36,33.95,0,low,Mizoram
31.04387,77.19809,2106.5,54.04,2.04,8.62,0.09,40.33,33.19,95.94,37.27,0,low,Himachal Pradesh
25.67105,94.03578,1545.3,37.96,134.47,303.48,13.57,72.09,75.13,81.64,77.53,2,high,Nagaland
27.4452,88.69605,1735.0,60.55,74.93,256.12,7.52,80.52,69.56,80.35,83.15,3,critical,Sikkim
24.80322,93.92597,831.3,48.98,24.46,26.35,1.34,40.01,24.29,84.12,41.24,1,moderate,Manipur
26.9442,88.24787,2102.9,39.61,57.74,119.02,7.14,58.97,51.28,85.93,46.55,1,moderate,West Bengal
11.60421,76.32855,1148.8,42.8,89.12,243.16,11.19,73.42,67.51,94.71,74.41,2,high,Kerala
11.69738,76.02644,883.4,43.56,48.57,109.16,3.19,75.0,46.67,79.92,56.8,1,moderate,Kerala
27.01038,93.69692,809.1,36.99,168.0,325.02,20.41,88.16,87.85,53.44,86.84,3,critical,Arunachal Pradesh
25.23696,91.65586,1425.3,41.21,66.42,255.88,9.44,71.5,78.5,96.59,65.83,2,high,Meghalaya
11.68549,76.16326,880.8,64.77,270.87,637.19,59.44,89.97,93.17,92.77,100.0,3,critical,Kerala
24.66663,93.91766,868.3,46.99,127.54,324.5,20.42,77.55,79.27,88.51,87.53,3,critical,Manipur
25.52455,91.95403,1869.3,48.37,14.04,18.89,0.81,28.23,23.02,84.99,31.66,0,low,Meghalaya
26.04888,91.71438,75.1,30.26,5.18,17.33,0.42,41.85,14.31,65.69,28.26,0,low,Assam
11.69639,75.98776,961.9,51.7,64.93,279.29,7.05,79.08,78.91,91.0,75.15,2,high,Kerala
27.04978,88.19495,2312.1,43.89,6.31,8.23,0.27,39.32,23.48,61.91,28.3,0,low,West Bengal
26.08206,91.80973,50.0,39.52,39.72,93.98,6.32,54.47,36.61,58.99,41.72,1,moderate,Assam
25.63542,94.10441,1432.2,47.85,13.81,40.61,0.93,35.93,30.37,85.54,34.3,0,low,Nagaland
27.40044,88.63664,1602.7,53.85,36.46,109.14,3.21,59.89,40.63,99.52,51.6,1,moderate,Sikkim
27.04012,88.34404,2062.0,33.5,85.28,253.53,15.92,95.0,86.53,76.03,71.32,2,high,West Bengal
26.12025,91.60517,286.8,41.86,158.39,337.98,18.07,78.25,70.49,65.4,92.04,3,critical,Assam
26.93236,88.208,1952.2,44.46,99.33,313.96,11.2,91.25,75.73,86.09,80.0,3,critical,West Bengal
27.27529,88.46396,1808.6,46.43,146.45,353.66,22.06,88.46,75.43,98.57,97.15,3,critical,Sikkim
30.82446,79.00513,3453.1,58.72,14.08,40.68,0.95,47.67,14.28,100.0,50.5,1,moderate,Uttarakhand
30.8065,79.10111,3517.4,63.77,4.3,5.38,0.18,13.39,33.25,97.95,38.44,0,low,Uttarakhand
25.53981,91.82651,2259.8,56.67,16.65,60.76,1.22,35.57,13.04,78.06,40.73,1,moderate,Meghalaya
26.01155,91.72392,50.0,41.96,135.24,288.37,20.87,67.66,62.24,76.03,78.05,2,high,Assam
25.28862,91.66946,1101.5,57.56,0.23,29.9,0.01,30.52,26.79,99.67,42.53,1,moderate,Meghalaya
30.70485,78.94145,3700.5,65.8,2.48,2.8,0.1,28.06,30.55,91.1,41.54,1,moderate,Uttarakhand
25.69338,94.11095,1451.0,40.78,170.89,343.41,23.36,83.3,63.85,67.33,87.36,3,critical,Nagaland
25.25089,91.70065,1371.2,40.62,110.33,229.59,12.19,89.95,79.04,100.0,79.49,2,high,Meghalaya
11.6261,76.26647,1031.3,46.71,1.89,12.44,0.12,28.73,21.1,91.74,32.81,0,low,Kerala
26.18853,91.92604,50.0,36.36,3.69,21.9,0.19,17.3,26.27,78.88,20.99,0,low,Assam
25.27637,91.77432,1300.7,48.24,58.15,90.37,8.37,47.86,43.72,74.78,48.98,1,moderate,Meghalaya
25.14342,91.73402,1501.9,53.83,100.23,263.23,11.08,88.46,84.08,86.46,85.9,3,critical,Meghalaya
31.08797,77.22553,2425.5,62.28,19.0,98.34,2.57,51.0,57.2,92.15,52.14,1,moderate,Himachal Pradesh
11.69423,76.21412,819.1,49.15,5.31,13.33,0.3,33.13,31.21,93.17,35.86,0,low,Kerala
27.20073,93.48816,618.4,34.72,52.89,120.69,7.98,57.19,65.77,53.75,41.71,1,moderate,Arunachal Pradesh
25.64285,91.86544,1982.2,45.8,20.17,42.28,2.26,62.56,30.65,94.37,42.76,1,moderate,Meghalaya
27.35111,88.49363,1666.6,40.59,0.49,13.24,0.03,10.0,20.63,91.87,21.61,0,low,Sikkim
26.14119,91.80484,91.7,34.37,3.09,80.78,0.21,28.38,31.21,67.0,23.67,0,low,Assam
26.94271,88.27282,1916.8,41.89,295.4,653.91,99.69,93.18,80.49,72.16,100.0,3,critical,West Bengal
26.05884,91.82445,138.3,44.66,46.27,85.58,4.26,45.01,65.52,82.66,47.51,1,moderate,Assam
11.56884,76.1622,1093.6,59.43,138.13,275.17,15.45,89.3,90.0,95.5,95.51,3,critical,Kerala
24.80595,93.95912,614.3,39.86,209.31,502.28,46.87,86.15,85.54,66.73,100.0,3,critical,Manipur
25.36035,91.88563,2248.8,39.17,233.3,531.68,96.25,95.11,85.64,83.2,100.0,3,critical,Meghalaya
27.02629,93.63457,902.5,24.74,0.34,48.02,0.03,32.02,28.05,76.83,18.33,0,low,Arunachal Pradesh
26.2123,91.83709,74.2,25.5,1.62,12.29,0.07,11.62,21.08,60.55,14.82,0,low,Assam
27.01802,88.16559,1866.9,46.86,75.38,311.04,10.07,87.09,78.55,85.61,81.08,3,critical,West Bengal
27.36268,88.5411,1596.5,39.8,11.77,12.22,0.61,26.95,22.35,87.44,28.16,0,low,Sikkim
11.57789,76.16313,1212.1,23.2,77.79,124.05,6.17,43.62,64.92,86.22,45.36,1,moderate,Kerala
27.25812,88.58834,1851.4,49.84,4.21,32.2,0.32,44.32,24.58,100.0,42.24,1,moderate,Sikkim
31.24363,77.14078,2282.7,50.47,67.17,111.88,5.43,52.31,52.54,85.86,57.27,1,moderate,Himachal Pradesh
26.04102,91.71789,50.0,24.29,34.35,91.48,3.39,47.29,56.71,71.11,29.52,0,low,Assam
30.70092,78.99681,3772.0,66.61,15.46,19.61,0.76,24.66,22.71,89.85,47.77,1,moderate,Uttarakhand
27.28038,88.6335,1699.0,47.89,157.09,413.9,64.74,88.58,87.04,95.27,100.0,3,critical,Sikkim
30.74563,79.05765,3795.8,46.63,14.41,30.63,0.89,10.31,33.64,92.09,31.91,0,low,Uttarakhand
27.27578,93.66453,859.8,34.73,94.68,279.37,22.12,70.62,66.5,45.04,74.51,2,high,Arunachal Pradesh
25.55957,94.03462,1359.4,41.48,90.71,282.59,9.33,94.9,84.37,80.34,78.86,2,high,Nagaland
24.7936,94.02512,872.7,45.92,78.17,242.39,18.25,68.51,66.18,80.28,68.71,2,high,Manipur
27.10009,88.27937,2075.5,44.18,0.76,25.85,0.04,24.14,14.96,86.8,22.35,0,low,West Bengal
30.7053,79.03117,3726.8,53.88,129.83,321.34,16.31,84.3,75.15,95.8,91.82,3,critical,Uttarakhand
26.34158,91.74079,50.0,25.84,20.35,22.7,1.13,33.64,26.06,55.39,23.47,0,low,Assam
24.89353,94.03777,591.6,49.93,52.88,100.29,7.88,67.52,45.98,99.9,55.15,1,moderate,Manipur
25.28236,91.70308,1427.0,47.14,87.7,305.18,15.22,75.29,90.0,100.0,80.56,3,critical,Meghalaya
27.13518,93.48608,794.2,14.66,1.67,2.63,0.11,34.63,24.91,50.84,9.62,0,low,Arunachal Pradesh
26.13713,91.64763,50.0,33.44,148.44,427.08,18.09,84.27,87.25,72.17,86.49,3,critical,Assam
24.98199,93.8783,751.2,34.95,38.96,119.13,2.67,57.04,30.0,77.23,41.7,1,moderate,Manipur
25.32848,91.67795,1116.5,46.64,202.01,468.94,52.57,89.4,91.4,89.88,100.0,3,critical,Meghalaya
25.54551,91.85939,2137.6,31.5,69.87,244.37,11.63,81.97,82.82,89.29,67.81,2,high,Meghalaya
27.29428,88.60346,1589.4,45.47,111.41,294.51,20.44,82.96,62.94,94.79,81.07,3,critical,Sikkim
26.15123,91.76483,50.0,15.61,37.79,142.95,2.78,75.0,63.6,58.5,40.44,1,moderate,Assam
25.65224,94.06077,1657.1,58.11,0.52,11.43,0.03,12.9,30.25,74.68,33.86,0,low,Nagaland
31.0235,77.19169,2358.3,55.91,72.06,153.12,6.19,49.25,54.04,86.46,62.01,2,high,Himachal Pradesh
25.16223,91.65227,1610.1,42.74,1.04,17.23,0.05,35.37,32.97,83.62,28.17,0,low,Meghalaya
25.258,91.74005,1404.0,48.12,23.4,65.7,2.23,73.63,43.61,83.23,46.58,1,moderate,Meghalaya
27.00368,88.38732,1831.8,49.5,233.33,544.96,54.88,90.56,89.64,77.8,100.0,3,critical,West Bengal
26.20107,91.73547,50.0,42.24,53.07,94.96,7.43,74.85,58.21,71.68,56.32,1,moderate,Assam
27.11272,93.64153,809.0,39.53,95.74,292.37,14.19,77.28,80.62,70.25,79.95,2,high,Arunachal Pradesh
23.46464,93.27763,1657.9,55.87,3.03,4.58,0.18,21.81,21.73,60.9,36.72,0,low,Mizoram
25.37336,91.67007,1627.3,49.68,41.55,48.81,3.01,50.0,15.14,90.72,47.27,1,moderate,Meghalaya
27.32486,88.51298,1747.3,52.34,34.4,115.98,4.27,55.56,50.97,90.32,53.07,1,moderate,Sikkim
24.93151,93.99223,659.1,35.21,62.39,165.85,9.32,70.8,46.0,78.88,55.04,1,moderate,Manipur
26.19769,91.75051,324.5,37.42,46.2,133.73,4.45,58.64,44.88,65.96,50.63,1,moderate,Assam
25.39108,91.78046,1276.4,62.83,5.27,32.74,0.32,35.82,40.08,100.0,51.08,1,moderate,Meghalaya
23.44339,93.29068,1366.5,40.29,2.0,30.27,0.14,10.0,17.96,59.67,27.13,0,low,Mizoram
25.67243,94.18891,1655.1,50.66,43.04,79.27,5.75,60.75,41.35,72.02,53.54,1,moderate,Nagaland
23.51057,93.35406,1736.4,46.97,170.74,332.81,29.54,88.08,81.57,64.24,91.41,3,critical,Mizoram
26.03944,91.70797,356.6,30.96,54.78,159.9,4.79,57.58,30.0,61.28,40.03,1,moderate,Assam
25.68912,91.69869,1856.1,40.32,20.45,74.11,2.31,56.67,45.64,96.64,46.43,1,moderate,Meghalaya
27.00516,88.26967,2114.9,35.83,92.05,287.89,13.58,86.5,87.85,66.63,78.01,2,high,West Bengal
30.70848,78.99396,3811.9,40.56,61.99,129.55,6.83,62.24,44.79,94.09,51.58,1,moderate,Uttarakhand
27.32026,88.5831,1683.0,40.53,5.82,30.65,0.32,28.97,33.29,100.0,33.82,0,low,Sikkim
30.62783,79.02511,3626.5,59.89,139.62,485.43,23.53,99.0,79.4,97.58,100.0,3,critical,Uttarakhand
25.70388,94.05635,1541.9,49.82,116.04,330.41,11.68,84.97,75.63,77.19,89.33,3,critical,Nagaland
26.29173,91.82333,203.7,41.09,142.81,311.03,17.56,77.11,72.15,84.85,86.69,3,critical,Assam
26.22318,91.70267,189.9,46.38,116.61,299.51,13.06,83.4,69.56,71.76,84.4,3,critical,Assam
24.82581,93.887,837.9,34.16,273.11,592.03,48.13,99.0,91.06,72.35,100.0,3,critical,Manipur
27.1118,88.46879,2370.8,32.77,46.16,108.75,6.91,71.03,46.15,78.34,51.63,1,moderate,West Bengal
24.76194,93.90701,820.4,46.88,132.98,324.65,13.47,72.54,80.34,89.21,80.42,3,critical,Manipur
27.39004,88.60576,1591.4,53.63,86.78,332.17,8.9,95.0,81.4,94.58,91.3,3,critical,Sikkim
26.11857,91.52571,50.0,27.98,140.64,333.71,25.44,77.21,83.88,78.77,81.62,3,critical,Assam
31.00551,77.10686,2459.3,58.99,5.33,21.72,0.29,24.61,36.65,96.56,40.4,1,moderate,Himachal Pradesh
25.25556,91.98545,1474.8,41.99,154.45,261.22,17.64,81.61,90.0,88.59,89.01,3,critical,Meghalaya
25.2196,91.78856,1400.5,44.28,67.63,251.7,10.98,80.85,63.73,92.35,75.55,2,high,Meghalaya
27.20651,88.68739,1786.3,57.69,137.91,341.7,14.76,95.0,61.92,87.54,98.97,3,critical,Sikkim
27.33003,88.56542,1690.5,60.7,74.0,245.59,13.71,75.88,66.41,83.37,78.78,2,high,Sikkim
30.84295,79.09064,3796.6,52.12,1.09,27.11,0.06,38.55,26.37,89.18,40.6,1,moderate,Uttarakhand
25.26878,91.77634,1447.9,40.22,6.7,9.14,0.42,28.41,23.62,100.0,34.24,0,low,Meghalaya
31.02397,77.14056,2343.5,46.94,4.62,22.42,0.23,27.27,32.61,88.18,35.05,0,low,Himachal Pradesh
25.62933,91.88857,2035.8,39.26,53.06,103.47,4.11,54.64,39.34,86.56,46.37,1,moderate,Meghalaya
11.63076,75.99114,906.8,44.97,127.53,280.14,14.85,77.97,87.54,81.8,82.92,3,critical,Kerala
26.09082,91.83192,50.0,25.89,27.58,81.89,1.74,51.45,39.46,73.89,33.47,0,low,Assam
25.31151,91.76966,1430.2,51.32,7.92,19.77,0.61,27.15,33.83,100.0,35.69,0,low,Meghalaya
25.75738,94.05599,1468.6,47.81,140.23,279.7,18.31,85.02,77.7,79.58,85.95,3,critical,Nagaland
27.27276,88.653,1417.8,58.21,137.55,244.91,15.53,81.67,69.11,93.7,87.71,3,critical,Sikkim
25.66777,94.01255,1385.8,45.62,157.34,373.21,24.37,79.51,90.0,83.19,95.87,3,critical,Nagaland
30.81736,79.09306,3600.0,62.56,66.75,166.11,5.26,61.49,55.27,93.18,73.42,2,high,Uttarakhand
27.10461,88.27149,2000.7,43.8,76.88,237.54,8.97,81.73,65.03,79.83,75.59,2,high,West Bengal
26.03328,91.77508,159.9,37.63,51.85,64.9,6.29,55.32,59.67,75.01,45.32,1,moderate,Assam
26.98558,88.32599,2036.8,31.0,36.46,123.03,5.28,65.76,70.0,78.92,53.39,1,moderate,West Bengal
27.43323,88.54398,1596.2,36.84,42.76,126.41,3.63,71.36,49.4,100.0,49.57,1,moderate,Sikkim
27.01466,93.611,780.5,24.3,38.64,113.84,4.33,58.99,48.69,65.37,35.91,0,low,Arunachal Pradesh
25.26236,91.5879,1417.9,41.34,5.42,14.62,0.26,24.5,39.66,99.32,32.73,0,low,Meghalaya
27.26191,88.51222,1691.2,50.54,19.85,53.48,1.32,36.37,34.52,79.05,38.27,0,low,Sikkim
27.03017,88.16562,1892.7,42.43,122.93,238.39,16.09,86.92,72.16,85.19,83.16,3,critical,West Bengal
25.26836,91.75313,1253.2,46.24,73.34,315.09,9.95,80.68,65.06,96.88,77.98,2,high,Meghalaya
27.29107,88.60195,1549.6,39.73,7.4,18.07,0.47,16.37,26.39,100.0,31.39,0,low,Sikkim
11.71533,76.10721,1156.0,46.6,35.18,89.23,3.13,63.16,70.0,100.0,54.54,1,moderate,Kerala
27.35256,88.64011,1690.8,51.58,39.35,57.61,1.87,16.87,30.59,100.0,44.03,1,moderate,Sikkim
27.23756,88.40439,1804.1,51.97,57.86,135.36,4.82,60.63,47.03,100.0,56.73,1,moderate,Sikkim
11.73093,76.13668,978.4,46.4,42.78,127.09,3.46,58.71,31.61,92.41,51.0,1,moderate,Kerala
24.78259,93.9578,755.2,11.95,13.21,18.05,0.68,27.6,27.04,67.38,18.13,0,low,Manipur
24.68457,93.90566,774.7,47.88,50.2,94.56,4.54,69.81,58.73,70.34,56.91,1,moderate,Manipur
27.04202,88.26644,2002.8,44.19,6.76,14.36,0.29,31.23,5.0,80.2,23.38,0,low,West Bengal
11.50425,76.16158,1208.4,52.91,29.66,114.09,3.21,67.07,48.53,86.46,49.76,1,moderate,Kerala
11.63096,76.14665,1121.9,59.24,51.68,97.18,6.95,70.51,46.77,100.0,66.04,2,high,Kerala
26.97551,88.28173,1876.1,48.63,133.99,324.64,14.14,69.01,70.2,77.57,81.62,3,critical,West Bengal
24.82871,93.98376,1079.8,24.86,24.35,58.69,1.09,30.44,23.58,86.32,19.65,0,low,Manipur
23.39192,93.29481,2038.7,40.13,73.14,125.68,7.17,48.44,65.69,75.64,49.17,1,moderate,Mizoram
26.29757,91.64692,125.9,26.52,170.52,344.76,17.26,68.49,80.19,66.06,74.54,2,high,Assam
25.25473,91.71414,1506.5,58.18,37.96,123.67,2.69,47.49,55.77,93.01,55.91,1,moderate,Meghalaya
11.58336,76.16234,1051.4,56.44,65.71,131.85,6.05,47.2,62.08,91.51,60.37,2,high,Kerala
25.83149,91.81594,50.0,39.71,76.76,147.69,7.73,64.4,35.24,70.25,54.4,1,moderate,Assam
25.51416,91.84062,1897.8,46.97,110.82,342.38,26.91,71.12,74.05,92.59,92.42,3,critical,Meghalaya
24.80567,94.02261,821.8,38.83,94.21,335.04,17.45,75.95,70.21,100.0,82.33,3,critical,Manipur
27.28347,88.54156,1378.1,43.74,54.14,87.89,7.45,67.63,55.88,100.0,57.19,1,moderate,Sikkim
27.13487,88.15906,2112.6,38.43,58.97,120.64,7.25,72.78,64.13,71.86,56.13,1,moderate,West Bengal
27.19154,93.48696,549.2,43.84,126.84,400.58,24.85,69.13,90.0,54.4,85.17,3,critical,Arunachal Pradesh
24.82574,93.89035,705.3,29.94,43.19,91.78,4.28,60.43,46.89,90.98,39.87,0,low,Manipur
31.11165,77.30154,2350.0,39.99,143.86,362.53,23.82,84.63,68.54,100.0,88.54,3,critical,Himachal Pradesh
27.25911,88.48042,1727.0,53.98,60.39,102.07,7.61,54.38,52.36,83.83,60.73,2,high,Sikkim
25.38294,91.90687,2118.3,41.35,145.8,283.24,20.59,93.29,70.01,98.96,93.92,3,critical,Meghalaya
25.70527,94.07962,1371.8,39.48,5.86,21.28,0.37,18.78,26.79,66.69,22.78,0,low,Nagaland
24.75522,94.03757,877.9,29.57,169.7,403.98,22.6,77.13,76.59,83.96,88.39,3,critical,Manipur
11.81138,76.14247,841.0,54.42,45.57,86.45,4.17,51.73,44.7,94.04,57.97,1,moderate,Kerala
26.18166,91.73036,223.1,37.19,160.31,434.0,29.05,91.5,90.69,69.45,96.76,3,critical,Assam
30.66828,79.06509,3842.6,54.09,32.76,177.63,4.51,82.76,63.0,98.37,66.84,2,high,Uttarakhand
23.4041,93.27989,1657.6,53.42,0.59,7.69,0.04,49.29,33.82,78.55,42.98,1,moderate,Mizoram
25.43467,94.05304,1205.4,46.48,5.93,70.14,0.3,30.56,13.35,77.61,32.44,0,low,Nagaland
25.47108,91.8778,1927.0,47.19,171.55,300.42,26.2,70.8,77.38,81.37,89.7,3,critical,Meghalaya
25.68224,94.11346,1411.4,58.98,168.58,393.65,36.58,78.86,76.13,76.93,100.0,3,critical,Nagaland
26.1581,91.5967,170.5,20.91,13.88,30.63,1.14,39.07,26.36,78.19,22.45,0,low,Assam
11.67207,76.03744,878.8,50.83,151.35,261.04,20.8,75.31,77.78,80.66,86.45,3,critical,Kerala
27.42391,88.52856,1697.7,55.31,122.19,274.2,13.49,78.15,63.61,81.41,82.7,3,critical,Sikkim
26.13163,91.6754,50.0,22.1,54.28,109.75,3.93,42.08,48.99,68.83,35.42,0,low,Assam
25.31005,91.73398,1431.1,42.72,16.09,28.16,0.96,34.21,21.17,97.59,30.8,0,low,Meghalaya
11.58311,76.08921,866.3,57.68,123.0,238.36,26.98,80.97,68.11,93.1,90.63,3,critical,Kerala
27.00772,88.37214,2239.7,55.45,47.84,127.41,6.03,48.45,44.98,69.6,48.57,1,moderate,West Bengal
25.20235,91.72887,1420.6,49.93,12.12,28.25,0.51,37.98,31.95,92.68,34.31,0,low,Meghalaya
31.0062,77.18184,2306.2,41.75,7.95,23.97,0.5,14.16,28.2,81.51,24.59,0,low,Himachal Pradesh
27.33908,88.62929,1395.1,37.54,143.69,266.87,17.23,76.59,75.31,90.15,87.33,3,critical,Sikkim
31.17922,77.28425,2128.7,61.13,1.21,4.47,0.06,50.0,35.06,89.41,48.45,1,moderate,Himachal Pradesh
27.36829,88.62249,1753.1,39.38,167.61,347.4,26.42,83.25,86.72,81.85,93.32,3,critical,Sikkim
30.72934,79.07397,3587.8,59.24,59.82,89.83,4.39,57.3,48.43,93.92,58.75,1,moderate,Uttarakhand
25.40422,91.68571,1515.3,61.03,22.46,25.66,1.41,27.96,19.81,88.97,38.91,0,low,Meghalaya
26.97929,93.72875,912.1,41.92,276.18,564.21,117.87,84.03,91.15,62.41,100.0,3,critical,Arunachal Pradesh
31.13951,77.11447,2068.2,46.52,3.74,6.74,0.18,38.29,29.61,86.34,30.32,0,low,Himachal Pradesh
25.58896,94.09176,1359.0,40.33,40.32,90.41,4.76,75.0,48.59,79.21,47.57,1,moderate,Nagaland
23.39709,93.38584,1556.4,41.8,81.68,311.27,10.14,74.68,85.1,71.38,74.15,2,high,Mizoram
25.83589,94.07038,1459.4,50.22,186.42,591.54,76.83,83.49,80.53,77.9,100.0,3,critical,Nagaland
27.31983,88.68812,1344.2,43.55,234.83,582.87,95.33,98.35,83.63,90.31,100.0,3,critical,Sikkim
24.96863,93.93196,918.2,40.93,1.84,26.35,0.13,10.0,29.7,89.98,25.99,0,low,Manipur
25.80346,94.13828,1525.6,57.92,203.86,595.79,95.86,89.39,83.15,64.79,100.0,3,critical,Nagaland
27.07371,93.53929,891.0,29.13,232.7,592.94,59.5,99.0,94.51,53.42,100.0,3,critical,Arunachal Pradesh
23.40466,93.29817,1690.8,34.92,150.45,281.48,19.58,80.95,69.24,68.33,80.41,3,critical,Mizoram
11.62867,76.09432,778.4,54.07,163.65,326.99,17.26,86.62,76.1,97.67,100.0,3,critical,Kerala
11.80813,76.19281,904.7,46.98,61.35,109.48,7.04,75.0,48.04,87.6,60.49,2,high,Kerala
24.89717,93.92869,816.3,48.31,102.75,307.06,13.47,83.5,83.0,88.7,86.58,3,critical,Manipur
24.83278,93.73369,952.4,47.84,49.22,94.89,3.95,36.43,50.1,77.55,41.15,1,moderate,Manipur
25.53361,94.03177,1321.6,36.2,168.37,531.15,65.59,86.67,78.47,75.37,100.0,3,critical,Nagaland
31.10372,77.37062,2133.9,54.96,39.14,96.7,5.35,65.58,49.68,100.0,57.24,1,moderate,Himachal Pradesh
27.44193,88.65967,1557.3,48.02,3.78,10.44,0.16,42.18,27.36,83.18,39.93,0,low,Sikkim
25.29615,91.61886,1400.6,56.48,4.93,50.39,0.31,35.03,19.75,91.59,39.67,0,low,Meghalaya
31.11626,77.15096,2041.6,53.19,9.41,27.18,0.41,44.12,23.89,100.0,46.56,1,moderate,Himachal Pradesh
27.43071,88.61757,1528.9,51.54,0.03,19.12,0.0,45.58,34.89,82.56,31.61,0,low,Sikkim
23.40186,93.46424,1502.2,45.25,30.95,86.46,2.75,63.45,55.03,66.33,44.98,1,moderate,Mizoram
25.27978,91.77346,1437.3,48.32,35.06,118.04,2.34,51.39,37.56,86.38,46.23,1,moderate,Meghalaya
24.84955,93.78384,807.3,41.71,3.39,26.52,0.17,27.99,29.08,74.78,26.59,0,low,Manipur
25.31993,91.78027,1428.2,40.82,34.84,88.66,4.86,64.65,54.13,92.61,47.77,1,moderate,Meghalaya
25.7777,94.09187,1311.5,49.66,3.39,22.95,0.23,20.51,24.09,72.06,33.65,0,low,Nagaland
25.34186,91.91009,2188.9,42.93,37.3,122.15,2.52,66.58,43.39,76.75,49.08,1,moderate,Meghalaya
26.87848,93.51075,703.0,27.55,65.86,136.49,4.28,60.15,57.94,51.35,47.81,1,moderate,Arunachal Pradesh
26.13344,91.88499,229.7,41.82,126.6,319.83,22.26,78.81,76.61,68.67,83.24,3,critical,Assam
25.52841,91.90247,1963.5,34.1,9.73,22.93,0.63,34.31,22.87,66.95,26.66,0,low,Meghalaya
25.75151,94.24509,1408.3,44.96,164.8,377.03,34.97,69.87,84.71,82.0,92.6,3,critical,Nagaland
25.60665,91.81958,2090.6,20.34,31.14,93.27,2.39,53.87,52.41,79.24,33.77,0,low,Meghalaya
26.03057,91.77714,111.8,31.97,111.0,275.28,11.35,80.58,70.15,59.7,64.0,2,high,Assam
11.6812,76.1299,1228.8,52.33,121.79,253.48,20.92,68.62,67.23,98.22,84.34,3,critical,Kerala
25.66361,93.96604,1400.3,59.72,13.91,16.64,0.78,19.6,16.71,76.65,39.08,0,low,Nagaland
31.18457,77.22704,2313.8,48.47,31.34,111.32,2.22,73.01,48.78,98.58,58.98,1,moderate,Himachal Pradesh
30.74646,79.08175,3814.2,51.66,1.65,2.87,0.11,25.75,27.87,100.0,32.79,0,low,Uttarakhand
24.91597,93.89836,838.3,37.91,41.1,55.74,2.92,26.05,18.82,73.85,27.44,0,low,Manipur
30.62052,79.04172,3387.6,41.34,2.2,16.88,0.11,17.61,32.09,100.0,24.87,0,low,Uttarakhand
31.1605,77.23705,2185.2,45.77,112.8,339.44,11.76,74.63,70.31,86.89,75.44,2,high,Himachal Pradesh
25.72268,93.95692,1233.3,55.46,124.93,304.84,13.63,75.89,75.37,76.03,83.87,3,critical,Nagaland
27.20611,88.6736,1664.3,58.25,54.68,56.06,4.05,75.0,40.78,83.92,58.43,1,moderate,Sikkim
26.97732,93.65475,572.9,48.37,59.69,139.45,9.0,56.74,51.82,59.18,53.2,1,moderate,Arunachal Pradesh
11.53975,76.17608,800.3,63.49,13.51,24.59,0.58,14.98,27.33,95.32,40.54,1,moderate,Kerala
31.09882,77.25296,2285.3,46.36,61.22,123.62,8.66,53.49,52.05,87.44,57.79,1,moderate,Himachal Pradesh
25.45079,91.87586,1862.7,43.56,2.13,38.46,0.17,19.42,15.58,80.58,32.03,0,low,Meghalaya
25.24884,91.56969,1525.3,38.09,49.16,92.07,3.3,59.02,30.0,92.48,46.25,1,moderate,Meghalaya
23.534,93.2823,2008.1,45.74,174.34,647.5,70.61,99.0,95.36,81.46,100.0,3,critical,Mizoram
26.01829,91.77261,50.0,49.32,124.81,258.4,14.12,78.46,67.06,72.37,79.89,2,high,Assam
26.9806,88.23944,2136.9,46.01,198.33,456.85,71.62,90.06,90.68,92.34,100.0,3,critical,West Bengal
25.66591,94.11589,1338.7,47.55,36.48,99.71,2.39,65.41,49.67,86.84,53.09,1,moderate,Nagaland
31.09124,77.02092,2286.0,39.09,44.27,102.66,2.8,46.48,51.41,85.57,38.08,0,low,Himachal Pradesh
26.9022,93.69116,997.0,38.04,277.54,589.72,62.06,92.15,83.37,65.6,100.0,3,critical,Arunachal Pradesh
11.78627,76.1157,855.7,50.31,68.84,144.26,7.08,35.0,61.63,98.34,59.5,1,moderate,Kerala
30.76828,78.99351,3417.8,75.0,56.93,93.39,5.28,49.87,46.07,87.51,66.62,2,high,Uttarakhand
30.69987,78.89525,3554.4,43.84,163.62,515.53,37.0,95.09,75.9,95.03,100.0,3,critical,Uttarakhand
26.17167,91.84074,50.0,40.86,63.23,142.05,8.78,35.0,30.0,78.62,39.69,0,low,Assam
25.34162,91.78081,1587.4,43.72,47.96,115.99,3.6,75.0,43.49,100.0,55.11,1,moderate,Meghalaya
23.3229,93.34896,1765.2,59.74,42.98,127.67,4.88,50.16,37.46,60.94,49.92,1,moderate,Mizoram
27.11514,93.59149,608.1,46.44,47.16,115.25,6.7,65.8,54.56,50.7,54.22,1,moderate,Arunachal Pradesh
25.78674,94.1891,1541.8,49.25,95.85,259.35,11.91,85.74,69.69,90.42,85.8,3,critical,Nagaland
25.66343,94.09992,1329.3,41.0,51.62,92.02,6.86,52.93,40.86,87.03,47.78,1,moderate,Nagaland
25.64513,91.7941,2120.2,38.53,18.72,38.68,1.29,26.35,21.51,99.03,28.43,0,low,Meghalaya
25.21183,91.7102,1418.8,52.97,79.94,292.61,10.05,84.95,83.34,93.42,84.88,3,critical,Meghalaya
24.74144,93.94096,586.3,36.63,243.56,522.39,96.15,88.31,91.58,75.06,100.0,3,critical,Manipur
26.22329,91.78224,492.6,44.54,5.73,21.69,0.28,36.77,23.07,71.63,31.18,0,low,Assam
27.08415,93.62725,857.6,35.53,60.61,157.25,5.84,69.91,52.32,43.46,50.05,1,moderate,Arunachal Pradesh
30.70761,78.94462,3662.9,52.8,40.17,106.17,3.48,39.93,34.93,100.0,52.4,1,moderate,Uttarakhand
11.6769,75.86878,797.5,65.33,1.92,10.86,0.11,28.95,28.87,91.8,41.83,1,moderate,Kerala
25.58187,91.80595,1914.6,43.54,0.96,1.71,0.06,33.2,45.0,87.22,33.64,0,low,Meghalaya
25.24108,91.76332,1421.9,40.14,0.59,2.26,0.03,50.0,12.61,100.0,32.68,0,low,Meghalaya
27.0618,88.2299,2248.5,45.73,66.24,126.71,5.19,49.28,61.25,78.72,57.02,1,moderate,West Bengal
25.10404,91.72824,1598.3,46.51,20.66,21.59,0.91,33.51,15.27,97.83,31.51,0,low,Meghalaya
25.20559,91.74508,1331.5,45.92,210.08,471.01,49.4,89.74,95.59,79.92,100.0,3,critical,Meghalaya
27.10585,93.73476,725.1,39.96,258.8,643.23,51.47,94.12,91.09,61.21,100.0,3,critical,Arunachal Pradesh
27.47245,88.75637,1563.7,54.03,57.37,132.19,7.98,66.82,54.17,77.57,62.06,2,high,Sikkim
25.18781,91.70014,1526.7,55.43,9.89,11.84,0.42,18.47,20.85,88.03,38.67,0,low,Meghalaya
27.01729,93.56169,979.1,38.67,56.63,124.6,4.31,62.9,58.51,50.72,45.82,1,moderate,Arunachal Pradesh
27.2386,88.64908,1675.8,53.23,121.48,338.28,26.22,87.27,72.49,95.97,96.69,3,critical,Sikkim
24.89967,93.7614,1108.3,45.94,2.49,3.11,0.18,43.38,10.59,71.11,27.5,0,low,Manipur
24.75302,94.02252,600.9,42.51,15.44,24.0,0.97,19.74,18.36,70.11,23.12,0,low,Manipur
25.66753,91.87828,2175.7,39.92,5.75,13.33,0.27,32.69,10.28,77.96,30.31,0,low,Meghalaya
25.53168,93.99609,1266.9,57.08,0.29,9.84,0.02,26.37,11.1,77.63,32.69,0,low,Nagaland
25.25353,91.67027,1403.5,35.61,1.59,55.81,0.08,27.15,24.51,88.07,28.83,0,low,Meghalaya
27.06625,88.35063,2011.9,39.08,4.78,14.06,0.21,33.63,25.01,67.19,28.76,0,low,West Bengal
25.31212,91.69181,1332.5,48.67,6.34,35.6,0.4,34.8,22.62,92.1,34.58,0,low,Meghalaya
11.7764,76.27909,616.8,53.16,11.11,23.36,0.47,16.4,11.82,77.52,33.82,0,low,Kerala
23.54376,93.25548,1822.4,47.69,25.15,32.02,1.07,42.61,16.44,77.21,35.64,0,low,Mizoram
26.27741,91.78115,547.1,31.26,42.86,114.85,2.87,61.86,50.39,64.2,40.58,1,moderate,Assam
23.5067,93.31568,1476.8,32.63,140.93,352.52,18.85,75.82,85.9,75.63,81.41,3,critical,Mizoram
24.80596,93.92379,689.1,51.24,124.04,219.09,24.12,74.06,70.48,86.6,84.03,3,critical,Manipur
27.01076,88.19721,1784.7,43.58,3.9,9.16,0.19,31.63,10.22,69.53,25.82,0,low,West Bengal
31.26818,77.14248,2404.4,55.66,140.74,290.72,28.57,73.49,74.86,100.0,94.49,3,critical,Himachal Pradesh
27.40384,88.6541,1479.1,65.61,112.98,257.97,11.79,69.9,62.5,100.0,89.26,3,critical,Sikkim
25.76594,94.11597,1558.1,48.83,9.95,40.99,0.77,39.29,17.09,76.24,35.47,0,low,Nagaland
26.94781,88.24903,2005.0,46.46,46.93,117.17,7.19,51.65,63.35,72.46,54.12,1,moderate,West Bengal
27.18738,88.1912,2157.9,38.48,198.06,439.59,21.64,82.43,68.74,75.15,100.0,3,critical,West Bengal
27.14113,88.22499,2023.0,46.53,47.66,89.22,6.36,47.67,41.01,78.11,46.88,1,moderate,West Bengal
25.65136,91.87889,2158.7,31.13,111.34,280.15,12.19,76.07,76.39,81.45,71.23,2,high,Meghalaya
25.68856,94.20514,1144.2,44.49,59.34,110.42,6.35,60.45,39.03,91.16,55.6,1,moderate,Nagaland
31.09843,77.36529,2343.9,52.48,31.0,67.39,3.81,57.22,32.75,80.63,44.86,1,moderate,Himachal Pradesh
30.9974,77.16899,2220.4,52.82,36.98,104.4,2.69,55.11,51.19,78.55,53.78,1,moderate,Himachal Pradesh
11.66538,76.08849,883.8,44.69,7.5,15.34,0.34,18.13,28.27,90.0,30.45,0,low,Kerala
31.11662,77.14502,2247.2,48.13,21.79,71.19,2.1,35.0,59.03,93.95,43.18,1,moderate,Himachal Pradesh
27.17652,88.36271,2107.8,57.32,0.91,27.1,0.07,16.8,24.49,82.86,34.8,0,low,West Bengal
26.13385,91.96469,59.2,35.71,28.47,124.12,3.97,39.04,64.55,74.37,37.96,0,low,Assam
27.20499,88.25652,2087.7,37.48,14.81,20.86,0.73,26.68,30.12,74.92,28.56,0,low,West Bengal
26.94467,93.58774,729.6,36.39,1.98,22.02,0.08,22.37,20.85,47.44,19.76,0,low,Arunachal Pradesh
31.23281,77.1636,2386.7,66.95,222.92,527.78,69.81,89.28,94.13,87.76,100.0,3,critical,Himachal Pradesh
25.28011,91.88511,1280.0,42.58,125.39,334.33,15.69,85.34,79.1,96.11,86.64,3,critical,Meghalaya
11.61584,76.11344,1127.8,45.22,112.05,279.85,21.88,65.0,66.56,92.99,80.3,3,critical,Kerala
11.78231,76.16451,1091.3,38.13,18.83,26.73,0.92,34.19,14.71,91.65,30.74,0,low,Kerala
11.65932,76.00379,1079.9,41.89,261.56,604.58,104.69,91.82,78.04,98.64,100.0,3,critical,Kerala
30.72463,78.97624,3363.0,40.82,241.76,634.51,71.2,92.68,93.09,93.68,100.0,3,critical,Uttarakhand
26.98989,88.33262,2472.7,36.09,128.87,233.5,18.0,87.18,60.63,83.4,74.35,2,high,West Bengal
27.07864,93.52494,739.2,39.68,35.48,65.04,3.57,75.0,52.26,45.74,45.26,1,moderate,Arunachal Pradesh
31.13278,77.20941,2279.0,56.23,25.21,77.54,1.9,43.86,43.17,83.11,48.01,1,moderate,Himachal Pradesh
24.8087,93.98893,841.4,52.38,150.03,375.95,15.05,79.13,73.38,80.93,88.51,3,critical,Manipur
11.51966,76.10101,1101.1,35.5,131.89,348.67,14.45,65.31,79.34,89.82,76.39,2,high,Kerala
24.83287,93.8412,622.4,42.08,113.36,322.3,20.6,77.04,57.27,84.86,84.68,3,critical,Manipur
26.10598,91.79703,319.1,32.39,11.8,15.42,0.51,28.38,5.0,68.0,25.01,0,low,Assam
30.73064,79.14783,3534.4,51.45,95.54,268.97,16.54,71.28,83.56,99.13,76.16,2,high,Uttarakhand
11.53495,76.10648,1094.7,38.1,32.76,110.66,2.2,71.96,57.61,92.34,53.9,1,moderate,Kerala
25.51434,91.76104,1858.4,41.93,25.87,54.51,1.41,49.26,21.52,85.49,37.05,0,low,Meghalaya
31.0759,77.11252,2290.0,50.96,4.38,13.51,0.22,30.09,27.12,86.82,41.69,1,moderate,Himachal Pradesh
25.97623,91.84643,113.2,43.02,130.38,338.95,20.62,83.58,64.16,72.91,85.78,3,critical,Assam
27.27483,88.60574,1688.1,41.48,34.24,102.71,2.55,48.24,55.74,87.92,43.21,1,moderate,Sikkim
30.79974,79.02657,3517.1,47.42,29.45,40.47,1.31,29.42,30.72,83.5,32.01,0,low,Uttarakhand
24.91188,93.88726,1053.0,49.54,0.84,2.35,0.05,32.53,39.02,93.89,37.58,0,low,Manipur
23.46309,93.33067,1550.0,40.0,55.45,116.66,7.7,71.97,70.0,70.67,52.23,1,moderate,Mizoram
30.80491,79.12428,3581.6,48.61,32.49,130.61,2.71,35.0,55.44,73.04,44.61,1,moderate,Uttarakhand
26.13643,91.67352,295.3,35.44,3.74,5.59,0.21,31.92,25.09,67.21,24.53,0,low,Assam
25.36489,91.85323,1347.0,45.97,50.74,133.95,7.88,58.84,54.09,85.97,54.28,1,moderate,Meghalaya
27.16036,88.31388,2001.8,43.57,94.62,304.35,9.98,87.39,64.82,79.55,79.78,2,high,West Bengal
27.14422,93.63846,672.4,35.38,53.0,133.92,3.46,35.0,44.67,48.91,37.56,0,low,Arunachal Pradesh
31.07744,77.16464,2455.6,56.18,48.12,80.82,4.01,69.04,47.85,71.18,58.81,1,moderate,Himachal Pradesh
25.11009,91.73272,1522.1,51.0,154.87,301.7,26.24,67.16,56.93,93.34,88.52,3,critical,Meghalaya
30.70301,79.058,3787.9,59.54,9.56,22.02,0.44,20.13,26.03,89.86,35.92,0,low,Uttarakhand
25.73679,94.08115,1515.1,50.05,26.88,77.92,2.71,60.11,56.07,88.16,47.65,1,moderate,Nagaland
30.97034,77.19198,2230.3,65.78,44.38,112.93,3.76,58.97,43.23,95.02,67.31,2,high,Himachal Pradesh
25.56291,91.85491,2101.8,29.76,2.7,13.18,0.18,31.81,24.58,73.05,24.0,0,low,Meghalaya
31.05638,77.25306,2236.9,66.35,47.46,82.82,5.24,62.29,45.38,90.38,65.19,2,high,Himachal Pradesh
11.76318,76.15569,967.6,59.89,60.46,133.08,5.03,59.42,64.37,94.13,65.78,2,high,Kerala
25.66975,91.82841,1761.1,47.05,120.18,287.47,28.54,81.21,80.28,91.39,87.19,3,critical,Meghalaya
30.82705,78.99794,3474.7,53.63,2.22,27.87,0.1,36.34,14.85,85.27,39.38,0,low,Uttarakhand
23.38949,93.38946,1781.6,41.56,1.97,2.52,0.12,14.41,32.68,86.48,26.68,0,low,Mizoram
31.04503,77.09219,2506.1,63.96,216.99,409.63,68.48,93.09,76.82,100.0,100.0,3,critical,Himachal Pradesh
27.06887,88.25065,2191.3,31.11,24.44,95.73,3.3,45.78,53.09,95.07,39.19,0,low,West Bengal
25.23094,91.78067,1433.4,36.76,0.54,27.49,0.04,31.99,24.37,84.12,24.96,0,low,Meghalaya
25.4475,91.71728,1474.3,35.87,8.46,11.53,0.55,18.32,20.14,100.0,23.78,0,low,Meghalaya
25.22935,91.71818,1362.0,59.62,10.71,20.3,0.47,33.0,30.36,94.61,39.01,0,low,Meghalaya
25.58096,93.98284,1530.8,49.14,158.45,331.51,26.34,93.65,84.65,84.09,96.92,3,critical,Nagaland
27.0834,88.64211,1553.4,60.89,153.72,350.82,19.7,65.55,82.9,92.12,97.8,3,critical,Sikkim
25.51762,94.01405,1430.2,50.11,13.8,19.94,0.83,35.6,25.68,79.46,31.59,0,low,Nagaland
27.23314,88.20907,2123.6,52.41,65.79,142.01,5.72,57.88,33.67,80.81,60.72,2,high,West Bengal
25.33868,91.71123,1435.7,36.41,118.49,296.67,16.09,73.88,89.64,89.6,81.08,3,critical,Meghalaya
25.6581,94.08829,1270.6,43.86,61.58,124.54,8.59,46.6,57.84,79.95,53.2,1,moderate,Nagaland
31.07981,77.32842,2379.4,54.04,35.66,96.63,2.88,46.09,48.5,76.62,48.24,1,moderate,Himachal Pradesh
27.37033,88.64813,1442.5,51.03,106.91,249.53,11.13,83.17,74.69,91.12,82.45,3,critical,Sikkim
31.02458,77.24918,2326.3,53.3,155.92,327.44,18.14,75.6,68.65,84.26,94.94,3,critical,Himachal Pradesh
11.70266,76.03529,1053.2,49.57,136.28,339.84,20.57,85.83,60.38,94.72,90.86,3,critical,Kerala
24.83704,93.97502,894.6,44.74,0.58,6.63,0.04,24.46,14.23,93.41,28.38,0,low,Manipur
30.62068,78.98012,4005.5,64.29,122.38,311.37,13.87,69.46,77.8,90.22,91.19,3,critical,Uttarakhand
23.4228,93.31138,1831.5,45.76,109.44,284.29,13.43,74.84,88.18,82.68,72.59,2,high,Mizoram
27.12373,93.73058,867.6,26.7,0.26,10.96,0.01,34.54,22.05,62.69,15.56,0,low,Arunachal Pradesh
26.10831,91.65531,50.0,37.02,53.09,130.83,7.94,47.73,43.76,88.43,44.75,1,moderate,Assam
30.67459,79.12809,3492.7,67.52,31.48,127.52,2.27,43.06,52.87,84.17,62.13,2,high,Uttarakhand
25.69427,94.12649,1223.5,44.75,4.17,21.55,0.24,34.59,18.45,79.99,33.86,0,low,Nagaland
24.67438,93.83904,802.4,48.58,59.88,134.24,6.29,63.21,63.64,93.77,62.72,2,high,Manipur
27.1601,93.55675,647.5,39.48,6.21,8.14,0.4,30.14,25.22,71.0,21.33,0,low,Arunachal Pradesh
25.28733,91.64794,1595.1,56.49,50.42,125.33,6.41,72.27,70.0,96.26,63.66,2,high,Meghalaya
23.31013,93.38638,1736.8,41.94,184.16,541.9,39.94,88.12,80.78,60.15,100.0,3,critical,Mizoram
25.50909,91.69358,2169.5,31.24,40.03,105.35,4.55,56.69,44.0,76.97,42.16,1,moderate,Meghalaya
27.05404,88.1359,2015.7,26.92,43.67,127.52,4.2,60.09,38.94,71.64,39.4,0,low,West Bengal
31.11173,77.12399,2266.7,60.96,76.62,286.96,9.39,92.34,72.28,87.71,89.45,3,critical,Himachal Pradesh
26.21263,91.73139,192.8,28.03,28.41,42.96,1.28,35.62,31.6,81.9,26.13,0,low,Assam
27.42011,88.73816,1796.7,62.16,18.51,39.12,1.28,23.64,26.82,86.24,42.86,1,moderate,Sikkim
26.9916,88.23035,2055.8,37.82,66.18,166.69,4.41,44.22,44.26,86.73,49.21,1,moderate,West Bengal
25.54097,93.97638,1782.1,55.86,35.1,82.22,5.5,64.23,55.26,84.15,56.29,1,moderate,Nagaland
27.3761,88.52932,1391.5,54.49,30.3,107.54,4.71,50.38,65.08,84.77,52.33,1,moderate,Sikkim
30.8509,78.89958,3883.8,60.67,1.34,28.07,0.08,16.35,30.53,100.0,39.25,0,low,Uttarakhand
23.4874,93.31368,1796.5,40.43,37.62,102.36,3.68,67.2,51.42,76.46,46.25,1,moderate,Mizoram
27.04494,93.6824,855.5,45.9,4.6,5.9,0.22,32.85,22.54,64.42,31.71,0,low,Arunachal Pradesh
23.49487,93.40782,1802.3,45.56,81.94,192.4,7.1,35.0,50.83,76.16,60.53,2,high,Mizoram
25.68312,94.06189,1259.5,41.93,51.54,131.27,3.59,44.17,58.87,80.16,51.33,1,moderate,Nagaland
24.92659,94.14606,734.8,35.89,87.12,262.22,12.1,65.0,65.98,71.51,60.67,2,high,Manipur
30.70195,79.09605,3670.0,49.34,51.22,119.66,3.69,54.94,46.72,94.63,61.42,2,high,Uttarakhand
27.14977,93.61758,717.7,28.76,58.63,142.93,9.41,69.82,30.05,55.84,45.51,1,moderate,Arunachal Pradesh
23.4971,93.21351,1547.8,32.71,153.49,280.07,21.69,95.0,84.06,73.97,88.92,3,critical,Mizoram
24.93209,93.87901,1136.7,40.61,18.04,58.85,0.85,35.62,27.49,80.21,33.89,0,low,Manipur
27.22292,93.55239,745.3,43.34,7.31,36.87,0.4,35.62,27.51,58.19,34.29,0,low,Arunachal Pradesh
27.07852,93.61822,675.4,22.41,56.49,143.43,6.28,54.52,35.62,60.41,42.21,1,moderate,Arunachal Pradesh
11.74739,76.15543,1128.0,54.46,53.72,149.53,8.28,35.0,41.88,90.22,55.33,1,moderate,Kerala
24.90027,93.92068,1014.2,51.67,108.97,283.44,17.79,77.06,55.0,80.54,81.86,3,critical,Manipur
11.93849,76.11291,1013.7,54.1,51.55,93.85,5.06,75.0,59.97,93.29,61.33,2,high,Kerala
31.25349,77.10315,2205.1,58.17,38.9,59.73,2.37,31.06,15.16,99.3,44.63,1,moderate,Himachal Pradesh
27.36209,88.7584,1803.0,56.28,3.16,3.82,0.19,26.29,34.67,97.24,36.07,0,low,Sikkim
11.79968,76.26746,977.1,38.54,144.79,381.15,15.76,84.67,69.06,79.64,90.43,3,critical,Kerala
25.52245,91.88879,1902.9,28.68,285.45,590.84,59.03,88.18,92.71,78.2,100.0,3,critical,Meghalaya
25.51785,91.81626,1772.9,37.56,3.85,28.8,0.19,50.0,32.57,73.78,34.56,0,low,Meghalaya
25.71051,94.14506,1367.2,50.62,1.2,16.77,0.05,28.55,37.96,91.54,37.16,0,low,Nagaland
11.74351,76.21839,1054.1,41.37,2.46,50.96,0.13,26.47,8.83,100.0,27.62,0,low,Kerala
26.95543,93.62686,554.1,31.72,74.79,230.35,8.2,72.9,77.74,56.73,59.27,1,moderate,Arunachal Pradesh
27.254,93.64401,835.6,29.17,138.57,336.03,17.29,69.24,80.7,48.55,74.03,2,high,Arunachal Pradesh
30.66455,79.18645,3821.3,65.53,62.35,136.51,10.28,57.51,52.51,100.0,73.38,2,high,Uttarakhand
11.8568,76.06822,808.8,61.98,3.88,7.23,0.25,15.49,23.49,84.62,42.28,1,moderate,Kerala
24.78037,94.04621,715.3,42.09,127.77,238.41,20.53,85.13,72.33,75.92,79.07,2,high,Manipur
27.11846,88.18647,1881.5,64.17,50.68,116.85,3.44,57.07,46.4,74.42,64.12,2,high,West Bengal
30.71786,79.00426,3425.3,70.03,24.48,59.98,2.92,75.0,44.53,94.66,67.71,2,high,Uttarakhand
25.53857,91.79189,1954.2,32.14,5.63,10.44,0.25,16.44,20.85,96.13,25.22,0,low,Meghalaya
26.19215,91.76703,50.0,44.58,56.14,130.43,3.85,75.0,57.94,70.69,57.41,1,moderate,Assam
26.13397,91.77117,178.2,51.4,237.31,545.33,53.38,99.0,89.02,66.31,100.0,3,critical,Assam
25.28872,91.71012,1610.1,49.12,169.73,529.01,43.12,89.63,75.0,76.26,100.0,3,critical,Meghalaya
25.55857,94.05236,1437.0,33.59,30.54,81.92,2.67,35.0,54.36,82.05,33.4,0,low,Nagaland
30.67715,79.07502,3606.9,47.15,79.75,245.42,9.44,82.49,89.19,94.96,73.85,2,high,Uttarakhand
11.57929,76.11872,1018.4,42.2,55.11,83.19,8.71,39.59,35.32,91.19,45.29,1,moderate,Kerala
27.33444,88.62943,1270.8,43.45,226.79,477.56,53.36,94.29,98.0,82.24,100.0,3,critical,Sikkim
26.9943,88.24688,2171.6,51.17,150.88,319.13,27.14,95.0,73.98,83.79,99.25,3,critical,West Bengal
25.67223,92.03622,1956.0,37.97,55.72,129.28,4.98,63.02,46.87,83.62,53.76,1,moderate,Meghalaya
24.74873,93.85786,733.3,41.8,19.92,41.63,0.99,32.16,28.32,81.14,30.81,0,low,Manipur
24.85053,93.95023,827.9,29.95,91.85,381.35,10.65,73.93,81.71,76.88,71.44,2,high,Manipur
25.314,91.65253,1445.8,37.33,49.8,137.75,4.33,54.1,51.25,87.19,46.9,1,moderate,Meghalaya
30.6987,79.0113,3753.1,44.0,161.6,327.42,17.97,70.67,83.19,99.34,86.06,3,critical,Uttarakhand
30.61841,79.01818,3547.2,60.93,7.19,37.64,0.44,27.04,20.94,82.67,39.23,0,low,Uttarakhand
30.75461,79.05509,3602.4,54.81,261.22,571.63,74.62,93.8,79.42,100.0,100.0,3,critical,Uttarakhand
11.65793,76.08369,1254.8,45.92,32.76,78.19,3.94,51.13,51.82,90.58,41.96,1,moderate,Kerala
30.76386,79.11484,3564.6,44.01,109.8,289.22,26.96,80.24,83.57,97.38,84.15,3,critical,Uttarakhand
24.8274,93.98941,803.9,41.37,40.7,73.13,2.55,45.24,49.06,77.41,46.15,1,moderate,Manipur
25.59338,91.9487,1760.2,34.91,98.14,286.18,12.03,77.24,66.62,78.19,68.38,2,high,Meghalaya
25.64639,94.04245,1391.5,56.39,109.77,275.26,14.2,84.69,66.6,73.67,83.62,3,critical,Nagaland
24.8315,94.03753,535.1,33.8,105.02,262.73,11.94,86.63,55.0,88.92,74.42,2,high,Manipur
24.859,94.04136,837.3,40.84,52.16,117.39,3.88,60.47,52.13,87.8,48.47,1,moderate,Manipur
23.54143,93.3223,1478.6,34.28,2.0,46.58,0.09,39.65,27.32,67.62,22.48,0,low,Mizoram
27.17489,93.62793,696.3,46.05,43.3,86.68,5.42,72.93,49.51,62.23,56.02,1,moderate,Arunachal Pradesh
11.72419,76.04192,1002.3,45.57,13.72,52.42,0.6,21.45,22.77,87.3,30.93,0,low,Kerala
23.48054,93.33342,1558.9,39.72,33.93,129.09,4.3,73.19,46.82,63.9,53.86,1,moderate,Mizoram
27.27434,88.59725,1917.7,50.68,104.96,289.73,16.99,65.0,83.61,78.38,76.86,2,high,Sikkim
24.76345,93.91581,567.8,49.33,45.82,131.92,4.35,59.6,32.5,81.22,53.41,1,moderate,Manipur
24.75707,93.95103,980.3,40.29,37.8,42.83,3.0,32.58,17.01,85.57,34.12,0,low,Manipur
11.82668,76.08939,876.5,43.56,7.99,14.82,0.49,16.0,14.38,96.84,30.15,0,low,Kerala
27.29421,88.67816,1884.6,45.36,60.7,139.05,4.93,55.02,40.53,92.7,52.87,1,moderate,Sikkim
23.45302,93.24509,1614.1,44.68,138.77,415.49,14.35,87.33,71.44,57.7,94.3,3,critical,Mizoram
26.16318,91.65079,99.2,49.12,24.46,77.67,2.36,40.79,55.32,75.21,43.86,1,moderate,Assam
27.03638,88.28794,2132.3,36.9,160.69,238.31,38.21,83.08,74.19,80.08,84.76,3,critical,West Bengal
26.16856,91.62092,50.0,32.11,0.42,6.52,0.02,35.95,26.79,75.86,27.93,0,low,Assam
31.13645,77.11758,2061.2,59.6,40.04,84.08,2.76,35.0,60.69,99.65,53.34,1,moderate,Himachal Pradesh
30.99666,77.22959,2516.5,54.83,60.15,131.12,8.51,36.63,61.99,82.21,60.52,2,high,Himachal Pradesh
25.32783,91.73894,1581.1,52.14,40.45,84.65,3.15,54.98,65.93,92.21,53.6,1,moderate,Meghalaya
27.26124,88.72335,1893.6,36.39,202.01,521.46,52.17,93.42,93.42,89.74,100.0,3,critical,Sikkim
11.63026,76.0458,1012.8,41.8,22.76,44.26,1.93,35.0,62.07,100.0,43.65,1,moderate,Kerala
30.9687,77.15469,2442.0,35.24,25.52,30.15,1.28,38.34,28.54,100.0,33.88,0,low,Himachal Pradesh
25.58043,91.91223,1676.0,40.97,13.11,13.73,1.0,39.02,18.87,73.93,28.24,0,low,Meghalaya
25.32503,91.68096,1421.4,57.47,2.43,7.6,0.17,29.4,31.05,94.73,37.74,0,low,Meghalaya
31.14822,77.16994,2094.0,50.98,120.18,243.53,16.05,77.4,72.11,98.83,84.29,3,critical,Himachal Pradesh
25.08097,91.64922,1522.9,64.46,98.16,252.27,11.26,79.53,68.54,92.17,85.65,3,critical,Meghalaya
27.34036,88.5906,1302.9,52.16,37.31,113.91,3.22,39.66,63.82,91.41,46.69,1,moderate,Sikkim
30.74682,79.0206,3637.1,58.87,56.59,133.43,7.45,58.36,30.0,85.09,59.73,1,moderate,Uttarakhand
27.29522,88.49038,1651.2,51.94,3.96,36.85,0.32,15.49,21.66,80.03,31.74,0,low,Sikkim
25.75282,94.26419,1545.8,36.12,137.88,309.37,22.06,80.59,90.0,75.24,83.84,3,critical,Nagaland
25.4834,91.8269,1853.0,32.99,11.13,22.24,0.49,15.25,28.38,84.67,22.16,0,low,Meghalaya
24.86803,93.92673,737.8,55.04,111.83,294.17,14.29,69.74,71.78,76.71,82.81,3,critical,Manipur
23.69811,93.33787,1392.2,26.78,2.2,4.49,0.11,50.0,5.0,77.84,26.67,0,low,Mizoram
25.38028,91.67628,1421.8,40.62,5.27,27.99,0.25,15.21,11.16,92.06,29.94,0,low,Meghalaya
23.46203,93.29978,1554.9,42.35,159.07,341.73,34.06,82.13,75.96,89.66,95.8,3,critical,Mizoram
27.12848,88.2333,2080.7,40.21,7.26,29.16,0.36,42.33,17.58,93.8,31.68,0,low,West Bengal
30.80442,79.10897,3512.0,70.86,38.09,71.3,2.6,65.44,40.61,100.0,64.08,2,high,Uttarakhand
25.64558,94.08559,1413.7,48.78,123.42,318.82,17.16,74.13,71.19,76.19,83.0,3,critical,Nagaland
25.52027,91.92881,1962.0,27.21,102.63,306.05,10.43,83.44,84.14,68.64,68.4,2,high,Meghalaya
27.25361,88.48674,1466.8,58.92,35.89,105.2,2.95,41.5,33.9,86.44,52.54,1,moderate,Sikkim
27.35968,88.5512,1523.0,65.95,5.37,12.65,0.26,19.97,29.23,87.29,46.17,1,moderate,Sikkim
27.26903,88.42526,1664.8,45.7,39.68,103.55,4.52,37.72,30.0,82.73,42.11,1,moderate,Sikkim
27.08958,93.65031,736.8,18.03,263.87,679.39,105.85,91.94,91.02,47.51,100.0,3,critical,Arunachal Pradesh
23.49871,93.25703,1623.6,47.13,10.3,21.31,0.83,40.47,35.71,72.58,33.04,0,low,Mizoram
27.17212,93.55926,548.8,35.35,14.42,19.6,0.62,23.01,27.68,46.08,23.49,0,low,Arunachal Pradesh
11.62687,76.17438,1004.6,50.74,63.71,100.83,4.62,53.21,70.0,99.3,56.19,1,moderate,Kerala
11.89588,76.07522,882.9,51.42,60.73,106.46,6.32,49.3,60.41,86.75,51.26,1,moderate,Kerala
23.41773,93.29315,1519.0,49.43,218.42,444.14,38.6,86.1,82.81,66.83,100.0,3,critical,Mizoram
27.07998,93.43072,823.8,31.55,12.81,51.52,1.03,35.87,28.61,54.72,30.13,0,low,Arunachal Pradesh
23.58526,93.4205,1584.2,38.83,223.36,522.46,89.79,97.86,77.82,72.36,100.0,3,critical,Mizoram
11.64696,76.13658,944.7,54.68,7.77,37.63,0.42,34.4,12.11,100.0,35.11,0,low,Kerala
25.17262,91.74276,1296.1,52.11,60.94,272.56,12.35,90.4,66.44,92.28,81.23,3,critical,Meghalaya
30.58692,79.09417,3829.8,53.05,11.03,25.85,0.63,50.0,19.7,92.35,39.76,0,low,Uttarakhand
26.11625,91.91762,191.2,30.95,36.48,88.06,4.38,53.6,38.97,76.42,46.22,1,moderate,Assam
24.79164,93.88865,783.8,44.32,112.67,216.7,11.39,65.37,74.53,72.97,66.03,2,high,Manipur
26.09324,91.83706,50.0,42.01,7.96,43.45,0.35,22.5,18.47,65.04,24.03,0,low,Assam
26.14009,91.78534,323.1,46.8,90.38,236.6,16.57,78.51,82.27,67.64,68.69,2,high,Assam
26.97263,88.28901,2040.8,44.48,3.22,4.44,0.19,27.62,18.08,90.64,26.18,0,low,West Bengal
25.56133,94.05087,1522.0,45.33,183.26,527.12,63.59,96.65,76.1,79.5,100.0,3,critical,Nagaland
25.59457,94.21015,1370.3,36.7,54.92,135.76,4.4,75.0,60.83,81.56,57.14,1,moderate,Nagaland
27.20654,93.54882,523.6,43.46,28.58,31.61,1.99,14.23,35.56,51.48,30.79,0,low,Arunachal Pradesh
25.52486,91.86309,1628.6,40.44,87.97,274.82,14.83,84.7,69.68,91.69,75.79,2,high,Meghalaya
25.57305,91.85134,1893.3,40.95,16.79,63.81,1.18,50.22,64.78,87.34,36.56,0,low,Meghalaya
25.16756,91.74516,1581.1,37.96,59.07,103.61,8.56,55.01,33.31,93.48,51.81,1,moderate,Meghalaya
25.27418,91.64515,1322.4,37.72,0.04,16.69,0.0,10.0,22.58,99.82,16.59,0,low,Meghalaya
30.68914,78.95641,3413.5,66.09,138.58,442.52,43.74,89.33,87.51,88.76,100.0,3,critical,Uttarakhand
11.70845,75.9475,909.9,46.03,52.84,119.9,3.75,68.51,36.24,100.0,55.69,1,moderate,Kerala
30.70831,78.97472,3522.7,75.0,42.73,68.63,2.86,45.6,70.0,88.88,65.36,2,high,Uttarakhand
26.21148,91.6884,273.2,35.48,1.03,10.82,0.04,37.56,40.27,68.7,28.16,0,low,Assam
27.06564,88.26923,1983.5,41.19,63.27,106.29,8.96,46.17,52.97,76.94,44.38,1,moderate,West Bengal
30.72439,78.94843,3379.3,50.75,80.11,118.73,8.25,58.27,61.15,100.0,60.19,2,high,Uttarakhand
27.28172,88.7323,1361.8,57.25,30.58,102.31,2.23,35.0,38.02,78.66,50.49,1,moderate,Sikkim
25.27227,91.73238,1570.7,43.87,1.28,2.49,0.06,25.38,35.05,92.77,26.71,0,low,Meghalaya
26.20339,91.80956,50.0,32.59,3.04,18.27,0.13,26.07,28.93,65.07,22.43,0,low,Assam
25.39945,91.76848,1827.7,40.72,50.08,106.44,3.17,75.0,46.67,76.89,54.94,1,moderate,Meghalaya
24.8764,93.95539,958.8,24.91,15.64,34.63,1.07,18.79,32.43,89.92,21.61,0,low,Manipur
27.44727,88.6974,1728.4,48.41,36.13,60.94,2.53,60.81,49.02,81.95,43.36,1,moderate,Sikkim
27.34014,88.67027,1449.6,66.78,52.0,126.79,4.75,53.86,45.66,91.47,65.95,2,high,Sikkim
11.72967,76.12592,882.0,50.76,15.74,18.8,0.9,30.51,23.04,95.68,34.43,0,low,Kerala
27.22245,93.66544,444.8,47.08,11.12,14.55,0.62,45.54,18.07,71.18,30.33,0,low,Arunachal Pradesh
25.52828,91.95051,1802.3,44.09,233.28,514.92,85.58,88.92,90.01,80.37,100.0,3,critical,Meghalaya
31.00252,79.09345,3810.3,68.75,141.72,216.43,17.97,88.34,90.0,86.07,100.0,3,critical,Uttarakhand
25.68052,94.10233,1370.2,44.71,1.45,3.24,0.07,36.71,29.67,85.81,27.44,0,low,Nagaland
31.08398,77.1175,2464.8,49.88,112.13,321.06,11.5,78.27,71.65,85.14,84.67,3,critical,Himachal Pradesh
31.02363,77.2411,2382.5,52.19,2.14,6.13,0.09,25.04,13.07,90.26,30.88,0,low,Himachal Pradesh
27.13864,88.63776,1627.1,47.47,44.33,141.04,4.17,35.0,57.23,95.11,50.07,1,moderate,Sikkim
25.61056,94.03875,1510.4,44.69,75.3,275.64,15.67,65.0,56.45,80.62,65.49,2,high,Nagaland
30.7091,79.05112,3787.5,69.02,232.98,698.85,55.78,99.0,93.04,86.15,100.0,3,critical,Uttarakhand
27.14073,88.27719,2110.0,48.64,190.91,440.72,62.58,90.86,77.53,76.6,100.0,3,critical,West Bengal
24.73706,93.89728,699.0,30.33,11.21,18.98,0.79,29.85,31.24,74.74,21.29,0,low,Manipur
30.72467,78.99689,3421.3,47.61,179.78,503.61,43.86,94.13,86.27,89.03,100.0,3,critical,Uttarakhand
25.26995,91.83403,2075.6,38.88,88.76,254.05,11.81,86.13,73.4,81.27,72.8,2,high,Meghalaya
11.76952,76.17507,949.8,56.17,23.11,88.33,1.46,52.02,30.0,99.75,50.64,1,moderate,Kerala
30.75407,78.96461,3656.1,72.92,10.78,23.18,0.8,36.64,21.57,100.0,48.4,1,moderate,Uttarakhand
25.61015,94.08985,1502.2,25.29,186.42,508.03,45.91,94.02,85.49,78.14,100.0,3,critical,Nagaland
24.77839,93.79244,653.3,53.54,14.56,22.65,0.92,43.18,22.0,68.45,43.13,1,moderate,Manipur
30.68972,79.15208,3655.4,52.16,11.24,40.93,0.54,50.0,12.32,100.0,45.47,1,moderate,Uttarakhand
25.32543,91.77661,1310.0,32.74,150.05,336.43,17.76,84.57,79.29,88.86,86.59,3,critical,Meghalaya
11.76443,76.013,878.7,44.81,162.56,377.31,32.59,92.91,78.85,99.37,100.0,3,critical,Kerala
25.63587,91.87115,1897.8,50.36,33.75,50.52,4.29,56.37,50.04,85.97,48.03,1,moderate,Meghalaya
25.6652,94.13082,1444.0,44.93,245.45,526.68,47.19,89.17,93.54,88.47,100.0,3,critical,Nagaland
25.20894,91.58561,1185.9,48.38,8.7,11.22,0.49,20.96,19.79,94.08,31.53,0,low,Meghalaya
27.00656,88.33164,2117.7,34.99,46.33,83.55,4.69,49.74,63.43,88.51,42.75,1,moderate,West Bengal
30.841,79.03927,3531.3,57.04,51.49,125.53,8.55,66.0,54.99,95.17,64.02,2,high,Uttarakhand
25.45217,91.63124,1275.2,44.48,120.44,320.77,12.71,78.49,82.31,100.0,85.95,3,critical,Meghalaya
24.76173,93.94286,730.1,32.39,226.85,492.45,90.63,99.0,75.0,90.05,100.0,3,critical,Manipur
27.19948,93.67414,841.4,43.83,60.96,94.57,4.27,58.4,53.66,64.67,43.25,1,moderate,Arunachal Pradesh
25.72403,94.08944,1300.9,50.33,7.95,49.09,0.36,26.66,16.24,83.37,32.51,0,low,Nagaland
31.18405,77.26708,2340.1,62.92,110.88,321.55,19.61,77.55,70.18,67.57,90.12,3,critical,Himachal Pradesh
26.34029,91.55343,232.6,19.25,134.64,344.81,32.7,74.09,69.47,84.05,81.29,3,critical,Assam
26.95385,93.70792,748.8,42.68,43.52,132.54,2.93,75.0,55.18,53.34,53.08,1,moderate,Arunachal Pradesh
27.3443,88.59609,1799.4,57.89,174.52,461.06,39.64,91.11,89.83,81.14,100.0,3,critical,Sikkim
24.88653,93.97369,833.4,23.83,5.42,58.23,0.26,31.84,19.94,91.65,21.85,0,low,Manipur
25.64194,94.15863,1627.4,58.97,3.29,14.43,0.15,50.0,13.99,84.13,41.05,1,moderate,Nagaland
27.28384,88.50385,1559.4,53.75,124.85,270.81,30.64,84.01,78.47,94.39,93.85,3,critical,Sikkim
25.53855,91.89346,2033.7,39.59,4.83,48.12,0.25,27.72,34.63,100.0,27.04,0,low,Meghalaya
24.74649,93.9797,1015.3,45.51,7.01,35.71,0.3,23.67,25.25,67.52,30.29,0,low,Manipur
31.15063,77.12614,2634.8,55.91,186.16,509.86,40.01,91.78,78.85,86.12,100.0,3,critical,Himachal Pradesh
24.81358,94.03707,998.1,30.45,24.74,30.38,1.03,44.16,31.0,79.67,33.34,0,low,Manipur
23.44643,93.2572,1551.0,54.2,1.22,32.47,0.1,26.52,33.36,66.28,36.28,0,low,Mizoram
30.98741,77.12291,2247.3,39.95,157.98,334.51,27.94,74.43,73.3,95.1,91.08,3,critical,Himachal Pradesh
27.11243,88.3905,1914.8,42.72,43.14,82.44,3.67,36.7,67.58,77.12,47.47,1,moderate,West Bengal
27.54607,88.60391,1790.5,48.23,262.27,635.05,62.36,87.5,81.81,95.33,100.0,3,critical,Sikkim
23.42471,93.33729,1589.2,30.56,16.19,17.03,0.7,41.15,24.5,73.59,21.95,0,low,Mizoram
11.75505,76.21192,996.8,52.56,39.64,108.3,3.75,55.0,48.25,98.14,53.34,1,moderate,Kerala
25.56367,91.88083,1897.1,28.74,9.88,12.98,0.55,42.72,33.46,88.77,27.79,0,low,Meghalaya
31.02177,77.1887,2372.0,36.26,47.13,94.65,3.05,41.88,42.66,82.43,40.41,1,moderate,Himachal Pradesh
25.30124,91.72174,1469.8,43.34,42.99,113.43,3.39,45.2,50.89,72.49,45.23,1,moderate,Meghalaya
27.1713,93.75111,825.2,36.02,29.31,88.07,2.12,50.96,60.63,58.22,38.16,0,low,Arunachal Pradesh
26.9497,88.20103,1900.0,36.95,42.08,99.47,4.03,62.1,39.44,80.68,47.72,1,moderate,West Bengal
27.44559,88.65637,1883.8,34.45,3.32,16.48,0.17,24.85,25.26,92.69,29.68,0,low,Sikkim
24.87477,93.90505,657.8,53.69,33.23,99.07,3.88,48.89,49.94,85.91,46.25,1,moderate,Manipur
25.52526,91.85353,1756.3,34.57,230.38,609.95,56.18,94.25,88.86,91.48,100.0,3,critical,Meghalaya
26.06467,91.77047,274.7,42.0,236.26,575.37,51.04,86.52,82.51,67.93,100.0,3,critical,Assam
25.70322,94.04518,1611.1,54.91,48.46,84.52,7.68,35.66,60.63,78.97,53.85,1,moderate,Nagaland
24.81909,93.88635,861.8,51.99,12.77,39.18,0.71,37.58,23.63,77.64,41.28,1,moderate,Manipur
25.17084,91.60977,1318.1,42.71,2.13,12.65,0.09,23.85,23.57,98.03,28.49,0,low,Meghalaya
27.51664,88.64232,1628.8,45.15,32.61,104.48,2.74,64.12,30.0,83.05,52.09,1,moderate,Sikkim
25.32513,91.67531,1388.9,47.89,122.93,289.45,14.14,81.1,78.93,93.2,86.41,3,critical,Meghalaya
25.64651,94.04653,1478.9,46.01,41.14,150.37,4.28,81.84,71.98,86.03,69.23,2,high,Nagaland
11.66543,76.18107,963.9,70.32,0.85,4.07,0.05,39.12,21.97,83.88,42.54,1,moderate,Kerala
25.20422,91.74949,1466.7,43.94,43.15,50.19,2.62,32.32,19.25,88.23,36.65,0,low,Meghalaya
25.33833,91.8819,1928.9,34.18,186.94,587.67,45.36,88.76,80.75,71.39,100.0,3,critical,Meghalaya
30.85823,78.99864,3611.6,54.23,11.01,22.19,0.46,26.0,21.85,95.53,39.53,0,low,Uttarakhand
26.10085,91.90066,50.0,43.2,57.57,116.58,7.43,70.41,52.23,74.0,53.8,1,moderate,Assam
27.2976,88.62035,1597.0,52.25,61.63,114.97,7.43,41.62,48.16,83.53,54.9,1,moderate,Sikkim
25.35844,91.82496,1525.8,38.86,10.72,122.35,0.85,18.54,24.49,100.0,34.71,0,low,Meghalaya
24.77295,93.92839,649.4,40.79,17.55,24.28,1.19,37.79,29.71,84.38,28.04,0,low,Manipur
27.0959,93.55777,768.8,35.45,168.57,301.75,20.42,80.87,90.0,61.62,83.96,3,critical,Arunachal Pradesh
27.11516,93.66937,869.2,40.45,207.12,521.6,72.2,95.47,90.26,51.51,100.0,3,critical,Arunachal Pradesh
11.61635,76.05702,748.0,58.03,12.22,53.19,0.91,23.8,21.79,100.0,43.47,1,moderate,Kerala
26.07227,91.68051,173.1,50.14,137.48,224.12,19.03,85.64,64.46,81.44,86.13,3,critical,Assam
25.99412,91.62997,93.5,37.83,43.1,94.41,3.05,64.51,41.9,59.14,46.34,1,moderate,Assam
24.85793,93.88981,1089.3,55.35,246.6,606.14,87.56,95.75,78.59,63.57,100.0,3,critical,Manipur
11.57875,76.14967,924.4,40.03,135.55,321.75,16.22,94.4,55.0,98.01,80.81,3,critical,Kerala
25.49622,91.76989,1896.4,40.09,0.67,20.81,0.05,32.51,19.89,87.15,27.5,0,low,Meghalaya
26.05759,91.63568,434.6,37.42,57.25,97.05,3.58,38.08,41.97,63.33,44.01,1,moderate,Assam
25.63782,91.7365,2130.9,58.48,53.99,109.03,4.72,58.38,51.39,87.02,61.59,2,high,Meghalaya
30.74644,79.04541,3428.8,56.49,14.39,24.01,0.78,38.71,18.61,96.18,42.05,1,moderate,Uttarakhand
25.25518,91.71961,1436.6,46.82,4.96,18.5,0.28,50.0,18.57,99.71,42.21,1,moderate,Meghalaya
30.81812,79.1093,3379.8,62.64,74.95,159.15,6.21,43.95,48.8,95.96,65.23,2,high,Uttarakhand
31.17196,77.17194,2221.9,52.5,105.32,275.4,19.12,82.57,67.01,80.88,82.72,3,critical,Himachal Pradesh
30.72235,79.15464,3474.5,56.05,23.28,46.22,1.08,28.27,8.77,100.0,42.17,1,moderate,Uttarakhand
26.97335,88.35987,1970.5,44.77,31.81,94.36,4.87,62.09,41.62,77.71,50.09,1,moderate,West Bengal
26.21346,91.71978,74.2,17.26,27.91,86.14,4.57,73.56,41.3,63.78,42.79,1,moderate,Assam
25.68847,94.11285,1529.9,43.9,26.48,115.22,2.77,35.0,55.51,91.61,46.72,1,moderate,Nagaland
24.86248,93.75191,906.6,47.1,121.99,284.43,14.79,75.14,62.03,74.62,82.32,3,critical,Manipur
31.06552,77.11998,2751.1,42.59,134.36,283.4,14.81,84.52,75.11,89.87,81.91,3,critical,Himachal Pradesh
11.71451,76.13796,859.3,50.81,11.29,27.22,0.5,11.48,40.65,95.35,34.45,0,low,Kerala
24.80469,93.90426,754.7,50.43,43.69,129.57,6.7,60.25,53.57,80.81,55.72,1,moderate,Manipur
27.11851,88.21396,2387.5,47.68,153.3,289.42,17.55,95.0,76.87,79.42,89.97,3,critical,West Bengal
27.17742,93.51901,865.7,37.03,10.27,26.86,0.51,18.95,38.14,54.36,24.3,0,low,Arunachal Pradesh
31.05701,77.21806,2184.0,45.88,138.0,351.17,27.78,83.06,79.75,89.03,98.81,3,critical,Himachal Pradesh
30.84222,79.07484,3286.0,61.97,25.75,71.68,2.09,52.87,36.7,86.48,60.52,2,high,Uttarakhand
31.07392,77.03751,2365.3,59.58,118.9,254.43,14.02,70.18,61.84,76.4,83.62,3,critical,Himachal Pradesh
24.73284,93.88774,954.9,24.44,76.07,267.75,8.09,75.25,75.47,93.35,62.47,2,high,Manipur
27.40108,88.60291,1650.5,47.8,103.42,309.02,16.97,71.93,82.52,81.4,81.05,3,critical,Sikkim
27.28635,88.64853,1674.5,40.26,15.68,40.44,0.89,19.0,28.97,92.67,26.77,0,low,Sikkim
23.50333,93.26688,1571.6,39.82,8.48,8.71,0.37,10.0,26.53,76.64,24.79,0,low,Mizoram
25.71893,94.02452,1516.2,45.79,38.49,86.81,3.3,75.0,57.51,66.92,44.72,1,moderate,Nagaland
25.53892,91.78146,1916.0,35.89,175.4,558.91,71.02,93.47,82.35,88.07,100.0,3,critical,Meghalaya
27.06343,88.17643,2113.0,48.65,40.17,72.92,6.26,57.91,49.74,68.13,50.82,1,moderate,West Bengal
27.17208,93.51297,648.7,47.59,241.53,598.0,92.42,95.11,88.35,48.76,100.0,3,critical,Arunachal Pradesh
30.92208,77.2215,2614.8,42.6,24.26,59.25,3.15,64.92,50.32,100.0,47.0,1,moderate,Himachal Pradesh
27.03392,88.2736,1763.3,47.6,50.32,223.31,9.66,78.56,76.54,76.4,67.02,2,high,West Bengal
31.14142,77.13688,2201.2,56.13,21.51,32.24,1.46,21.7,31.7,100.0,40.11,1,moderate,Himachal Pradesh
31.03199,77.01495,2365.7,47.24,30.66,45.47,1.49,27.78,24.23,88.89,36.17,0,low,Himachal Pradesh
31.05967,77.21685,2460.1,41.68,17.05,26.42,0.98,25.95,15.99,97.26,28.96,0,low,Himachal Pradesh
24.81378,93.8989,717.0,45.35,56.57,131.74,5.2,61.86,50.11,83.14,53.87,1,moderate,Manipur
30.77647,79.10088,3537.9,64.75,111.09,272.62,26.96,82.19,67.28,86.01,100.0,3,critical,Uttarakhand
23.38978,93.35567,1804.9,37.33,9.92,32.0,0.44,45.22,29.11,87.64,37.0,0,low,Mizoram
26.06365,91.76324,275.3,37.76,35.54,77.69,2.54,56.58,51.35,68.19,44.14,1,moderate,Assam
23.60085,93.23007,2036.5,36.97,36.49,120.62,4.01,54.7,47.65,71.62,46.38,1,moderate,Mizoram
31.24012,77.30947,2320.8,38.24,7.0,10.8,0.38,27.92,5.0,91.3,26.33,0,low,Himachal Pradesh
26.27774,91.70808,145.9,44.96,1.58,25.13,0.09,24.88,30.39,51.24,29.01,0,low,Assam
24.91788,93.99041,859.3,45.21,67.58,120.35,10.72,63.48,52.44,72.83,56.34,1,moderate,Manipur
31.12331,77.21114,2299.7,34.72,68.96,139.17,8.73,47.03,47.97,82.89,50.26,1,moderate,Himachal Pradesh
26.28358,91.68101,50.0,33.9,7.54,23.17,0.49,39.96,29.8,68.5,29.82,0,low,Assam
25.70831,94.06232,1641.5,47.61,329.94,592.78,59.04,88.7,91.14,74.92,100.0,3,critical,Nagaland
23.39401,93.31547,1763.1,39.78,218.92,500.64,74.86,95.97,96.75,76.42,100.0,3,critical,Mizoram
26.0471,91.81619,80.9,48.47,1.96,3.17,0.1,47.63,24.42,57.83,29.92,0,low,Assam
31.08095,77.11183,2353.0,41.4,112.04,338.51,24.83,84.85,80.99,91.43,88.37,3,critical,Himachal Pradesh
26.9996,93.61705,759.1,33.14,3.8,17.61,0.21,13.86,17.95,59.67,17.85,0,low,Arunachal Pradesh
25.65469,91.72123,1858.3,41.25,68.64,129.14,7.31,35.0,52.72,88.3,53.12,1,moderate,Meghalaya
31.12193,77.1741,2228.5,50.96,0.29,4.14,0.01,29.16,15.65,81.67,28.71,0,low,Himachal Pradesh
26.01848,91.64381,286.1,34.51,112.1,295.38,23.38,65.0,77.46,66.61,74.05,2,high,Assam
25.19484,91.81954,1385.8,59.62,43.78,62.34,4.53,43.58,63.78,100.0,55.97,1,moderate,Meghalaya
25.58717,91.65785,2166.0,36.1,142.23,298.07,20.86,71.19,86.68,90.49,79.15,2,high,Meghalaya
31.1139,77.19426,2071.4,40.63,10.54,78.13,0.72,40.01,34.82,89.34,35.84,0,low,Himachal Pradesh
23.35631,93.47087,1693.0,42.56,13.99,108.7,0.89,63.43,60.88,79.63,40.07,1,moderate,Mizoram
25.50164,92.00035,1683.8,37.83,51.18,88.42,3.44,46.38,39.11,75.33,49.52,1,moderate,Meghalaya
26.96831,88.09767,1938.4,52.65,38.02,92.9,3.91,47.89,45.59,72.38,47.7,1,moderate,West Bengal
11.6637,76.16069,757.4,47.11,1.4,24.92,0.08,29.05,7.38,93.37,32.94,0,low,Kerala
31.14794,77.14516,2298.7,50.1,135.79,241.98,16.16,73.73,71.56,96.85,82.75,3,critical,Himachal Pradesh
23.55217,93.29931,1691.0,38.12,104.05,287.87,19.64,65.0,67.03,58.8,73.96,2,high,Mizoram
31.0825,77.07547,2346.7,60.74,49.71,104.72,4.45,58.94,52.12,97.26,66.67,2,high,Himachal Pradesh
27.41198,88.68271,1500.4,43.54,119.2,333.09,13.52,76.49,62.33,85.71,84.28,3,critical,Sikkim
27.12735,93.63931,833.3,36.61,69.98,119.47,4.68,46.04,48.41,61.72,45.52,1,moderate,Arunachal Pradesh
27.06437,93.6185,647.1,26.92,0.44,24.51,0.02,38.16,29.02,69.47,25.51,0,low,Arunachal Pradesh
25.62459,91.86353,1699.7,38.36,197.63,394.57,35.58,96.73,75.0,82.93,100.0,3,critical,Meghalaya
11.76321,76.11606,1094.7,53.14,39.49,90.52,3.93,74.62,46.68,100.0,60.52,2,high,Kerala
25.74914,94.20305,1540.0,39.5,23.49,80.88,3.58,47.89,60.81,67.99,42.15,1,moderate,Nagaland
25.18502,91.76789,1292.1,60.4,205.51,504.1,44.29,94.78,89.59,85.73,100.0,3,critical,Meghalaya
27.36198,88.55554,1594.7,59.57,29.07,31.4,1.27,10.0,17.19,90.58,42.65,1,moderate,Sikkim
27.17798,88.44094,1796.7,33.19,34.66,77.95,2.41,52.67,39.73,73.93,42.43,1,moderate,West Bengal
24.67827,93.73774,795.2,48.25,34.15,82.53,2.67,35.0,58.25,86.01,51.84,1,moderate,Manipur
31.14221,77.10736,2203.8,44.94,11.35,14.77,0.48,39.2,19.79,96.78,31.87,0,low,Himachal Pradesh
25.50356,91.8896,2032.2,47.66,51.12,112.44,4.45,36.67,70.0,94.43,54.42,1,moderate,Meghalaya
23.49283,93.31764,1668.4,41.97,13.37,45.41,0.92,17.04,17.58,73.8,21.6,0,low,Mizoram
11.68237,76.15646,1117.4,38.98,278.78,574.57,60.08,98.25,82.08,84.0,100.0,3,critical,Kerala
23.58301,93.30229,1508.4,48.07,210.68,561.97,42.23,92.42,76.65,68.87,100.0,3,critical,Mizoram
27.09204,88.20792,1880.5,31.6,195.72,478.84,80.73,95.77,79.56,69.91,100.0,3,critical,West Bengal
30.71195,78.92959,3647.2,58.62,134.2,226.8,27.5,89.25,85.01,92.21,99.07,3,critical,Uttarakhand
30.79036,78.90187,3690.3,53.01,25.09,116.45,2.01,47.67,41.43,90.5,54.91,1,moderate,Uttarakhand
23.48592,93.32758,1618.4,46.19,55.55,81.18,6.1,42.36,54.09,67.8,47.42,1,moderate,Mizoram
23.48629,93.35672,1602.1,48.21,37.92,111.72,2.37,58.43,35.55,72.14,46.47,1,moderate,Mizoram
11.7019,76.14938,1003.1,42.22,72.32,155.44,8.17,41.64,61.41,97.51,53.93,1,moderate,Kerala
25.66042,94.11184,1521.8,46.62,180.36,373.86,19.54,89.68,87.86,70.95,98.88,3,critical,Nagaland
25.45552,91.786,1824.5,48.08,24.78,65.44,2.7,69.18,70.0,80.07,48.73,1,moderate,Meghalaya
25.28175,91.68823,1891.5,58.88,3.84,17.34,0.26,32.33,19.55,82.04,41.17,1,moderate,Meghalaya
24.73014,93.92593,1255.9,55.85,222.97,557.77,99.94,89.44,94.41,74.01,100.0,3,critical,Manipur
27.0138,93.55786,693.2,38.9,0.91,59.41,0.06,32.0,23.97,61.88,21.65,0,low,Arunachal Pradesh
23.33701,93.30185,1701.3,44.7,26.69,63.95,1.72,35.0,49.48,71.02,32.34,0,low,Mizoram
26.99524,88.14589,2022.6,29.43,46.19,103.85,4.84,54.54,48.5,77.61,42.47,1,moderate,West Bengal
27.18095,93.58329,815.6,38.66,118.03,303.42,20.83,88.78,67.7,43.32,82.7,3,critical,Arunachal Pradesh
24.83713,93.78734,875.6,40.61,41.37,94.49,5.26,39.92,46.51,78.66,44.09,1,moderate,Manipur
25.71251,91.83954,1904.6,37.51,11.19,24.79,0.72,10.0,16.34,81.08,22.64,0,low,Meghalaya
27.26785,88.59014,1696.4,50.3,57.33,58.89,2.84,36.73,19.97,90.84,39.91,0,low,Sikkim
26.04607,91.68353,50.0,33.28,44.94,100.61,2.99,57.77,45.97,77.41,43.04,1,moderate,Assam
31.20473,77.19673,2536.0,43.82,362.48,679.51,63.36,90.6,88.73,89.77,100.0,3,critical,Himachal Pradesh
27.31296,88.58949,1741.6,49.36,3.13,50.87,0.21,31.92,17.54,100.0,34.09,0,low,Sikkim
27.33231,88.5856,1619.5,48.77,125.82,306.23,16.06,83.9,69.49,95.85,95.98,3,critical,Sikkim
27.15005,88.26414,2079.1,48.19,67.92,129.17,4.72,57.44,70.0,84.37,58.44,1,moderate,West Bengal
25.41619,91.88632,1989.9,55.41,192.96,496.86,32.77,93.78,89.26,72.48,100.0,3,critical,Meghalaya
27.23334,88.49082,1657.3,61.14,46.66,95.07,5.99,58.05,48.61,98.03,53.94,1,moderate,Sikkim
23.42471,93.35275,1742.2,48.78,79.91,267.51,13.57,66.6,73.88,75.01,74.78,2,high,Mizoram
25.7928,94.13964,1455.8,50.31,51.28,147.16,4.57,45.77,51.87,84.61,52.54,1,moderate,Nagaland
24.83538,94.04527,841.9,38.58,153.28,370.83,36.11,84.58,64.67,85.25,91.95,3,critical,Manipur
26.14461,91.71028,206.9,28.03,14.56,27.75,1.12,18.01,26.27,71.12,24.81,0,low,Assam
30.88825,79.09124,3448.8,59.68,15.01,30.65,0.63,30.02,27.82,100.0,40.22,1,moderate,Uttarakhand
25.60183,91.93265,2011.3,46.52,53.13,105.75,6.18,52.12,43.11,83.3,51.8,1,moderate,Meghalaya
27.1336,88.22624,1964.3,53.13,118.73,270.61,26.38,72.72,63.24,83.29,89.42,3,critical,West Bengal
23.50474,93.32226,1320.2,56.88,122.22,319.95,13.51,76.13,85.68,75.33,92.62,3,critical,Mizoram
25.06501,91.71472,1791.9,54.28,208.17,649.24,64.1,93.08,93.01,91.85,100.0,3,critical,Meghalaya
25.25618,91.79175,1496.2,42.13,64.26,248.71,7.97,81.22,78.68,93.83,71.39,2,high,Meghalaya
27.2497,93.58342,779.4,25.85,4.7,46.12,0.32,31.84,22.21,63.33,22.18,0,low,Arunachal Pradesh
31.23945,77.05164,2258.4,41.91,7.58,27.36,0.48,32.65,26.36,100.0,32.91,0,low,Himachal Pradesh
27.04354,88.18996,1838.5,49.63,140.41,312.87,27.47,71.95,69.36,68.7,91.18,3,critical,West Bengal
24.80671,93.90331,970.3,41.32,56.96,134.53,6.51,35.0,48.36,81.27,48.4,1,moderate,Manipur
24.79244,93.8508,891.6,37.97,16.05,55.96,0.75,32.53,35.12,100.0,33.57,0,low,Manipur
27.09571,93.74144,846.1,30.82,45.62,105.3,3.46,60.72,30.0,44.54,36.9,0,low,Arunachal Pradesh
25.63033,94.17804,1639.7,55.15,215.92,620.63,70.68,82.0,78.36,93.84,100.0,3,critical,Nagaland
31.02529,77.31348,2176.5,45.03,31.33,101.49,4.94,51.14,58.2,96.56,55.37,1,moderate,Himachal Pradesh
27.09491,88.19826,2055.5,61.62,25.28,59.22,1.21,49.61,28.11,94.34,49.23,1,moderate,West Bengal
25.58627,94.12529,1623.1,49.05,136.91,298.61,14.84,85.51,61.98,87.93,90.37,3,critical,Nagaland
23.37541,93.42526,1808.9,47.09,300.52,607.49,55.26,96.12,84.39,62.09,100.0,3,critical,Mizoram
25.14821,91.81902,1335.6,60.27,68.78,231.49,11.02,78.69,76.6,87.71,82.04,3,critical,Meghalaya
31.1684,77.14769,2417.1,51.71,48.46,123.59,6.75,52.2,70.0,85.18,60.42,2,high,Himachal Pradesh
11.62503,76.16689,1081.5,39.67,229.68,554.1,41.22,89.8,76.64,86.96,100.0,3,critical,Kerala
27.14963,93.59535,770.2,19.67,4.43,20.36,0.2,36.79,16.29,51.16,17.69,0,low,Arunachal Pradesh
25.22862,91.84275,1774.8,45.1,66.8,109.35,9.4,64.52,36.56,88.44,53.33,1,moderate,Meghalaya
31.00167,77.09238,2525.9,49.47,61.52,116.37,4.47,62.75,52.84,89.28,53.63,1,moderate,Himachal Pradesh
23.55217,93.29789,1973.9,48.66,33.88,80.77,3.21,55.12,63.62,68.11,49.89,1,moderate,Mizoram
11.62727,76.26839,1040.1,45.26,82.52,314.69,10.35,92.2,71.8,95.01,85.19,3,critical,Kerala
31.21987,77.22269,2123.3,67.59,19.72,37.35,1.46,28.84,30.09,77.88,46.12,1,moderate,Himachal Pradesh
27.00249,88.19241,2006.6,42.15,96.39,349.75,15.18,84.36,74.13,78.51,76.17,2,high,West Bengal
23.43903,93.30393,1577.1,45.56,35.32,94.33,3.41,48.12,66.7,73.46,47.03,1,moderate,Mizoram
26.97645,93.63361,841.0,28.37,31.46,88.65,4.75,71.63,47.92,55.88,43.27,1,moderate,Arunachal Pradesh
31.07098,77.04449,2286.4,50.25,237.15,636.1,46.91,94.0,98.0,85.2,100.0,3,critical,Himachal Pradesh
25.76294,94.12016,1361.7,33.54,24.77,97.81,3.45,41.99,48.41,78.69,35.07,0,low,Nagaland
27.32204,88.55975,1753.0,59.36,230.37,538.92,67.45,83.71,95.03,88.37,100.0,3,critical,Sikkim
30.77168,79.11979,3631.7,53.3,6.46,19.35,0.52,25.24,25.21,100.0,39.11,0,low,Uttarakhand
27.18965,93.61766,747.2,47.32,55.94,103.11,7.32,40.83,51.76,63.43,46.98,1,moderate,Arunachal Pradesh
30.96234,77.1981,2560.5,53.41,140.04,273.29,21.1,73.19,90.0,88.23,91.26,3,critical,Himachal Pradesh
27.08077,88.11779,2102.5,38.31,1.3,5.27,0.09,25.68,21.82,76.33,23.47,0,low,West Bengal
25.3573,91.77873,1266.2,45.47,47.13,92.14,3.48,57.7,51.34,100.0,51.02,1,moderate,Meghalaya
30.71102,79.09976,3650.7,51.12,102.49,305.54,19.12,66.03,72.59,94.24,78.77,2,high,Uttarakhand
27.15884,88.29155,2165.0,54.84,94.31,285.31,12.29,78.64,81.44,88.22,84.59,3,critical,West Bengal
30.63276,79.19983,3794.4,55.16,19.12,37.96,1.8,51.12,49.06,84.38,47.13,1,moderate,Uttarakhand
27.182,93.67999,901.5,27.62,78.72,145.45,9.58,59.4,59.02,50.64,47.85,1,moderate,Arunachal Pradesh
25.62356,94.02659,1281.1,41.78,65.4,154.61,6.85,62.92,42.69,79.62,54.69,1,moderate,Nagaland
23.43832,93.17054,1444.5,35.46,48.98,91.44,6.69,59.42,38.72,61.65,41.04,1,moderate,Mizoram
26.13773,91.63807,393.9,27.74,98.11,165.18,11.87,88.79,78.78,65.82,65.0,2,high,Assam
26.12842,91.75832,159.2,43.62,137.24,265.71,28.07,81.62,55.94,75.09,87.62,3,critical,Assam
25.98722,91.66585,191.6,24.44,132.8,263.73,19.6,67.8,84.82,68.95,72.86,2,high,Assam
26.02145,91.7426,304.2,24.1,11.07,13.36,0.53,26.24,26.78,70.6,20.15,0,low,Assam
26.96442,88.22653,2022.3,33.95,148.96,282.87,20.76,95.0,75.52,85.37,82.87,3,critical,West Bengal
27.03009,88.25461,1886.0,46.42,222.21,507.18,41.58,90.62,96.48,68.99,100.0,3,critical,West Bengal
26.94125,93.74261,810.2,35.03,204.41,510.49,82.85,91.53,95.53,72.08,100.0,3,critical,Arunachal Pradesh
24.88828,93.72098,514.9,52.03,3.92,49.3,0.28,25.73,14.3,80.97,34.51,0,low,Manipur
25.22614,91.79667,1264.3,49.76,37.3,99.63,2.58,44.86,44.69,100.0,50.34,1,moderate,Meghalaya
25.21147,91.88124,1437.4,54.15,50.45,160.15,4.2,70.03,46.03,87.13,59.33,1,moderate,Meghalaya
23.36532,93.26524,1554.9,41.59,15.15,53.61,0.64,18.85,22.22,77.49,29.55,0,low,Mizoram
11.73009,76.18245,974.5,50.3,144.43,303.45,31.23,73.05,80.68,100.0,92.38,3,critical,Kerala
25.25395,91.7594,1586.1,32.36,126.41,274.34,29.43,65.0,80.56,89.05,75.65,2,high,Meghalaya
31.17925,77.12803,2059.0,65.97,52.33,106.06,4.47,35.31,45.67,89.52,56.1,1,moderate,Himachal Pradesh
25.16202,91.87145,1478.0,36.74,46.66,133.42,3.77,67.09,43.71,88.47,49.53,1,moderate,Meghalaya
27.34168,88.57575,1435.0,69.53,126.6,302.33,22.28,86.96,79.22,79.55,100.0,3,critical,Sikkim
25.54114,91.94288,2202.9,47.83,65.66,132.24,4.25,35.0,56.06,84.33,50.52,1,moderate,Meghalaya
27.00635,88.16886,2031.9,58.5,4.59,6.66,0.32,10.0,33.04,65.9,32.98,0,low,West Bengal
23.62741,93.30995,1528.2,29.72,1.51,8.03,0.12,35.36,15.18,57.95,20.8,0,low,Mizoram
27.14835,93.56848,786.5,35.9,61.31,119.86,6.03,59.83,50.82,66.95,50.39,1,moderate,Arunachal Pradesh
25.29856,91.67457,1564.9,50.46,1.95,22.78,0.09,36.3,24.83,98.5,36.6,0,low,Meghalaya
27.05042,93.6332,738.4,32.38,98.77,266.39,19.39,79.05,85.43,62.71,70.2,2,high,Arunachal Pradesh
23.33225,93.4911,1693.6,45.39,58.47,80.41,8.41,53.57,48.3,65.74,48.07,1,moderate,Mizoram
27.18958,93.653,415.1,37.18,28.7,104.13,2.76,35.93,52.63,59.7,39.89,0,low,Arunachal Pradesh
26.05163,91.67554,425.5,31.7,105.94,324.3,11.6,69.15,88.77,79.86,73.06,2,high,Assam
27.23266,88.54327,1731.4,62.07,54.48,111.79,4.83,62.26,51.11,92.86,61.35,2,high,Sikkim
27.33806,88.7842,1584.3,44.8,12.11,29.79,0.69,23.25,21.76,92.34,28.91,0,low,Sikkim
11.83494,75.91329,964.3,31.08,34.51,135.7,3.89,48.59,40.25,96.72,40.85,1,moderate,Kerala
23.46439,93.32976,1771.0,43.43,44.05,94.88,3.45,64.19,34.68,65.46,46.95,1,moderate,Mizoram
25.69709,94.01313,1332.1,47.87,41.38,90.27,5.72,60.41,35.11,64.5,46.48,1,moderate,Nagaland
25.6274,94.17561,1383.3,48.15,33.34,66.98,1.68,25.29,23.52,78.21,35.5,0,low,Nagaland
11.61835,75.91952,846.0,53.84,115.65,284.06,16.0,93.21,66.58,90.59,93.65,3,critical,Kerala
30.62835,78.97865,3409.7,60.62,44.22,125.27,5.01,41.88,48.17,85.8,54.48,1,moderate,Uttarakhand
11.63886,76.27408,788.0,49.71,15.83,89.21,1.22,35.0,47.03,100.0,38.91,0,low,Kerala
26.03547,91.76956,50.0,40.17,0.05,31.94,0.0,23.13,26.41,60.67,24.36,0,low,Assam
11.65673,76.17252,850.6,53.4,46.69,107.45,3.23,49.63,43.91,100.0,56.32,1,moderate,Kerala
23.48833,93.23631,1797.1,26.46,44.39,103.75,2.94,42.11,40.69,66.97,37.42,0,low,Mizoram
11.49731,76.16397,863.9,46.07,17.02,26.66,0.87,13.52,21.88,93.24,26.93,0,low,Kerala
25.6255,91.76712,1797.7,62.48,11.03,44.96,0.87,29.68,28.46,99.01,43.21,1,moderate,Meghalaya
27.11894,88.15794,1850.8,47.75,7.12,11.53,0.55,21.23,36.74,93.72,30.21,0,low,West Bengal
11.78549,76.15666,701.1,43.95,0.55,5.29,0.04,26.36,35.77,89.96,24.22,0,low,Kerala
27.10622,93.6025,806.1,37.32,80.27,290.34,8.72,73.55,69.13,58.7,68.11,2,high,Arunachal Pradesh
31.13784,77.14476,1916.4,46.16,20.22,80.93,1.27,71.54,63.39,75.38,49.96,1,moderate,Himachal Pradesh
24.87619,93.93686,749.8,42.08,59.69,134.15,4.69,70.8,47.32,78.0,57.51,1,moderate,Manipur
11.6358,76.07235,688.0,62.15,4.2,43.96,0.2,23.69,30.58,99.14,42.64,1,moderate,Kerala
31.04232,77.12863,2361.8,36.91,3.21,18.07,0.26,37.25,23.75,81.27,25.19,0,low,Himachal Pradesh
11.71136,76.07464,1010.5,51.21,4.36,6.35,0.22,25.84,18.75,91.56,34.13,0,low,Kerala
25.32331,91.76701,1171.1,42.58,90.57,252.15,9.62,70.92,69.02,100.0,75.75,2,high,Meghalaya
25.36901,91.76038,1284.8,45.52,10.29,24.07,0.51,22.9,33.73,87.09,30.06,0,low,Meghalaya
25.49403,91.84314,1913.4,35.57,19.12,32.92,0.81,43.91,17.11,89.57,33.11,0,low,Meghalaya
27.11181,88.27147,2096.7,46.41,44.71,91.42,3.69,57.77,46.58,83.52,54.05,1,moderate,West Bengal
25.28167,91.77682,1507.2,54.56,10.19,16.45,0.43,24.67,17.79,94.59,33.1,0,low,Meghalaya
27.08685,88.1852,1871.6,48.61,195.68,550.21,77.28,98.75,98.0,95.33,100.0,3,critical,West Bengal
11.78663,76.06181,1029.1,28.2,52.08,143.52,5.08,56.51,60.29,89.9,49.92,1,moderate,Kerala
23.42095,93.40401,1563.9,44.97,152.11,344.47,16.78,83.68,62.09,78.84,84.83,3,critical,Mizoram
24.74982,93.92601,712.0,37.33,46.91,112.59,3.22,50.78,44.23,98.23,40.92,1,moderate,Manipur
27.1248,93.64577,508.5,27.86,61.72,145.18,7.13,71.32,70.0,56.67,53.63,1,moderate,Arunachal Pradesh
27.1595,93.54537,634.0,50.16,46.79,126.7,5.87,52.99,59.12,67.86,46.74,1,moderate,Arunachal Pradesh
26.95808,93.6859,725.4,48.12,48.47,102.27,5.96,56.15,45.49,61.14,49.69,1,moderate,Arunachal Pradesh
11.84663,76.17675,723.2,60.17,28.38,66.95,4.68,52.65,70.0,85.62,54.16,1,moderate,Kerala
25.60164,93.9618,1466.3,60.85,2.73,25.27,0.12,50.0,7.76,82.25,44.33,1,moderate,Nagaland
26.21667,91.6274,241.6,30.45,4.28,24.34,0.22,33.35,20.74,78.77,20.36,0,low,Assam
27.16268,93.72427,500.3,30.69,4.78,11.26,0.26,35.81,31.34,66.25,23.48,0,low,Arunachal Pradesh
11.68145,76.20941,1069.0,48.71,36.63,96.55,2.47,73.52,68.42,74.94,52.12,1,moderate,Kerala
25.52624,91.98505,1985.8,42.1,23.53,115.04,1.53,44.64,65.43,98.1,45.9,1,moderate,Meghalaya
24.66416,93.88929,766.8,37.61,143.25,335.92,35.81,70.98,68.21,67.79,84.32,3,critical,Manipur
25.95823,91.60288,50.0,30.51,253.73,361.27,95.62,99.0,75.0,60.41,100.0,3,critical,Assam
26.06483,91.64606,93.7,32.18,92.84,222.06,20.07,72.33,61.0,69.99,62.75,2,high,Assam
25.25077,91.70001,1536.6,51.55,154.78,308.49,16.5,72.5,78.26,89.11,85.61,3,critical,Meghalaya
24.90622,93.88132,997.4,38.44,224.23,509.73,42.82,87.92,85.21,79.37,100.0,3,critical,Manipur
27.12928,88.31996,2054.4,46.14,31.53,43.25,2.15,43.03,29.63,88.45,38.3,0,low,West Bengal
27.02367,88.3078,1879.1,49.1,182.95,503.05,31.36,88.66,97.93,89.11,100.0,3,critical,West Bengal
27.35263,88.59731,1534.2,48.87,141.95,365.16,22.93,89.96,70.73,84.81,93.34,3,critical,Sikkim
25.54378,91.92557,1895.5,50.57,6.45,9.66,0.33,23.21,24.77,87.36,33.47,0,low,Meghalaya
26.18031,91.73682,242.7,33.13,153.07,339.13,25.59,72.46,90.0,73.79,80.55,3,critical,Assam
26.98583,93.63339,747.2,32.71,49.85,66.41,3.98,57.78,49.88,44.1,39.93,0,low,Arunachal Pradesh
30.75838,79.11191,3595.3,57.12,132.64,351.47,32.11,75.45,84.7,100.0,98.43,3,critical,Uttarakhand
27.17285,93.42181,916.7,25.68,0.59,6.07,0.03,22.95,19.75,49.42,12.24,0,low,Arunachal Pradesh
11.64718,76.02437,1146.3,50.07,55.0,107.87,4.11,55.45,31.58,94.85,53.07,1,moderate,Kerala
27.08906,88.38274,2198.5,45.14,8.59,14.59,0.47,34.24,33.58,85.13,33.56,0,low,West Bengal
30.77929,78.95191,3612.4,75.0,10.86,41.37,0.62,13.97,29.46,92.14,49.48,1,moderate,Uttarakhand
24.76818,93.97429,637.8,47.94,13.16,75.31,1.7,69.4,44.66,78.52,46.8,1,moderate,Manipur
27.10711,88.31809,1965.1,39.1,120.27,360.12,23.72,79.12,68.5,77.37,86.15,3,critical,West Bengal
23.49311,93.31869,1545.3,46.73,48.1,182.54,4.82,71.59,85.13,57.61,60.51,2,high,Mizoram
27.0052,88.25998,2202.1,49.36,138.07,355.51,14.57,78.97,68.29,85.99,80.69,3,critical,West Bengal
25.68654,94.07723,1545.5,40.56,3.95,7.57,0.16,36.26,17.51,88.66,33.74,0,low,Nagaland
25.43411,91.83513,2092.6,44.81,50.74,98.95,5.35,59.95,52.5,89.55,44.85,1,moderate,Meghalaya
24.79985,93.89336,794.1,37.73,185.99,450.63,43.84,94.34,82.16,81.12,100.0,3,critical,Manipur
11.602,76.13741,977.9,48.57,296.1,626.44,96.26,96.85,87.92,100.0,100.0,3,critical,Kerala
24.89886,94.0832,729.7,49.52,15.03,88.92,1.07,42.22,57.69,82.27,51.32,1,moderate,Manipur
30.64975,79.04481,3404.7,51.12,8.34,37.12,0.36,37.3,24.71,97.27,39.88,0,low,Uttarakhand
26.06147,91.9238,324.4,36.51,274.54,505.53,57.61,99.0,98.0,82.66,100.0,3,critical,Assam
23.39309,93.24897,1713.3,27.79,21.54,22.39,1.0,44.09,19.41,71.95,28.89,0,low,Mizoram
25.46464,91.82616,1928.9,48.7,21.22,103.21,1.82,52.74,54.79,82.43,44.72,1,moderate,Meghalaya
27.03109,93.68831,620.4,40.95,16.69,41.89,0.82,40.36,17.61,50.3,25.98,0,low,Arunachal Pradesh
30.99915,77.14771,2397.2,56.05,19.38,68.72,1.4,21.13,23.57,95.46,41.58,1,moderate,Himachal Pradesh
23.19373,93.35076,1530.1,43.2,2.37,22.31,0.11,21.19,15.34,65.53,21.63,0,low,Mizoram
25.78581,94.12509,1449.9,49.39,208.88,541.91,40.4,86.85,75.0,86.56,100.0,3,critical,Nagaland
25.68345,94.04216,1609.7,49.96,37.12,111.76,2.78,55.39,38.17,63.82,48.69,1,moderate,Nagaland
26.95976,88.27653,2123.9,46.23,53.72,85.06,4.26,41.49,30.0,87.6,50.62,1,moderate,West Bengal
25.5905,91.7779,2126.7,38.98,37.0,113.13,4.41,52.26,48.29,95.06,46.11,1,moderate,Meghalaya
25.49273,91.9696,1953.3,45.0,84.51,258.27,11.18,90.06,83.23,84.08,74.79,2,high,Meghalaya
27.06928,93.61084,665.2,25.48,61.62,146.45,4.35,35.14,54.05,58.28,37.1,0,low,Arunachal Pradesh
25.81249,94.07625,1424.7,45.08,53.58,116.28,4.69,50.97,36.82,67.24,49.67,1,moderate,Nagaland
23.42737,93.3901,1555.5,46.26,48.23,221.86,8.32,71.86,85.44,83.4,64.18,2,high,Mizoram
11.74091,76.23294,726.7,50.01,2.98,4.49,0.17,35.95,27.08,91.21,28.28,0,low,Kerala
26.18066,91.86302,308.9,27.9,67.88,108.34,4.62,73.58,41.63,77.92,47.66,1,moderate,Assam
25.32467,91.71325,1590.9,66.91,78.57,302.85,11.68,85.13,61.61,85.71,93.24,3,critical,Meghalaya
30.84726,79.10869,3405.8,61.24,43.36,62.93,2.03,30.04,24.31,84.44,46.64,1,moderate,Uttarakhand
27.42303,88.59823,1654.6,39.96,12.79,27.23,0.98,36.27,19.44,97.13,33.17,0,low,Sikkim
27.37694,88.58848,1824.0,62.89,223.45,652.47,100.44,93.62,97.09,84.31,100.0,3,critical,Sikkim
25.50823,91.86668,1796.1,56.37,99.92,230.23,12.28,77.4,86.06,78.17,81.8,3,critical,Meghalaya
27.04337,93.65566,490.1,31.87,5.3,11.11,0.28,32.13,22.78,57.7,19.71,0,low,Arunachal Pradesh
25.25977,91.65356,1189.0,49.63,3.89,7.45,0.24,15.78,38.5,85.95,33.73,0,low,Meghalaya
31.05156,77.17959,2352.9,58.98,56.73,136.31,4.12,46.73,42.9,98.33,56.41,1,moderate,Himachal Pradesh
25.62673,94.0396,1631.9,46.06,1.06,40.26,0.05,25.09,16.4,71.77,26.22,0,low,Nagaland
31.07961,77.12901,2079.8,52.51,237.14,532.22,60.93,91.44,79.98,74.59,100.0,3,critical,Himachal Pradesh
26.38571,91.55582,325.4,31.85,104.19,347.38,13.59,93.37,65.35,57.06,80.74,3,critical,Assam
27.18351,93.67579,622.4,27.72,164.14,303.94,32.86,80.09,73.08,38.4,82.1,3,critical,Arunachal Pradesh
25.68611,94.1131,1452.2,46.74,66.28,122.73,10.32,62.55,54.18,75.56,61.96,2,high,Nagaland
26.11007,91.68352,124.9,27.31,5.77,63.07,0.85,55.73,48.83,60.92,29.02,0,low,Assam
31.09515,77.03468,2444.4,49.28,30.28,129.33,2.25,43.89,52.09,91.1,47.2,1,moderate,Himachal Pradesh
27.3027,88.6049,1788.5,55.61,214.0,498.35,61.51,90.12,81.78,85.67,100.0,3,critical,Sikkim
23.47541,93.25621,1732.1,55.18,64.95,84.29,7.03,57.67,45.56,72.19,56.74,1,moderate,Mizoram
27.36623,88.5887,1788.9,41.62,57.84,113.75,4.3,53.91,58.16,100.0,55.27,1,moderate,Sikkim
25.59149,92.03619,2292.0,42.64,3.27,5.86,0.23,42.37,29.9,54.31,23.45,0,low,Meghalaya
27.00094,88.2376,1771.8,34.85,112.99,280.46,13.43,75.8,73.34,81.77,73.39,2,high,West Bengal
25.97817,91.75531,50.0,43.76,34.51,94.07,3.18,75.0,36.16,70.11,47.33,1,moderate,Assam
25.50459,91.87062,2102.8,37.58,3.54,10.78,0.16,50.0,24.49,70.02,30.64,0,low,Meghalaya
24.92271,94.0755,607.3,40.07,21.77,43.29,1.12,22.87,26.06,81.17,28.49,0,low,Manipur
27.01122,93.64175,612.6,54.06,8.07,29.09,0.36,27.3,22.21,53.73,33.24,0,low,Arunachal Pradesh
25.67538,94.05121,1311.8,43.0,6.3,22.8,0.35,43.57,32.99,87.13,35.53,0,low,Nagaland
11.562,76.0791,993.4,43.61,31.2,66.91,2.0,57.36,47.32,84.32,44.21,1,moderate,Kerala
31.12078,77.12053,2409.6,56.68,12.53,36.54,1.01,33.52,28.14,83.52,38.89,0,low,Himachal Pradesh
25.54393,91.76186,2063.9,39.9,218.52,490.35,89.52,92.17,92.14,81.51,100.0,3,critical,Meghalaya
27.27595,88.6666,1706.2,41.76,12.61,17.96,0.9,41.38,21.44,82.17,29.3,0,low,Sikkim
23.39067,93.27732,1909.3,53.28,3.09,12.25,0.14,29.15,22.85,60.12,34.77,0,low,Mizoram
25.33174,91.50212,1602.3,34.08,169.61,538.05,51.39,85.77,84.73,89.1,100.0,3,critical,Meghalaya
27.02355,93.60417,548.7,34.9,12.77,36.32,0.76,20.71,17.64,52.37,26.46,0,low,Arunachal Pradesh
27.16052,93.65255,603.1,40.64,318.55,604.66,104.21,92.06,87.34,59.77,100.0,3,critical,Arunachal Pradesh
25.62123,91.77625,2115.1,36.82,0.13,34.4,0.01,24.9,15.18,87.9,23.28,0,low,Meghalaya
27.04282,88.149,2155.5,53.39,53.41,135.89,8.36,49.19,58.31,85.1,57.67,1,moderate,West Bengal
23.48215,93.46754,1802.5,37.54,57.06,106.56,4.31,41.39,42.81,74.81,45.5,1,moderate,Mizoram
11.77692,76.13903,1001.6,48.35,122.49,298.83,12.71,87.46,89.62,94.7,86.26,3,critical,Kerala
23.55358,93.12888,1692.8,31.38,55.71,97.84,8.68,75.0,40.25,71.79,52.18,1,moderate,Mizoram
27.03489,93.66951,791.8,30.51,57.88,106.2,4.52,55.59,55.62,58.99,41.6,1,moderate,Arunachal Pradesh
11.8343,76.01285,957.8,39.39,44.08,60.84,3.58,43.24,54.87,100.0,45.66,1,moderate,Kerala
30.74933,78.95625,3794.4,58.5,42.4,94.58,2.78,38.98,60.69,97.29,54.05,1,moderate,Uttarakhand
25.20512,91.64088,1468.8,49.7,107.07,264.47,13.15,83.39,76.49,98.26,84.74,3,critical,Meghalaya
27.04483,88.49327,2082.8,56.62,1.98,6.06,0.1,34.74,15.46,75.39,37.39,0,low,West Bengal
25.56016,94.15278,1613.0,34.11,19.33,20.02,1.19,19.35,30.76,76.55,25.68,0,low,Nagaland
24.80751,93.82369,856.5,51.41,46.4,102.68,7.7,68.28,55.91,91.51,60.5,2,high,Manipur
25.25797,91.70386,1273.6,38.62,10.08,12.06,0.78,24.49,26.45,95.71,31.95,0,low,Meghalaya
23.43454,93.30009,1786.9,42.85,37.57,123.45,3.68,38.77,47.12,68.52,46.08,1,moderate,Mizoram
25.29577,91.72911,1308.0,54.59,120.53,312.06,19.85,75.5,81.65,93.81,88.91,3,critical,Meghalaya
25.5566,91.76226,2238.2,51.52,38.93,138.89,3.39,69.15,40.78,83.39,54.69,1,moderate,Meghalaya
23.48712,93.27437,1916.2,39.33,15.34,62.27,0.72,36.96,25.8,62.91,31.9,0,low,Mizoram
25.86261,94.01344,1337.0,59.15,131.81,241.97,26.47,85.94,80.36,73.07,88.1,3,critical,Nagaland
25.62918,94.15149,1236.9,44.6,11.78,15.99,0.5,37.93,36.57,76.59,29.29,0,low,Nagaland
26.01805,91.86565,76.5,39.57,98.92,237.95,11.33,83.75,90.0,67.39,76.65,2,high,Assam
25.62525,93.97939,1389.0,53.45,81.59,133.15,13.13,75.0,49.14,88.09,69.66,2,high,Nagaland
25.54699,91.86872,2348.5,31.36,22.6,46.94,1.65,33.32,29.67,69.08,31.48,0,low,Meghalaya
26.07358,91.58139,218.5,33.02,216.48,534.97,37.93,91.29,82.49,59.01,100.0,3,critical,Assam
25.38348,91.53098,1621.5,50.7,28.87,112.99,3.15,68.7,53.39,82.34,52.0,1,moderate,Meghalaya
25.22059,91.70471,1522.4,57.63,199.74,349.79,52.14,92.08,84.15,90.88,100.0,3,critical,Meghalaya
11.71706,76.06275,960.6,55.59,51.17,131.97,5.51,75.0,69.9,89.53,66.78,2,high,Kerala
11.71581,76.14316,924.2,50.16,57.73,136.1,6.48,61.41,34.3,99.09,58.85,1,moderate,Kerala
27.2021,93.73887,635.9,43.07,82.57,138.08,9.38,49.54,53.86,62.06,53.35,1,moderate,Arunachal Pradesh
25.67659,91.80833,1769.2,34.84,0.32,12.43,0.01,43.37,34.77,74.31,27.73,0,low,Meghalaya
23.44101,93.16206,1714.4,46.61,1.4,14.46,0.08,31.87,26.18,68.48,30.35,0,low,Mizoram
23.49919,93.21609,1995.9,31.55,0.42,16.5,0.02,19.06,23.65,70.97,24.48,0,low,Mizoram
24.7645,93.97276,666.7,42.21,131.56,294.81,17.9,87.27,79.6,82.78,85.92,3,critical,Manipur
27.13131,93.47959,665.7,30.7,94.92,202.71,16.15,80.02,69.01,47.52,64.37,2,high,Arunachal Pradesh
25.31809,91.85563,2219.9,42.97,46.5,89.08,3.85,54.08,42.0,91.03,45.79,1,moderate,Meghalaya
27.44603,88.52023,1541.0,45.85,179.8,390.42,26.86,89.25,77.68,100.0,100.0,3,critical,Sikkim
23.52487,93.31945,1567.3,39.35,47.68,115.71,5.72,59.35,70.0,86.58,49.21,1,moderate,Mizoram
23.55184,93.34058,1520.1,46.33,34.23,85.08,5.35,65.71,54.44,73.29,50.17,1,moderate,Mizoram
25.73365,94.10656,1658.0,56.57,48.73,106.39,5.45,59.67,36.42,75.31,57.68,1,moderate,Nagaland
30.63177,78.96052,3491.2,65.01,53.36,107.66,7.94,73.34,49.57,89.55,75.38,2,high,Uttarakhand
25.60109,91.90206,1897.0,41.0,11.68,70.78,0.5,35.05,22.06,83.81,31.79,0,low,Meghalaya
25.33966,91.80591,1449.6,46.87,4.66,9.07,0.26,21.74,26.53,88.19,29.82,0,low,Meghalaya
30.6201,79.02834,3591.3,69.34,33.88,44.65,2.61,38.49,23.78,88.36,51.01,1,moderate,Uttarakhand
26.18085,91.74967,239.2,19.3,45.79,118.83,3.23,70.54,51.51,71.68,40.69,1,moderate,Assam
25.63106,94.14356,1681.3,35.93,144.92,397.12,14.67,78.27,90.0,80.85,87.42,3,critical,Nagaland
27.29546,88.50342,1467.4,41.67,20.99,26.27,0.88,44.77,20.48,92.82,37.01,0,low,Sikkim
30.76382,79.10266,3861.1,61.58,17.6,20.35,1.13,23.7,26.06,90.29,42.55,1,moderate,Uttarakhand
27.22668,88.51635,1739.3,40.75,18.24,38.55,0.79,36.18,23.21,86.62,31.91,0,low,Sikkim
23.45567,93.44866,1564.4,37.75,6.94,53.11,0.37,27.61,13.28,64.77,23.88,0,low,Mizoram
25.59138,93.98755,1745.2,46.22,16.02,22.13,0.97,30.06,28.09,83.14,33.53,0,low,Nagaland
24.72512,93.82818,679.2,50.17,16.34,43.08,0.68,29.67,8.47,94.46,33.14,0,low,Manipur
11.68039,75.97095,1097.3,57.0,48.13,92.37,6.41,45.4,58.72,94.33,60.02,2,high,Kerala
30.95025,77.09626,2185.7,57.1,125.43,344.33,16.65,70.94,63.26,72.77,85.5,3,critical,Himachal Pradesh
11.65576,76.25211,682.5,46.37,1.3,7.69,0.06,33.16,45.0,78.63,34.24,0,low,Kerala
23.42647,93.34049,1772.3,38.23,4.54,7.09,0.25,36.81,39.26,94.06,31.46,0,low,Mizoram
27.06373,88.20536,1914.7,50.04,6.02,37.35,0.34,33.27,20.66,83.82,36.51,0,low,West Bengal
26.93827,93.65073,724.0,40.49,129.74,268.74,15.91,83.41,58.6,74.0,79.5,2,high,Arunachal Pradesh
26.12951,91.70254,173.0,36.52,0.63,14.53,0.03,31.39,19.72,73.66,24.2,0,low,Assam
25.68501,94.19788,1492.4,45.95,65.83,232.3,7.47,73.04,74.59,79.87,62.63,2,high,Nagaland
25.91212,91.72398,268.6,35.84,57.46,137.8,9.17,75.0,41.31,81.14,54.17,1,moderate,Assam
30.75148,79.04771,3689.2,58.94,41.55,99.01,4.05,74.14,34.09,98.51,61.27,2,high,Uttarakhand
23.44375,93.53067,1687.6,60.46,50.42,132.89,4.46,73.9,45.02,79.15,62.49,2,high,Mizoram
11.73491,76.18263,884.1,55.77,1.93,10.8,0.09,24.0,16.17,100.0,32.61,0,low,Kerala
24.91922,93.93229,794.7,47.55,52.22,77.86,4.39,52.35,43.01,80.57,50.84,1,moderate,Manipur
24.57838,93.84995,817.2,42.32,46.34,108.92,4.36,70.7,30.93,81.77,53.99,1,moderate,Manipur
23.32628,93.47707,1685.3,64.73,2.24,20.68,0.1,25.71,32.0,65.29,44.08,1,moderate,Mizoram
27.34149,88.5173,1492.1,35.31,46.03,99.2,3.09,48.52,38.78,80.33,40.8,1,moderate,Sikkim
27.1308,88.30745,2145.3,44.34,44.8,74.4,4.12,44.92,48.9,80.88,41.46,1,moderate,West Bengal
26.98206,88.34259,2093.1,39.22,4.04,13.58,0.18,19.62,17.47,79.17,25.61,0,low,West Bengal
31.07457,77.11407,2369.4,62.31,10.92,17.89,0.66,33.15,35.23,85.16,41.98,1,moderate,Himachal Pradesh
25.71106,94.09467,1520.2,47.14,59.29,120.56,6.95,41.17,56.04,85.7,47.2,1,moderate,Nagaland
26.13136,91.74121,254.7,42.43,207.75,561.2,54.13,91.11,80.45,48.48,100.0,3,critical,Assam
27.24786,88.62363,1670.3,50.22,8.76,15.21,0.4,30.12,14.35,91.95,31.32,0,low,Sikkim
26.84894,88.29105,1965.2,51.48,205.0,468.59,41.39,87.44,85.59,79.99,100.0,3,critical,West Bengal
30.88219,77.13115,2139.1,56.62,16.56,19.44,0.74,39.76,25.93,84.08,43.18,1,moderate,Himachal Pradesh
31.03332,77.18389,2309.8,55.69,45.43,112.18,5.9,58.35,59.84,100.0,59.97,1,moderate,Himachal Pradesh
24.81535,93.87988,640.1,25.81,18.18,228.93,2.86,88.61,90.0,84.71,57.51,1,moderate,Manipur
25.3159,91.6279,1236.8,50.34,101.58,219.8,12.7,81.06,73.88,93.16,76.75,2,high,Meghalaya
26.20243,91.64796,395.1,39.0,70.14,243.25,8.26,89.8,65.12,74.16,67.42,2,high,Assam
27.19093,88.58132,1620.0,57.94,121.24,258.47,14.19,76.5,75.75,72.44,83.2,3,critical,Sikkim
25.26439,91.59712,1494.4,49.66,162.55,509.34,27.62,90.93,87.72,94.17,100.0,3,critical,Meghalaya
26.98801,88.28316,2358.2,41.14,87.15,232.87,9.37,74.86,90.0,85.81,67.86,2,high,West Bengal
27.3267,88.74721,1662.3,49.35,42.63,83.48,3.13,63.54,55.03,95.03,54.75,1,moderate,Sikkim
23.49293,93.24347,1516.6,46.38,1.59,83.78,0.08,24.52,42.66,83.67,32.95,0,low,Mizoram
30.7839,78.96206,3975.2,49.75,43.77,70.13,3.33,62.08,46.37,73.51,52.08,1,moderate,Uttarakhand
27.09122,88.20952,2319.0,60.69,48.02,77.2,4.35,60.35,56.67,71.83,58.53,1,moderate,West Bengal
26.2415,91.61908,50.0,34.16,113.22,329.06,13.73,95.0,66.48,70.79,80.11,3,critical,Assam
27.42223,88.55469,1766.3,64.09,142.11,259.05,22.09,67.18,71.09,85.35,90.02,3,critical,Sikkim
25.55675,91.8664,1896.1,45.14,83.72,295.9,11.86,86.63,72.32,77.59,82.21,3,critical,Meghalaya
23.4206,93.18268,1613.6,30.11,32.17,58.88,2.08,63.09,36.78,88.54,37.89,0,low,Mizoram
27.42024,88.70282,1679.0,39.86,245.02,574.74,96.26,90.59,77.42,100.0,100.0,3,critical,Sikkim
27.20145,93.56445,794.3,30.51,54.43,115.27,5.59,50.59,70.0,66.77,36.86,0,low,Arunachal Pradesh
27.0014,93.66992,637.6,38.21,2.74,27.83,0.2,41.71,27.74,63.98,31.71,0,low,Arunachal Pradesh
25.29671,91.84451,1592.3,37.5,159.87,382.72,20.63,95.0,77.49,96.98,99.82,3,critical,Meghalaya
25.31908,91.64818,1391.4,34.65,139.42,244.84,22.39,72.79,77.24,95.19,81.49,3,critical,Meghalaya
31.16409,77.16985,2322.1,41.08,28.84,102.24,3.09,60.27,49.48,95.42,49.81,1,moderate,Himachal Pradesh
23.51306,93.27256,1675.7,58.51,4.66,17.38,0.28,25.93,44.37,86.29,38.08,0,low,Mizoram
23.46567,93.34708,1594.3,35.18,157.3,342.87,16.4,74.09,65.26,78.68,84.81,3,critical,Mizoram
23.64359,93.29287,1834.3,38.35,11.36,25.64,0.56,26.14,30.29,67.3,25.3,0,low,Mizoram
23.47302,93.2845,1417.0,37.03,40.47,90.21,2.55,55.41,54.54,77.3,46.5,1,moderate,Mizoram
30.67864,79.17843,3724.0,62.96,206.09,503.21,40.04,93.53,98.0,100.0,100.0,3,critical,Uttarakhand
27.08904,93.74742,497.6,24.63,9.23,16.67,0.76,42.02,7.33,44.63,19.59,0,low,Arunachal Pradesh
27.3597,88.61146,1647.1,46.29,51.41,121.96,5.55,50.51,59.61,84.65,46.84,1,moderate,Sikkim
25.60883,94.11112,1493.3,47.63,223.93,626.87,45.83,97.65,91.77,92.52,100.0,3,critical,Nagaland
30.63706,79.12132,3534.4,63.08,142.55,326.6,15.66,89.51,60.05,94.89,96.84,3,critical,Uttarakhand
26.99031,93.7875,601.5,55.83,35.47,120.04,4.22,35.0,69.34,61.42,46.11,1,moderate,Arunachal Pradesh
23.54014,93.22144,1488.8,39.38,37.48,114.77,2.53,48.74,30.19,83.56,39.05,0,low,Mizoram
26.16158,91.73093,50.0,35.2,43.14,96.89,6.18,75.0,41.66,59.32,46.97,1,moderate,Assam
25.55983,91.78437,2064.0,38.81,54.9,93.89,3.7,41.83,59.18,65.06,45.44,1,moderate,Meghalaya
24.69973,93.78897,743.0,43.55,243.68,674.26,53.13,93.31,92.22,72.98,100.0,3,critical,Manipur
30.79751,79.00473,3416.3,49.65,4.7,23.22,0.22,18.96,32.03,98.42,31.98,0,low,Uttarakhand
11.81251,76.16961,980.5,53.34,41.27,165.86,6.79,82.96,61.16,100.0,66.56,2,high,Kerala
26.05791,91.71562,130.7,40.57,227.63,443.74,38.01,95.08,81.99,75.1,100.0,3,critical,Assam
25.73031,94.08469,1396.3,46.88,59.98,200.05,10.04,68.02,70.73,76.64,62.02,2,high,Nagaland
25.22475,91.69229,1537.8,46.74,69.98,105.28,5.9,66.49,54.8,86.87,54.57,1,moderate,Meghalaya
27.34116,88.6726,1750.4,48.63,5.39,32.77,0.28,24.89,18.47,88.44,36.07,0,low,Sikkim
27.11408,93.62009,946.5,43.91,11.56,17.89,0.55,10.47,21.39,55.61,19.96,0,low,Arunachal Pradesh
31.13103,77.23166,2166.1,49.18,18.72,24.62,0.94,29.04,13.38,93.14,38.01,0,low,Himachal Pradesh
26.17513,91.78151,50.0,27.17,42.85,100.71,3.02,62.18,40.17,70.64,37.04,0,low,Assam
23.45886,93.22474,1825.3,37.85,68.37,109.14,9.36,48.59,55.14,75.18,46.0,1,moderate,Mizoram
27.16091,93.74195,604.9,38.07,4.14,14.81,0.2,32.38,28.11,64.46,26.22,0,low,Arunachal Pradesh
25.85173,93.96814,1590.3,45.11,46.63,87.75,4.16,38.74,69.44,84.28,47.08,1,moderate,Nagaland
27.40119,88.64366,1668.1,57.3,77.57,215.3,18.01,83.96,63.82,84.63,84.08,3,critical,Sikkim
30.75658,79.21316,3614.3,73.99,49.12,112.95,3.35,58.22,52.48,100.0,78.27,2,high,Uttarakhand
31.07032,77.00512,2319.0,62.24,39.36,69.14,2.86,61.93,59.68,97.68,61.06,2,high,Himachal Pradesh
30.571,79.06828,3517.8,67.34,56.99,107.69,4.07,71.38,63.33,88.3,79.05,2,high,Uttarakhand
25.56189,91.82196,2121.4,40.33,126.79,307.41,15.66,81.96,71.37,78.7,76.57,2,high,Meghalaya
30.70608,79.03637,3542.6,64.4,54.86,128.7,7.54,57.04,50.46,100.0,65.88,2,high,Uttarakhand
27.23079,93.68195,959.0,24.78,53.48,97.31,7.01,70.88,53.33,52.59,43.11,1,moderate,Arunachal Pradesh
25.62854,91.68803,1930.4,66.94,1.35,41.82,0.07,18.79,16.69,84.9,47.48,1,moderate,Meghalaya
26.1449,91.59413,50.0,39.77,2.43,20.49,0.11,27.72,19.68,55.72,18.75,0,low,Assam
25.46979,91.73368,1333.8,70.59,120.6,257.23,14.03,80.98,65.49,81.45,94.35,3,critical,Meghalaya
25.63398,92.03928,1746.3,26.61,151.67,467.27,71.57,92.36,88.32,83.04,100.0,3,critical,Meghalaya
25.38255,91.69127,1573.3,47.69,137.78,299.25,14.18,86.15,90.0,87.13,92.67,3,critical,Meghalaya
25.64621,94.08164,1306.2,57.58,26.8,52.08,1.94,62.54,53.6,87.12,47.84,1,moderate,Nagaland
27.04728,93.6763,475.2,50.07,99.58,228.41,18.58,91.74,88.46,65.96,83.5,3,critical,Arunachal Pradesh
24.87848,93.74416,738.6,33.77,4.07,6.41,0.22,43.78,23.19,87.3,26.62,0,low,Manipur
27.1061,88.23932,2170.0,35.38,71.48,247.55,9.3,65.66,88.88,70.04,61.86,2,high,West Bengal
11.64923,76.05341,1145.6,60.02,155.57,360.79,33.08,94.8,90.0,92.26,100.0,3,critical,Kerala
25.63147,91.88479,1998.8,26.24,113.38,283.02,15.2,78.02,64.11,67.38,70.78,2,high,Meghalaya
26.19484,91.77437,101.0,41.2,174.13,413.93,18.17,79.02,83.74,72.29,95.34,3,critical,Assam
27.3035,88.63234,1393.5,60.3,26.36,117.41,2.42,35.0,55.43,94.06,47.64,1,moderate,Sikkim
24.80622,94.0818,790.0,48.48,158.95,360.07,18.23,74.09,90.0,78.59,90.16,3,critical,Manipur
11.74129,76.11353,929.7,50.97,43.6,76.81,4.43,51.4,46.07,97.27,51.52,1,moderate,Kerala
27.07194,88.20515,1974.4,66.29,2.66,48.91,0.12,23.5,13.63,76.9,42.81,1,moderate,West Bengal
25.72825,94.17517,1108.0,52.12,15.45,61.13,0.99,59.57,42.84,66.61,48.05,1,moderate,Nagaland
25.66313,91.99579,1918.7,51.85,31.4,49.92,4.54,35.0,40.9,77.41,44.32,1,moderate,Meghalaya
27.05036,88.37959,1849.0,33.04,119.02,240.09,15.3,85.65,64.29,79.06,71.41,2,high,West Bengal
23.55284,93.33862,1758.3,39.8,110.24,270.42,18.57,83.14,64.43,62.15,75.61,2,high,Mizoram
27.21913,88.60949,1325.8,61.85,38.5,78.03,2.5,72.06,59.43,98.77,65.44,2,high,Sikkim
25.68878,94.06664,1403.6,34.37,55.31,83.26,7.77,62.94,30.69,89.22,49.4,1,moderate,Nagaland
27.20413,93.40022,384.6,33.66,29.59,54.51,1.46,24.45,30.33,62.05,27.52,0,low,Arunachal Pradesh
31.03637,77.20955,2079.9,60.66,38.53,45.32,1.64,29.87,25.54,91.6,50.35,1,moderate,Himachal Pradesh
27.0072,93.63814,708.4,34.18,122.44,329.12,26.42,76.38,83.15,70.31,78.32,2,high,Arunachal Pradesh
25.54729,91.93306,1693.9,54.02,37.74,105.76,4.78,59.9,39.37,91.21,58.26,1,moderate,Meghalaya
11.731,76.22326,961.7,43.0,43.82,98.99,2.95,44.89,62.9,95.79,47.66,1,moderate,Kerala
30.68643,79.13676,3762.9,75.0,111.66,307.79,25.17,85.26,68.55,92.56,100.0,3,critical,Uttarakhand
30.71771,79.04851,3494.6,56.61,209.25,467.89,46.04,82.0,76.08,100.0,100.0,3,critical,Uttarakhand
23.55868,93.29383,1798.6,56.52,42.96,87.62,3.18,46.98,50.23,80.81,51.74,1,moderate,Mizoram
11.65672,76.05319,952.6,43.94,148.67,272.76,23.39,73.55,80.25,86.22,83.87,3,critical,Kerala
31.07224,77.38363,2182.8,35.11,3.56,6.71,0.21,30.25,39.23,90.3,27.53,0,low,Himachal Pradesh
23.54837,93.44649,1712.3,39.37,2.99,14.74,0.17,29.25,36.37,85.17,26.11,0,low,Mizoram
11.69998,76.06439,771.0,51.35,60.81,107.0,5.41,52.24,45.49,88.21,53.94,1,moderate,Kerala
25.26604,91.78399,1261.6,51.06,52.39,80.99,6.75,55.89,43.77,93.33,52.23,1,moderate,Meghalaya
24.84744,93.87231,817.2,39.68,210.37,566.09,80.92,98.55,86.11,87.69,100.0,3,critical,Manipur
31.21233,77.19804,2211.9,48.84,66.94,123.94,4.31,63.4,46.99,81.66,54.58,1,moderate,Himachal Pradesh
23.44055,93.30411,1618.2,39.34,3.58,5.59,0.23,23.75,16.43,67.24,25.22,0,low,Mizoram
31.07975,77.26421,2063.8,57.52,32.21,93.86,2.39,59.76,54.13,90.42,54.3,1,moderate,Himachal Pradesh
31.03701,77.10627,2147.7,47.05,97.86,214.44,18.89,88.97,65.52,85.51,80.99,3,critical,Himachal Pradesh
24.79997,94.03164,719.0,34.48,2.75,5.73,0.14,36.58,20.69,84.85,25.18,0,low,Manipur
30.52701,78.96619,3691.0,57.63,270.04,608.47,83.41,90.84,98.0,96.08,100.0,3,critical,Uttarakhand
30.74673,79.14981,3537.2,59.87,47.83,105.29,4.61,61.39,43.83,99.26,64.04,2,high,Uttarakhand
25.78992,94.04511,1497.6,30.67,46.5,134.79,5.36,55.14,55.23,77.91,42.78,1,moderate,Nagaland
11.64829,76.13477,901.1,51.07,15.89,19.24,0.95,40.01,9.38,91.99,39.9,0,low,Kerala
27.34788,88.49128,1867.8,44.42,117.29,255.32,11.84,85.48,79.3,99.02,83.46,3,critical,Sikkim
27.19099,88.61683,1639.5,57.8,6.98,19.34,0.43,19.61,29.63,87.5,38.57,0,low,Sikkim
23.52081,93.24902,1828.2,41.62,1.93,30.38,0.09,28.75,31.51,79.43,23.85,0,low,Mizoram
25.60222,91.81142,2078.2,42.42,41.98,117.04,2.9,51.0,55.37,93.36,44.52,1,moderate,Meghalaya
23.44166,93.24144,1810.3,48.61,61.87,126.06,5.25,68.88,30.16,72.76,52.76,1,moderate,Mizoram
26.24221,91.74699,264.3,26.45,152.07,349.32,22.38,81.07,77.35,78.31,85.04,3,critical,Assam
25.26625,91.76816,1441.5,37.74,37.59,110.57,2.88,38.3,46.51,99.97,40.97,1,moderate,Meghalaya
27.14655,93.67215,677.7,47.46,5.58,11.81,0.27,27.3,18.97,55.05,23.61,0,low,Arunachal Pradesh
11.64195,76.12157,776.5,35.66,176.8,486.66,36.53,97.61,91.19,90.53,100.0,3,critical,Kerala
11.68661,76.1056,847.2,40.52,115.21,328.8,15.84,95.0,89.48,100.0,89.71,3,critical,Kerala
11.60098,76.09942,919.9,46.45,67.53,272.33,16.07,75.69,90.0,100.0,75.15,2,high,Kerala
27.32259,88.46048,1639.2,44.07,2.61,3.81,0.11,17.58,5.98,83.15,26.99,0,low,Sikkim
25.60406,92.03479,2044.8,40.75,2.28,8.52,0.13,42.43,26.1,87.74,24.98,0,low,Meghalaya
30.78097,79.10878,3279.2,53.2,269.86,503.03,91.32,84.44,75.0,97.24,100.0,3,critical,Uttarakhand
27.29078,88.68265,1831.3,45.81,252.07,665.93,43.14,95.35,85.53,83.59,100.0,3,critical,Sikkim
25.50954,91.76844,1935.8,46.79,0.6,6.07,0.04,38.09,29.25,75.34,29.27,0,low,Meghalaya
25.57334,91.96337,1957.5,52.23,87.71,266.1,13.44,65.0,60.69,93.66,74.05,2,high,Meghalaya
27.33833,88.68331,1711.3,28.51,54.38,219.09,7.1,82.36,81.74,78.5,63.0,2,high,Sikkim
27.11166,88.24543,2132.2,60.36,39.02,117.93,3.74,66.85,37.97,81.37,62.1,2,high,West Bengal
25.29615,91.71247,1554.4,30.31,28.11,42.93,1.75,37.71,27.71,93.88,29.98,0,low,Meghalaya
30.79107,79.08801,3669.6,57.02,122.14,343.13,30.04,83.8,66.79,97.67,97.63,3,critical,Uttarakhand
25.7342,94.11269,1504.7,46.52,50.21,113.72,7.6,50.26,45.8,88.63,49.35,1,moderate,Nagaland
24.73789,94.02111,906.2,32.59,36.89,138.41,2.48,67.93,35.68,100.0,54.28,1,moderate,Manipur
26.20824,91.82023,59.1,39.0,4.26,56.91,0.2,33.28,29.02,73.94,24.26,0,low,Assam
25.62386,91.80295,1870.9,46.75,246.31,628.37,105.25,96.81,81.51,85.02,100.0,3,critical,Meghalaya
11.60179,76.25666,938.9,45.69,6.16,11.4,0.43,18.07,34.1,95.24,29.94,0,low,Kerala
11.65995,76.17961,894.7,33.72,9.9,41.62,0.74,29.01,26.21,100.0,28.49,0,low,Kerala
27.43892,88.6113,1725.2,56.29,1.33,45.64,0.06,29.25,33.36,89.45,39.63,0,low,Sikkim
27.06845,88.1438,1834.6,48.63,61.09,194.89,7.29,72.72,86.6,90.67,68.47,2,high,West Bengal
25.21868,91.76903,1700.7,46.47,81.2,270.49,9.41,70.37,71.87,97.76,73.24,2,high,Meghalaya
27.19786,93.61574,958.2,28.4,41.27,91.29,2.65,65.7,44.85,77.43,36.61,0,low,Arunachal Pradesh
27.05722,88.13273,1671.8,32.57,31.14,95.61,2.6,38.14,42.0,89.1,34.03,0,low,West Bengal
24.73139,93.84758,832.3,40.79,209.11,449.74,56.33,89.32,93.93,88.1,100.0,3,critical,Manipur
25.49668,91.86184,2061.7,50.54,44.04,118.08,3.15,50.35,39.01,92.51,51.55,1,moderate,Meghalaya
26.23207,91.72309,111.8,27.66,72.82,117.39,4.56,45.86,53.81,57.52,42.98,1,moderate,Assam
30.73939,78.96028,3408.0,58.48,22.36,100.62,3.04,59.94,52.07,100.0,55.81,1,moderate,Uttarakhand
27.04293,88.30812,1958.9,45.31,111.18,318.57,21.01,86.05,68.93,91.19,88.42,3,critical,West Bengal
25.5589,91.79487,1903.3,40.35,13.79,91.29,1.48,71.1,57.32,97.84,52.34,1,moderate,Meghalaya
30.7313,79.06499,3498.3,62.31,18.24,35.03,0.76,25.75,8.35,80.57,40.88,1,moderate,Uttarakhand
26.99805,88.26437,2000.8,42.66,178.92,286.83,36.0,65.0,62.04,87.97,88.54,3,critical,West Bengal
24.60907,93.91996,687.7,34.94,22.81,65.19,1.93,56.41,69.84,78.34,40.42,1,moderate,Manipur
26.9686,88.17161,1862.0,45.04,6.61,33.98,0.44,20.56,15.2,68.42,29.65,0,low,West Bengal
27.11018,93.63206,1102.5,31.11,3.58,10.71,0.23,32.79,19.0,51.28,15.99,0,low,Arunachal Pradesh
27.07579,93.57388,707.6,36.35,40.12,103.47,3.33,47.17,69.49,76.55,43.08,1,moderate,Arunachal Pradesh
25.47423,91.76699,1825.9,53.36,123.79,361.8,14.82,69.84,78.06,77.68,86.51,3,critical,Meghalaya
23.65336,93.22425,1556.1,43.12,9.06,9.21,0.62,47.9,28.58,59.75,31.67,0,low,Mizoram
30.8652,79.13021,3713.4,54.73,208.3,606.94,39.53,98.25,75.0,91.32,100.0,3,critical,Uttarakhand
26.19884,91.73237,215.1,39.9,33.23,81.28,1.58,18.6,16.83,53.84,26.47,0,low,Assam
27.42384,88.5681,1944.0,54.51,131.07,344.8,22.96,72.81,63.44,80.66,87.51,3,critical,Sikkim
26.98322,88.26413,1895.6,57.38,35.16,102.1,2.29,60.22,56.72,68.02,59.98,1,moderate,West Bengal
11.66166,76.10742,1077.4,41.6,20.92,99.62,2.91,35.0,47.32,99.95,41.76,1,moderate,Kerala
25.17639,91.58584,1511.2,54.07,3.01,24.43,0.22,10.0,13.17,87.39,32.38,0,low,Meghalaya
23.44615,93.35293,1429.3,35.18,15.27,23.96,1.27,46.68,28.97,79.46,23.38,0,low,Mizoram
24.72935,94.00821,662.2,43.59,26.24,57.51,1.44,44.58,31.31,88.61,38.99,0,low,Manipur
27.12878,88.2322,2113.2,49.74,106.21,282.32,11.67,77.96,82.31,86.9,81.39,3,critical,West Bengal
11.68005,76.02098,905.4,48.18,58.76,110.41,6.63,60.75,42.99,100.0,56.42,1,moderate,Kerala
27.21992,93.65476,702.4,39.39,63.77,114.67,5.31,62.84,64.67,53.25,49.28,1,moderate,Arunachal Pradesh
27.35758,88.5604,1561.7,47.89,2.03,2.18,0.11,17.31,13.07,99.98,28.02,0,low,Sikkim
23.46538,93.22069,1701.0,45.48,0.25,4.04,0.01,34.0,23.27,72.81,30.25,0,low,Mizoram
31.14659,77.10106,2575.3,63.56,110.97,323.81,13.57,94.83,76.37,89.71,99.78,3,critical,Himachal Pradesh
31.06313,77.15198,2133.8,63.79,47.19,95.03,3.97,57.14,42.7,90.55,62.1,2,high,Himachal Pradesh
30.96912,77.06503,2226.9,40.15,68.17,253.75,7.03,95.0,80.34,95.47,71.97,2,high,Himachal Pradesh
27.19728,93.71789,692.7,38.44,5.6,24.27,0.39,45.27,28.39,69.91,32.56,0,low,Arunachal Pradesh
25.25639,91.69374,1534.5,55.64,67.16,118.53,6.5,44.37,49.17,92.71,57.34,1,moderate,Meghalaya
27.06971,93.5481,744.6,36.01,1.82,5.07,0.08,25.45,36.49,54.2,23.2,0,low,Arunachal Pradesh
23.51048,93.39779,1692.2,47.15,4.61,13.84,0.22,23.4,5.0,72.71,28.26,0,low,Mizoram
23.55003,93.26266,1415.7,39.91,17.54,73.27,2.73,39.47,57.79,76.08,37.07,0,low,Mizoram
24.92565,93.93587,833.9,43.8,211.35,425.07,79.21,88.35,90.49,79.38,100.0,3,critical,Manipur
31.04278,77.15275,2578.7,47.09,1.81,2.5,0.13,33.21,12.88,91.68,30.46,0,low,Himachal Pradesh
25.61874,94.13408,1634.1,34.85,15.21,17.75,1.08,29.89,28.07,69.82,29.03,0,low,Nagaland
25.45081,91.96575,1871.5,28.6,121.03,230.45,27.7,82.33,63.97,84.13,78.27,2,high,Meghalaya
31.1186,77.10799,2168.6,50.96,45.72,81.77,6.86,59.57,43.48,90.96,55.48,1,moderate,Himachal Pradesh
25.34392,91.71521,1351.6,56.39,23.87,99.0,2.37,38.04,30.0,86.37,51.97,1,moderate,Meghalaya
26.15418,91.72991,50.0,34.56,220.42,574.93,49.65,96.06,94.36,65.41,100.0,3,critical,Assam
24.88006,94.01269,809.8,56.66,102.44,321.86,12.75,95.0,77.89,90.36,97.47,3,critical,Manipur
30.87973,79.19311,3784.3,59.79,28.82,151.57,3.3,50.5,49.61,100.0,61.72,2,high,Uttarakhand
31.03325,77.11514,2021.0,34.02,23.17,24.33,1.03,23.55,41.49,86.89,29.39,0,low,Himachal Pradesh
26.17069,91.72044,50.0,27.29,114.57,297.45,13.76,82.57,77.28,50.92,68.43,2,high,Assam
23.55666,93.22172,1450.1,60.14,54.55,127.07,3.92,64.6,37.05,74.46,65.69,2,high,Mizoram
26.95334,88.31934,2012.1,47.89,28.34,86.98,3.71,63.93,50.2,83.88,52.15,1,moderate,West Bengal
25.6706,94.0047,1581.9,52.7,42.02,103.82,4.57,64.92,41.87,75.68,53.45,1,moderate,Nagaland
25.57086,91.80521,2173.9,44.35,282.64,542.54,53.2,92.43,93.67,90.84,100.0,3,critical,Meghalaya
24.85017,93.97529,1026.6,38.29,9.71,26.67,0.52,41.34,19.45,74.28,26.46,0,low,Manipur
27.26151,88.6189,1751.1,64.13,128.73,309.8,27.66,81.3,89.59,94.75,100.0,3,critical,Sikkim
25.16025,91.60092,1650.7,46.33,151.2,267.23,16.72,76.75,90.0,86.65,84.03,3,critical,Meghalaya
23.52249,93.34185,1851.9,41.5,130.32,244.58,16.58,83.44,73.86,74.06,79.09,2,high,Mizoram
27.15733,93.53149,840.5,27.82,26.45,74.61,2.77,42.94,57.51,58.6,30.68,0,low,Arunachal Pradesh
27.01667,88.22215,2119.1,39.52,139.64,298.59,16.94,71.23,72.87,87.79,79.17,2,high,West Bengal
11.7429,76.18164,790.2,39.93,15.27,18.7,0.74,27.59,28.38,100.0,31.9,0,low,Kerala
27.3029,93.52929,696.4,33.46,55.89,84.69,4.01,53.58,48.95,47.19,41.31,1,moderate,Arunachal Pradesh
27.2571,88.59358,1872.7,46.59,48.85,118.22,3.13,44.8,62.8,87.79,54.42,1,moderate,Sikkim
25.54301,91.84482,1980.4,22.95,13.22,43.97,0.92,36.16,30.55,70.36,17.93,0,low,Meghalaya
27.15904,93.55507,920.0,36.53,13.34,21.48,0.7,42.07,27.21,57.85,25.03,0,low,Arunachal Pradesh
25.6466,91.94431,1870.3,45.98,54.63,90.12,7.57,44.92,70.0,89.3,51.9,1,moderate,Meghalaya
25.51441,91.98127,2008.8,41.83,18.46,34.13,1.1,16.39,25.37,100.0,30.2,0,low,Meghalaya
11.70041,76.14028,777.7,43.95,109.65,268.44,18.56,81.46,66.04,97.33,83.92,3,critical,Kerala
27.23594,88.60668,1589.4,57.51,61.51,109.96,9.5,47.36,42.73,94.32,55.63,1,moderate,Sikkim
31.1016,77.04997,2127.4,50.66,126.87,345.45,13.83,81.38,65.29,100.0,94.01,3,critical,Himachal Pradesh
25.64861,94.07802,1177.9,53.15,143.31,323.29,21.76,78.27,66.44,79.69,96.12,3,critical,Nagaland
24.96258,94.01597,853.2,30.21,116.09,350.46,20.26,78.03,75.33,62.67,77.04,2,high,Manipur
25.60499,94.02376,1570.5,47.67,149.16,358.54,22.92,75.68,70.14,92.77,89.3,3,critical,Nagaland
11.68128,76.19294,769.9,62.8,148.06,312.59,19.24,87.71,81.99,100.0,100.0,3,critical,Kerala
25.52234,91.76339,1713.2,49.74,51.74,106.64,7.58,57.98,45.67,89.36,61.66,2,high,Meghalaya
24.90169,93.86886,552.5,24.07,5.37,33.71,0.31,37.34,14.85,87.33,26.69,0,low,Manipur
23.376,93.17726,1862.8,41.03,105.45,257.42,11.3,85.49,78.02,76.56,73.3,2,high,Mizoram
25.66215,92.0222,2390.8,34.78,109.37,301.26,22.71,76.28,61.8,100.0,77.96,2,high,Meghalaya
25.47393,92.01771,2251.0,44.05,60.46,104.77,6.12,63.53,54.09,84.91,56.13,1,moderate,Meghalaya
25.74422,94.116,1484.2,41.49,2.63,16.6,0.15,38.53,12.49,82.0,29.28,0,low,Nagaland
11.7555,76.21672,876.1,45.48,0.29,12.87,0.01,21.48,19.2,90.55,28.61,0,low,Kerala
30.67039,79.06624,3586.1,64.26,6.42,18.36,0.3,23.32,32.95,100.0,42.58,1,moderate,Uttarakhand
30.65417,79.14068,3650.8,51.57,61.73,88.58,4.37,46.71,49.07,92.2,57.55,1,moderate,Uttarakhand
31.19177,77.13525,2225.6,54.03,36.52,79.53,2.5,43.88,44.06,100.0,46.06,1,moderate,Himachal Pradesh
25.36334,91.85155,1981.4,41.58,45.65,98.06,6.57,63.59,55.79,83.84,55.29,1,moderate,Meghalaya
11.81531,76.14511,844.0,49.17,22.81,84.35,2.57,59.11,52.56,100.0,53.15,1,moderate,Kerala
25.37074,91.82172,1284.0,56.06,2.49,4.72,0.11,27.73,41.4,94.69,37.86,0,low,Meghalaya
31.12064,77.2364,2059.5,50.29,176.69,465.53,47.81,90.56,82.72,92.25,100.0,3,critical,Himachal Pradesh
31.28041,77.05322,2125.0,52.29,98.76,279.34,15.56,72.82,68.64,79.91,78.7,2,high,Himachal Pradesh
25.21163,91.75891,1236.0,52.58,16.95,70.4,1.67,50.94,53.89,95.6,48.86,1,moderate,Meghalaya
30.64967,78.95245,3475.2,44.51,98.77,233.47,21.24,75.16,87.82,91.52,74.58,2,high,Uttarakhand
24.75037,93.8739,763.2,36.01,1.69,42.09,0.08,21.28,31.28,80.6,22.64,0,low,Manipur
27.24263,88.49215,1523.5,50.22,158.82,242.69,22.33,83.55,85.56,83.68,86.61,3,critical,Sikkim
27.10409,88.22698,1878.8,49.29,3.84,52.53,0.18,36.64,23.07,77.71,36.59,0,low,West Bengal
26.12693,91.74447,114.3,41.14,95.58,225.7,14.48,66.08,77.26,79.86,70.12,2,high,Assam
25.73035,94.06556,1556.0,49.0,12.77,65.49,0.59,20.49,24.83,77.15,33.55,0,low,Nagaland
27.15804,93.58775,473.4,22.61,43.63,118.74,3.75,52.25,55.04,43.28,38.22,0,low,Arunachal Pradesh
27.041,88.312,1885.3,53.88,5.3,14.54,0.33,40.71,30.69,65.6,31.92,0,low,West Bengal
25.84646,94.14532,1447.7,52.56,261.54,593.68,56.34,90.1,84.91,74.15,100.0,3,critical,Nagaland
27.07966,93.56849,630.2,49.64,75.6,221.42,9.64,71.64,81.99,64.24,70.0,2,high,Arunachal Pradesh
24.60566,93.9733,941.0,35.49,4.39,12.82,0.21,28.2,20.39,90.45,22.85,0,low,Manipur
24.86122,93.85417,1028.5,31.57,16.38,89.62,1.66,35.0,49.78,88.1,37.79,0,low,Manipur
30.7046,79.06182,3523.1,54.57,118.01,207.23,14.59,83.45,90.0,100.0,90.59,3,critical,Uttarakhand
25.5435,91.96782,1875.8,46.1,15.82,25.93,1.27,30.44,19.88,87.32,34.59,0,low,Meghalaya
11.77288,76.18761,1126.4,34.91,95.1,314.42,16.63,81.77,66.24,94.76,77.13,2,high,Kerala
31.0669,77.20682,2625.0,37.8,48.33,119.68,4.64,63.54,49.84,100.0,53.43,1,moderate,Himachal Pradesh
25.38197,91.62263,1225.1,46.81,71.95,124.46,5.26,53.13,39.74,96.02,58.47,1,moderate,Meghalaya
27.06688,93.71942,504.9,34.81,240.89,673.15,63.66,95.61,76.73,63.02,100.0,3,critical,Arunachal Pradesh
25.58523,94.08091,1290.6,37.31,2.54,20.89,0.15,25.8,31.52,87.65,25.5,0,low,Nagaland
25.22793,91.74422,1490.1,49.05,27.07,51.14,2.89,72.88,47.2,91.38,48.99,1,moderate,Meghalaya
25.36194,91.67375,1424.8,62.17,17.1,41.2,0.84,48.12,29.97,86.98,43.91,1,moderate,Meghalaya
27.06585,88.40886,1900.0,46.01,34.37,136.44,3.32,35.0,56.14,86.18,48.2,1,moderate,West Bengal
25.59411,91.86699,1996.1,51.32,42.46,56.35,3.65,74.93,43.73,90.0,55.57,1,moderate,Meghalaya
27.0596,93.63376,842.8,20.76,30.9,95.65,2.19,38.19,36.45,62.18,26.73,0,low,Arunachal Pradesh
27.18502,88.15236,1766.1,50.1,11.08,22.34,0.52,16.18,23.38,73.21,28.0,0,low,West Bengal
23.47932,93.30454,1540.6,58.28,1.47,8.68,0.06,32.87,27.6,70.04,35.5,0,low,Mizoram
24.80671,94.02833,645.8,41.08,62.57,127.7,9.75,43.57,53.92,82.89,46.05,1,moderate,Manipur
26.01662,91.80084,189.5,37.27,34.72,100.94,2.87,45.44,57.95,73.41,40.72,1,moderate,Assam
25.65687,94.13005,1411.9,49.15,144.42,319.13,22.17,82.72,65.27,77.94,93.71,3,critical,Nagaland
25.1977,91.75595,1253.1,57.5,19.36,23.23,0.88,32.01,31.97,88.28,37.31,0,low,Meghalaya
25.45101,91.77658,2152.2,32.91,0.84,32.03,0.04,23.84,37.94,89.07,23.13,0,low,Meghalaya
31.13656,77.11296,2236.2,53.21,69.56,116.09,5.01,57.68,50.0,92.64,61.51,2,high,Himachal Pradesh
24.91063,93.86851,812.9,46.56,132.29,297.55,14.22,67.44,67.16,87.89,77.74,2,high,Manipur
26.09241,91.73326,50.0,34.98,303.06,545.33,102.28,96.73,90.54,93.44,100.0,3,critical,Assam
30.70083,79.07984,3600.8,52.26,95.27,269.99,23.12,69.3,67.28,95.54,80.53,3,critical,Uttarakhand
25.6343,94.05351,1561.1,41.41,65.69,115.11,10.1,66.07,58.68,77.83,55.68,1,moderate,Nagaland
25.32576,91.70329,1606.0,50.96,51.72,122.29,6.86,35.0,67.33,91.14,59.36,1,moderate,Meghalaya
25.57639,94.11175,1342.4,54.09,151.62,505.21,68.46,90.6,89.71,76.71,100.0,3,critical,Nagaland
25.34981,91.70706,1543.9,45.67,52.4,151.42,6.0,58.25,48.68,91.52,53.84,1,moderate,Meghalaya
25.61223,94.19076,1722.2,33.74,93.52,227.47,10.05,82.81,64.2,70.35,70.87,2,high,Nagaland
25.45285,91.95868,2005.3,45.16,6.32,14.62,0.41,25.41,29.18,78.55,27.4,0,low,Meghalaya
23.40402,93.31097,1732.8,34.34,46.58,72.01,3.16,57.7,45.05,67.83,38.66,0,low,Mizoram
30.631,79.11063,3600.7,47.08,43.91,125.26,3.23,56.6,56.02,85.48,50.6,1,moderate,Uttarakhand
30.74353,79.10706,3675.1,51.36,3.71,7.38,0.26,37.35,25.25,93.66,35.81,0,low,Uttarakhand
25.20767,91.74626,1361.4,49.49,18.43,18.89,0.83,36.06,13.13,100.0,36.1,0,low,Meghalaya
11.79686,76.20561,1078.0,50.53,175.66,481.07,23.44,71.33,86.75,86.75,100.0,3,critical,Kerala
30.79793,78.96082,3513.6,53.54,70.58,130.0,9.43,48.45,61.01,100.0,55.98,1,moderate,Uttarakhand
27.21076,88.70269,1773.8,55.86,133.57,242.24,15.76,85.45,81.33,99.85,89.33,3,critical,Sikkim
11.74421,76.0278,878.5,44.29,22.35,28.28,1.08,24.26,30.58,83.06,30.35,0,low,Kerala
27.27111,88.44013,1696.0,53.19,99.81,280.06,11.49,71.09,79.25,93.14,79.85,2,high,Sikkim
30.61468,79.17753,3554.0,70.9,279.44,560.87,56.78,92.79,86.2,95.57,100.0,3,critical,Uttarakhand
31.13726,77.17328,2181.0,47.5,4.16,20.26,0.31,14.28,25.39,93.98,32.27,0,low,Himachal Pradesh
23.53796,93.39913,1600.3,48.38,125.56,333.03,12.59,94.76,71.1,71.93,84.93,3,critical,Mizoram
26.19699,91.66699,50.0,27.38,205.27,507.28,90.51,86.81,85.78,86.03,100.0,3,critical,Assam
27.18677,93.61113,765.9,32.56,2.91,26.01,0.15,28.91,33.7,79.0,22.45,0,low,Arunachal Pradesh
30.54915,78.99086,3685.2,58.33,21.09,41.75,1.4,37.16,23.97,96.07,48.82,1,moderate,Uttarakhand
30.64015,79.06712,3659.1,35.06,8.81,12.16,0.39,23.86,34.18,89.54,32.33,0,low,Uttarakhand
24.79777,93.80801,682.6,39.09,32.17,93.06,2.57,67.87,60.4,77.42,46.89,1,moderate,Manipur
25.60857,91.99197,1540.7,45.47,242.46,460.94,63.83,95.98,84.85,73.59,100.0,3,critical,Meghalaya
23.59832,93.3481,1682.3,54.5,9.56,15.84,0.74,28.52,29.46,77.57,32.03,0,low,Mizoram
27.2456,88.55238,2022.8,53.09,26.66,101.69,1.93,35.0,55.99,91.9,49.48,1,moderate,Sikkim
25.32247,91.74558,1427.2,44.89,148.43,312.03,24.13,74.02,68.73,100.0,91.47,3,critical,Meghalaya
11.69215,76.08938,1000.5,44.93,116.44,354.9,14.47,83.1,90.0,89.32,85.91,3,critical,Kerala
25.56689,91.91001,2035.9,49.08,50.38,95.56,5.43,65.27,51.83,87.31,49.99,1,moderate,Meghalaya
27.1254,93.68047,957.6,43.77,191.3,495.95,58.04,94.0,79.36,62.58,100.0,3,critical,Arunachal Pradesh
25.15811,91.77504,1332.4,44.1,22.71,23.96,1.24,21.36,27.16,87.26,31.41,0,low,Meghalaya
27.29477,88.54534,1535.6,60.35,28.04,39.97,1.31,22.37,26.54,75.78,47.97,1,moderate,Sikkim
27.30411,88.58868,1552.4,45.93,125.03,243.69,16.77,75.25,80.24,87.17,81.98,3,critical,Sikkim
27.25763,88.68463,1545.7,44.47,63.24,120.24,6.77,59.36,49.21,93.26,55.33,1,moderate,Sikkim
25.6928,94.02883,1583.1,46.94,198.57,615.43,69.11,97.98,85.39,76.13,100.0,3,critical,Nagaland
30.85496,79.06891,3475.0,44.48,47.63,99.94,4.92,61.48,39.21,100.0,51.01,1,moderate,Uttarakhand
27.25635,88.7313,1414.5,61.86,197.97,540.87,77.76,92.39,97.57,89.31,100.0,3,critical,Sikkim
30.73274,79.0521,3419.9,51.62,15.89,38.86,0.89,28.52,31.57,94.08,38.43,0,low,Uttarakhand
24.70497,93.91498,1041.6,46.3,150.4,391.49,26.4,65.0,55.0,91.85,85.17,3,critical,Manipur
27.43423,88.5568,1435.3,51.44,63.59,64.35,3.68,21.58,10.31,86.22,40.56,1,moderate,Sikkim
11.59384,76.14277,929.6,44.95,58.33,143.03,4.11,54.62,59.33,83.87,54.8,1,moderate,Kerala
25.14384,91.66577,1418.9,47.39,28.06,49.17,1.47,16.14,43.17,100.0,36.15,0,low,Meghalaya
23.49989,93.43748,1581.9,31.62,27.24,48.38,1.78,18.08,40.02,74.32,23.99,0,low,Mizoram
27.4285,88.61832,1955.2,58.57,32.95,87.25,2.83,57.06,30.0,94.46,57.54,1,moderate,Sikkim
25.28481,91.76404,1463.3,58.23,99.69,303.14,21.59,76.83,84.0,84.38,91.61,3,critical,Meghalaya
27.10552,88.32637,2138.3,33.95,163.82,333.34,28.06,82.28,59.27,82.59,90.29,3,critical,West Bengal
25.65785,94.0949,1689.6,43.62,147.56,325.03,17.61,65.0,69.61,79.6,86.31,3,critical,Nagaland
11.65483,76.20106,1041.3,51.38,168.66,414.56,31.52,89.05,98.0,97.03,100.0,3,critical,Kerala
27.07224,93.75004,633.4,42.03,3.78,9.63,0.16,22.23,6.77,43.95,26.75,0,low,Arunachal Pradesh
25.93747,91.77529,83.1,34.09,122.65,323.94,13.43,68.69,81.89,80.77,74.39,2,high,Assam
24.9349,93.99184,962.3,37.63,150.6,325.22,31.97,81.98,69.01,63.37,87.86,3,critical,Manipur
27.01751,88.31047,2241.6,41.64,18.73,19.18,0.81,30.95,30.29,78.28,25.89,0,low,West Bengal
27.16421,88.27695,1969.1,52.48,38.34,91.78,2.54,58.62,37.14,84.71,51.24,1,moderate,West Bengal
30.75002,79.04862,3538.0,57.18,0.74,4.18,0.04,30.71,20.77,91.67,36.07,0,low,Uttarakhand
11.55377,76.1589,850.7,42.78,125.12,261.24,17.26,69.99,71.97,98.1,79.69,2,high,Kerala
23.45011,93.37322,1667.4,37.14,0.68,86.53,0.07,69.41,36.29,90.79,44.75,1,moderate,Mizoram
25.58384,94.15785,1541.6,37.09,29.26,58.57,1.89,44.55,70.0,82.32,40.13,1,moderate,Nagaland
31.13123,77.13048,2259.8,50.35,52.64,127.29,4.03,51.44,61.08,86.93,54.21,1,moderate,Himachal Pradesh
11.70481,76.29004,1088.3,42.86,78.82,295.02,8.57,76.7,72.22,90.8,69.24,2,high,Kerala
24.74979,94.08968,811.6,36.4,36.35,78.78,5.07,59.74,44.77,83.68,39.4,0,low,Manipur
31.07941,77.11599,2281.7,39.47,26.97,121.2,2.65,41.75,66.75,92.34,40.46,1,moderate,Himachal Pradesh
31.22569,77.22644,2256.7,64.41,10.36,21.09,0.63,41.4,31.19,100.0,44.1,1,moderate,Himachal Pradesh
25.64564,94.10438,1732.6,53.3,30.83,81.14,2.68,61.09,55.69,74.29,53.1,1,moderate,Nagaland
25.63906,94.12673,1695.4,44.96,41.37,125.65,6.73,61.51,65.29,60.04,52.79,1,moderate,Nagaland
30.76165,79.02191,3578.8,62.22,49.76,92.42,6.79,66.59,51.41,94.75,71.59,2,high,Uttarakhand
25.14863,91.79005,1367.6,38.96,157.71,350.72,29.09,76.43,81.86,88.4,97.1,3,critical,Meghalaya
25.56464,91.76577,2028.8,39.15,55.47,132.45,4.89,39.71,48.62,85.23,47.29,1,moderate,Meghalaya
26.08401,91.66107,50.0,36.12,42.48,115.02,4.47,46.18,31.53,60.02,38.16,0,low,Assam
25.31902,91.64573,1336.4,63.31,126.52,305.29,16.42,95.0,77.01,90.47,100.0,3,critical,Meghalaya
23.54702,93.34415,1551.2,39.09,1.02,22.96,0.08,35.91,19.45,64.54,24.65,0,low,Mizoram
25.461,91.92931,2041.3,51.67,60.96,107.2,4.7,75.0,36.28,70.76,57.54,1,moderate,Meghalaya
11.62466,76.11806,944.3,60.99,23.94,110.12,1.75,57.53,57.72,85.16,60.13,2,high,Kerala
31.13602,77.10679,2131.7,39.43,52.71,150.69,4.09,61.84,62.09,94.28,54.37,1,moderate,Himachal Pradesh
27.33527,88.39759,1440.8,52.81,0.9,21.01,0.06,32.9,36.86,93.93,39.97,0,low,Sikkim
24.78332,93.95557,668.4,41.06,0.24,2.43,0.02,33.02,28.17,85.09,28.94,0,low,Manipur
24.74471,93.85469,921.2,31.66,24.76,92.14,1.63,68.55,47.47,82.75,42.96,1,moderate,Manipur
24.89061,93.86605,861.0,33.3,68.39,100.39,7.74,56.97,70.0,99.59,51.03,1,moderate,Manipur
26.261,91.66814,50.0,29.38,42.3,55.33,3.52,41.13,54.12,77.58,36.13,0,low,Assam
11.63437,76.10441,858.7,48.72,202.78,533.86,69.2,98.82,98.0,91.74,100.0,3,critical,Kerala
27.28759,88.61775,1513.8,48.62,23.24,34.92,1.14,27.66,28.84,87.26,37.55,0,low,Sikkim
26.99994,88.37333,2160.5,44.81,195.61,370.22,32.21,78.94,65.38,89.07,100.0,3,critical,West Bengal
27.07635,93.71516,748.0,50.45,30.5,84.66,2.34,75.0,52.72,63.7,54.08,1,moderate,Arunachal Pradesh
11.72694,76.0277,804.0,42.21,37.17,92.1,5.15,63.89,30.0,89.59,54.17,1,moderate,Kerala
27.20812,88.62443,1750.3,40.42,55.74,136.24,4.33,53.91,45.87,87.37,44.57,1,moderate,Sikkim
25.14849,91.51954,1488.3,47.24,127.31,276.67,17.44,79.72,84.9,87.88,84.5,3,critical,Meghalaya
11.72201,76.18829,1205.0,48.17,2.85,5.08,0.13,33.97,22.68,91.89,34.45,0,low,Kerala
23.55187,93.24935,1734.6,40.09,52.17,72.16,5.07,56.74,57.32,53.14,47.93,1,moderate,Mizoram
25.26365,91.70596,1279.2,50.88,139.66,384.82,30.07,67.14,82.92,87.7,93.49,3,critical,Meghalaya
11.63382,76.20742,891.1,53.72,54.91,141.54,5.83,74.79,55.69,100.0,67.68,2,high,Kerala
31.09943,77.12859,2268.9,47.03,3.07,3.82,0.14,39.31,24.88,89.96,34.75,0,low,Himachal Pradesh
25.5095,91.85343,2151.5,52.36,191.61,581.34,67.19,96.51,86.57,82.74,100.0,3,critical,Meghalaya
23.48835,93.33856,1662.8,27.65,228.98,430.77,40.68,86.87,81.26,67.05,100.0,3,critical,Mizoram
25.31567,91.82085,1573.1,53.21,56.38,119.68,8.87,44.73,70.0,89.48,51.83,1,moderate,Meghalaya
25.369,91.69342,1423.6,48.46,118.89,450.38,51.77,89.2,96.4,98.79,100.0,3,critical,Meghalaya
26.95294,88.33641,2094.8,33.22,26.8,70.04,2.79,37.64,69.78,76.13,34.33,0,low,West Bengal
25.47575,91.81145,2369.3,48.76,52.38,95.17,8.19,44.35,60.73,93.81,49.81,1,moderate,Meghalaya
25.2236,91.74915,1505.0,51.78,9.59,29.96,0.46,37.43,18.89,92.61,37.62,0,low,Meghalaya
30.8823,78.85357,3713.1,54.85,45.61,95.53,4.67,69.41,47.85,99.56,62.26,2,high,Uttarakhand
27.12346,88.21512,2234.8,49.63,0.37,5.46,0.02,20.24,5.83,91.72,31.79,0,low,West Bengal
24.81441,94.06562,1018.4,36.32,156.88,323.44,21.23,83.67,59.29,90.87,88.91,3,critical,Manipur
23.3783,93.26091,1655.5,48.83,113.0,232.46,14.67,76.08,72.18,69.6,80.29,3,critical,Mizoram
27.02694,88.30779,1944.0,51.43,132.15,209.64,18.25,67.93,84.26,81.58,76.88,2,high,West Bengal
25.56952,91.87994,2101.4,48.22,2.0,26.93,0.15,21.03,30.72,85.24,31.08,0,low,Meghalaya
26.15421,91.71619,296.8,38.9,1.94,3.4,0.13,39.97,32.14,64.12,26.44,0,low,Assam
30.76462,79.15479,3475.3,58.72,96.49,271.87,10.91,69.78,75.96,100.0,84.42,3,critical,Uttarakhand
26.9771,88.28478,2063.4,38.25,8.13,15.39,0.36,10.0,30.98,88.42,23.87,0,low,West Bengal
26.91679,88.36174,1874.6,34.11,119.92,230.02,13.14,76.75,73.66,89.74,75.22,2,high,West Bengal
24.74092,94.00651,829.2,48.41,1.52,51.46,0.08,14.88,21.07,94.52,29.83,0,low,Manipur
27.21017,93.61643,770.9,38.25,82.82,274.71,8.44,93.74,74.71,74.75,76.37,2,high,Arunachal Pradesh
11.80132,76.29312,1147.1,45.29,3.9,15.16,0.19,10.0,25.41,97.26,28.31,0,low,Kerala
25.39855,91.84595,2030.5,39.34,14.84,24.49,0.92,17.76,32.85,82.79,26.45,0,low,Meghalaya
25.75598,93.99864,1522.8,44.75,70.35,245.01,11.42,87.0,56.7,86.71,71.17,2,high,Nagaland
27.32604,88.58986,1618.6,56.87,0.67,30.1,0.03,29.69,37.08,91.94,30.38,0,low,Sikkim
26.26846,91.65997,130.9,48.69,39.95,86.32,3.4,55.22,51.72,79.86,49.91,1,moderate,Assam
23.32607,93.32404,1677.1,47.23,60.71,122.04,4.74,35.69,41.69,78.9,47.14,1,moderate,Mizoram
23.64667,93.41026,1610.3,44.7,1.9,23.76,0.1,35.1,30.93,68.09,33.67,0,low,Mizoram
11.68079,75.91849,783.9,63.14,15.77,56.83,1.09,53.09,42.2,98.14,53.19,1,moderate,Kerala
27.08139,93.54918,941.6,31.98,163.58,264.55,38.0,86.16,90.0,67.24,86.09,3,critical,Arunachal Pradesh
27.34312,88.64284,1562.0,42.37,104.17,203.55,11.15,85.88,74.33,100.0,73.58,2,high,Sikkim
11.70573,76.11329,885.0,42.84,106.05,234.89,21.72,77.11,72.08,87.57,77.59,2,high,Kerala
30.78335,79.11918,3482.8,52.78,28.49,85.19,1.99,61.52,68.14,98.91,56.19,1,moderate,Uttarakhand
27.16486,88.2797,1937.3,42.92,240.35,573.44,54.83,90.19,94.68,90.69,100.0,3,critical,West Bengal
24.83808,94.00467,935.2,30.07,63.68,105.21,4.9,55.25,58.81,78.94,41.51,1,moderate,Manipur
27.09239,88.33471,2062.4,43.57,15.38,35.2,1.08,29.58,18.22,75.97,31.0,0,low,West Bengal
23.54154,93.34198,1680.8,33.56,191.45,456.83,39.13,96.49,84.36,58.32,100.0,3,critical,Mizoram
26.11897,91.8479,50.0,43.96,51.85,69.56,6.67,51.96,48.29,76.33,47.89,1,moderate,Assam
25.42807,91.74838,2028.6,50.05,152.45,232.53,21.83,82.5,73.48,72.43,90.12,3,critical,Meghalaya
25.14658,91.67938,1519.5,42.93,142.33,262.0,32.53,70.74,65.1,90.11,84.97,3,critical,Meghalaya
30.91179,79.08616,3771.9,65.61,136.35,309.51,31.15,90.78,63.03,100.0,100.0,3,critical,Uttarakhand
31.14126,77.10083,2246.2,43.91,0.33,9.29,0.02,21.65,14.84,88.81,26.15,0,low,Himachal Pradesh
27.09929,88.33877,2167.7,53.7,174.09,296.22,32.81,81.03,73.08,83.25,99.76,3,critical,West Bengal
24.77016,93.83888,1070.8,41.58,76.82,77.03,9.54,61.21,36.3,79.48,51.29,1,moderate,Manipur
25.22976,91.75108,1474.1,46.12,2.84,3.81,0.16,23.09,30.46,85.73,33.74,0,low,Meghalaya
23.43809,93.42648,1562.3,48.89,87.61,257.77,19.11,65.0,90.0,78.11,78.84,2,high,Mizoram
25.63652,94.0319,1592.4,41.01,10.06,34.55,0.43,34.29,31.04,74.93,31.94,0,low,Nagaland
25.23432,91.73905,1375.5,31.94,14.66,22.97,0.78,26.94,35.49,88.89,26.04,0,low,Meghalaya
26.9589,88.13807,1936.4,50.0,73.63,127.08,8.93,58.84,65.98,73.7,57.58,1,moderate,West Bengal
27.12696,93.54525,592.0,39.06,114.29,290.94,24.99,89.72,65.65,53.52,83.67,3,critical,Arunachal Pradesh
27.17343,93.70085,463.1,39.59,0.34,5.52,0.03,37.03,27.92,60.93,22.67,0,low,Arunachal Pradesh
25.6996,94.14692,1357.3,38.62,117.21,278.89,17.0,77.31,79.83,99.01,77.07,2,high,Nagaland
27.23979,88.80589,1439.5,59.59,0.83,0.84,0.04,18.26,35.44,92.45,35.15,0,low,Sikkim
30.71063,79.08474,3454.4,53.22,26.98,40.23,1.19,10.0,26.81,97.55,41.0,1,moderate,Uttarakhand
25.51401,91.93877,1813.7,36.51,143.96,366.12,20.92,82.77,71.58,88.08,90.59,3,critical,Meghalaya
11.6972,76.26545,987.2,66.53,8.79,10.62,0.47,29.13,35.64,100.0,45.47,1,moderate,Kerala
30.62812,79.10587,3514.0,58.33,202.22,510.82,44.77,89.81,88.77,98.3,100.0,3,critical,Uttarakhand
31.19289,77.11536,2331.4,52.97,7.87,11.11,0.33,44.55,30.9,91.0,44.23,1,moderate,Himachal Pradesh
27.36196,88.59802,1507.6,63.99,163.92,537.08,49.43,93.47,93.82,96.43,100.0,3,critical,Sikkim
27.06112,88.36115,1799.5,54.09,77.82,321.76,16.74,76.55,58.87,78.32,76.07,2,high,West Bengal
24.85031,93.95871,666.2,31.5,124.06,325.34,26.37,79.85,71.33,75.5,78.23,2,high,Manipur
25.3355,91.85303,1261.6,40.66,232.22,539.32,53.38,93.38,95.33,100.0,100.0,3,critical,Meghalaya
26.07858,91.84565,71.5,39.02,98.81,187.37,10.74,83.56,69.83,86.79,69.45,2,high,Assam
11.69071,76.22458,1060.2,49.65,145.07,335.26,26.87,76.32,77.97,99.95,96.42,3,critical,Kerala
26.08237,91.61457,237.7,30.46,0.76,2.67,0.05,33.9,28.83,75.15,22.59,0,low,Assam
23.43925,93.22109,1607.7,41.13,35.95,36.03,1.81,26.26,28.52,76.21,29.82,0,low,Mizoram
25.53026,94.10465,1411.2,41.59,3.05,9.91,0.18,29.93,22.69,72.42,25.26,0,low,Nagaland
23.52799,93.25335,1856.7,50.53,68.51,213.19,8.11,79.95,72.72,73.18,70.31,2,high,Mizoram
26.18043,91.69287,71.3,51.01,10.83,23.6,0.68,37.55,16.33,68.43,29.03,0,low,Assam
26.23632,91.69344,82.2,35.18,41.01,114.68,6.4,53.19,58.55,55.28,43.87,1,moderate,Assam
27.26432,93.71667,628.7,40.13,132.79,273.49,21.58,92.47,74.24,52.91,79.91,2,high,Arunachal Pradesh
27.08453,93.53142,834.7,42.22,3.07,7.28,0.18,26.26,24.71,49.38,20.07,0,low,Arunachal Pradesh
30.81557,79.0335,3512.6,51.25,41.11,80.72,4.0,54.55,52.97,89.88,51.0,1,moderate,Uttarakhand
25.16997,91.77836,1562.3,44.38,48.99,108.59,3.88,49.16,46.42,88.24,46.21,1,moderate,Meghalaya
25.45009,91.90024,2330.0,48.25,154.07,273.25,21.77,65.0,64.96,78.09,85.57,3,critical,Meghalaya
24.77717,93.97143,644.6,28.27,39.82,97.5,6.25,58.54,46.42,87.8,41.34,1,moderate,Manipur
26.27778,91.84889,187.8,33.21,56.37,136.66,5.74,70.12,32.13,68.42,45.52,1,moderate,Assam
23.43608,93.17642,1551.7,34.08,139.93,260.29,15.71,89.24,75.19,69.85,78.89,2,high,Mizoram
11.57021,76.13311,909.1,57.11,42.45,79.16,2.91,35.0,67.49,100.0,55.19,1,moderate,Kerala
11.70078,76.07222,951.8,54.35,43.07,83.67,4.41,73.91,49.9,100.0,60.75,2,high,Kerala
27.3697,88.72863,1755.7,58.48,22.45,68.48,1.46,54.78,66.76,91.35,56.03,1,moderate,Sikkim
11.7106,76.22572,1215.8,54.26,1.36,4.07,0.11,36.93,29.0,89.09,37.8,0,low,Kerala
25.52571,91.93023,1868.8,35.4,61.77,118.43,7.03,41.04,50.34,86.81,42.6,1,moderate,Meghalaya
23.39712,93.37759,1631.1,40.2,32.35,99.97,2.47,40.25,35.93,80.57,37.4,0,low,Mizoram
27.24284,88.49523,1666.0,47.66,5.87,8.79,0.29,37.46,18.93,96.35,30.98,0,low,Sikkim
30.83965,79.05243,3488.6,62.86,161.36,325.52,17.39,85.04,58.3,100.0,100.0,3,critical,Uttarakhand
26.98966,88.09923,2018.0,43.49,45.76,124.3,3.81,48.94,43.6,77.48,47.72,1,moderate,West Bengal
25.46912,91.84339,2066.5,61.99,77.79,223.68,10.67,81.53,84.58,83.18,85.23,3,critical,Meghalaya
25.34771,91.9814,2061.8,30.0,2.97,12.77,0.18,46.72,23.18,73.17,27.62,0,low,Meghalaya
24.89526,93.83156,780.6,36.45,30.8,89.5,2.28,50.89,45.99,88.74,37.03,0,low,Manipur
11.8245,76.15671,1033.2,40.48,14.83,51.63,1.2,19.82,20.36,89.05,31.87,0,low,Kerala
25.62082,94.08393,1503.1,39.1,62.78,122.98,5.98,62.58,46.09,86.71,51.42,1,moderate,Nagaland
25.07606,91.80072,1540.5,45.75,243.22,556.64,79.99,88.98,93.56,92.54,100.0,3,critical,Meghalaya
31.08739,76.99238,2216.6,65.73,23.59,67.18,1.85,74.02,52.18,97.49,58.87,1,moderate,Himachal Pradesh
30.58913,78.94528,3173.3,71.17,34.94,50.9,2.27,39.75,62.2,95.96,61.04,2,high,Uttarakhand
25.6159,94.1192,1575.8,46.69,93.82,312.08,9.87,85.28,70.89,78.78,79.55,2,high,Nagaland
30.76804,78.98935,3436.1,63.04,61.7,216.03,10.07,89.96,85.67,93.81,85.53,3,critical,Uttarakhand
27.20643,88.70218,1637.8,49.07,21.63,26.33,1.45,36.32,30.2,90.48,32.79,0,low,Sikkim
27.03153,88.26575,1855.2,44.64,156.6,337.39,17.32,73.56,82.19,86.08,89.24,3,critical,West Bengal
25.76523,93.9974,1278.3,48.24,11.87,62.03,0.88,29.44,14.04,78.77,32.52,0,low,Nagaland
25.68479,94.19524,1302.5,54.62,275.79,566.15,69.03,87.49,93.11,71.68,100.0,3,critical,Nagaland
23.42493,93.22227,1796.6,50.77,7.04,37.57,0.3,27.84,13.82,64.24,35.23,0,low,Mizoram
25.23266,91.61136,1307.3,38.93,33.92,54.43,2.52,46.01,52.72,88.7,41.25,1,moderate,Meghalaya
27.19949,93.53672,646.4,43.26,11.59,53.63,0.93,66.31,60.99,59.18,41.38,1,moderate,Arunachal Pradesh
26.96686,93.62987,526.1,24.58,151.49,318.74,31.48,86.06,61.3,50.03,85.49,3,critical,Arunachal Pradesh
11.81585,76.09967,1034.2,51.8,30.63,51.23,3.91,61.83,47.75,94.5,51.56,1,moderate,Kerala
25.36259,91.77655,1796.5,48.58,49.86,104.87,3.22,50.58,62.02,91.98,52.19,1,moderate,Meghalaya
27.02575,93.55911,623.7,44.16,162.79,330.46,20.15,77.61,71.72,50.74,84.03,3,critical,Arunachal Pradesh
26.12291,91.6557,205.2,42.39,207.93,457.2,60.78,95.32,75.0,70.81,100.0,3,critical,Assam
30.60996,79.06198,3746.0,50.38,3.41,14.03,0.2,26.2,26.85,97.24,31.01,0,low,Uttarakhand
25.3523,91.77013,1467.2,48.62,48.02,109.53,6.61,42.7,45.19,95.2,58.09,1,moderate,Meghalaya
26.98609,93.67285,676.6,39.28,1.32,17.28,0.09,41.85,15.6,48.23,30.28,0,low,Arunachal Pradesh
31.06225,77.12344,2337.7,49.85,5.72,26.39,0.43,16.95,15.54,80.23,32.7,0,low,Himachal Pradesh
25.4685,91.83896,1934.6,18.8,31.48,93.5,2.24,60.63,47.65,98.37,36.29,0,low,Meghalaya
23.43145,93.32013,1819.6,43.48,21.96,140.47,3.45,51.2,57.67,73.4,43.1,1,moderate,Mizoram
25.25416,91.89543,1155.2,39.59,6.38,18.48,0.34,48.58,30.43,100.0,32.0,0,low,Meghalaya
31.15664,77.29948,2305.9,43.02,111.3,356.85,16.18,82.49,90.0,83.81,87.33,3,critical,Himachal Pradesh
27.0242,88.08752,2210.1,46.41,19.26,100.45,1.34,51.09,56.12,73.51,46.36,1,moderate,West Bengal
23.53385,93.28596,1723.9,44.89,92.21,242.89,11.1,91.81,81.3,64.51,79.15,2,high,Mizoram
27.17956,93.6326,682.7,31.73,124.83,262.4,19.4,68.92,84.91,54.66,68.97,2,high,Arunachal Pradesh
27.10439,88.67672,1790.1,48.54,1.52,58.31,0.08,29.37,45.0,99.18,41.43,1,moderate,Sikkim
24.74445,93.89861,1046.3,25.33,124.49,245.52,13.65,78.79,68.66,81.32,70.4,2,high,Manipur
25.26681,91.61766,1409.9,52.15,36.16,81.46,4.42,35.12,47.42,100.0,47.57,1,moderate,Meghalaya
30.76273,79.14681,4011.5,60.04,266.74,630.36,130.22,90.15,90.57,88.12,100.0,3,critical,Uttarakhand
27.04723,93.64578,710.2,27.88,46.24,103.26,3.87,57.55,62.78,68.49,44.29,1,moderate,Arunachal Pradesh
27.38502,88.68962,1772.2,49.55,51.12,125.1,4.92,35.0,45.95,89.4,48.68,1,moderate,Sikkim
11.69686,76.29305,878.8,54.59,151.33,431.04,19.03,76.91,64.94,100.0,100.0,3,critical,Kerala
26.21769,91.6177,264.4,32.17,53.69,106.74,4.73,67.77,36.79,60.15,48.39,1,moderate,Assam
25.53377,91.91397,2187.3,50.95,126.72,316.28,18.28,90.96,62.23,73.64,86.79,3,critical,Meghalaya
26.25583,91.70767,131.7,31.59,3.27,11.98,0.2,31.56,31.35,75.64,27.53,0,low,Assam
26.96291,88.37548,1975.5,38.03,142.04,321.61,25.17,76.98,63.95,88.7,87.37,3,critical,West Bengal
24.812,93.94399,848.4,39.18,53.66,87.72,4.81,41.45,33.17,80.58,46.8,1,moderate,Manipur
31.07017,77.10104,2197.3,59.2,57.5,116.92,4.29,57.91,37.05,88.55,61.37,2,high,Himachal Pradesh
31.21338,77.28972,2378.4,61.16,245.63,648.71,53.59,99.0,85.6,88.78,100.0,3,critical,Himachal Pradesh
23.46695,93.28038,1833.1,45.96,42.13,132.14,4.46,63.94,45.64,75.79,45.95,1,moderate,Mizoram
27.2392,88.64956,1671.2,50.99,30.8,87.58,3.47,75.0,59.59,100.0,57.26,1,moderate,Sikkim
31.15644,77.32192,2237.7,56.92,147.61,331.48,18.26,80.4,74.36,81.96,92.3,3,critical,Himachal Pradesh
25.53723,91.8291,1915.6,48.73,247.45,543.57,84.61,93.29,79.93,86.47,100.0,3,critical,Meghalaya
24.86119,93.93452,793.1,38.2,250.19,615.46,47.13,87.71,85.85,88.19,100.0,3,critical,Manipur
27.26208,88.72723,1380.7,42.17,174.03,378.67,21.08,82.43,75.78,70.6,93.8,3,critical,Sikkim
31.02447,77.14523,2432.6,46.97,68.33,244.72,14.37,93.97,72.31,97.74,81.75,3,critical,Himachal Pradesh
27.44012,88.62609,1505.2,47.28,118.69,270.6,20.45,95.0,71.84,82.88,91.44,3,critical,Sikkim
25.30986,91.82121,1667.1,39.88,163.41,467.63,29.39,82.82,85.76,85.51,100.0,3,critical,Meghalaya
11.55115,76.19725,1180.1,43.99,116.34,299.66,18.78,76.73,75.35,97.01,81.65,3,critical,Kerala
30.63225,79.04519,3740.3,67.68,0.55,19.76,0.03,43.38,19.22,97.21,45.79,1,moderate,Uttarakhand
23.28757,93.45201,1458.6,41.09,32.46,89.17,4.9,75.0,44.39,57.67,47.55,1,moderate,Mizoram
30.80085,79.04255,3783.8,42.89,56.64,111.67,4.21,46.86,54.83,92.81,51.4,1,moderate,Uttarakhand
25.66474,94.23552,1391.0,40.77,6.25,22.92,0.27,22.88,32.74,84.52,30.61,0,low,Nagaland
30.67228,78.95355,3401.0,48.97,9.18,57.48,1.04,66.41,43.65,95.84,47.73,1,moderate,Uttarakhand
25.99834,91.8107,50.0,33.11,66.91,133.67,4.85,40.74,56.71,74.78,40.77,1,moderate,Assam
30.80493,79.0484,3910.1,44.06,23.29,70.9,2.45,49.14,58.37,93.57,47.95,1,moderate,Uttarakhand
27.29493,88.6058,1745.4,54.78,2.49,6.51,0.15,34.54,25.32,100.0,40.17,1,moderate,Sikkim
27.15472,93.76061,763.2,30.84,160.95,378.58,23.72,80.37,90.0,68.45,88.01,3,critical,Arunachal Pradesh
11.76097,76.03799,891.6,49.08,38.71,81.98,4.81,43.41,42.18,88.48,44.45,1,moderate,Kerala
24.91063,93.91624,709.7,48.46,48.79,100.63,5.29,60.23,61.87,72.83,52.48,1,moderate,Manipur
23.51805,93.26115,1505.9,37.41,15.4,24.94,0.89,17.54,5.0,71.61,22.13,0,low,Mizoram
31.04346,77.20283,2259.7,64.74,234.75,567.07,66.91,89.93,91.55,92.36,100.0,3,critical,Himachal Pradesh
27.27163,88.57733,1543.4,57.47,31.46,83.28,3.38,36.65,52.42,83.12,50.09,1,moderate,Sikkim
30.71216,79.08179,3351.4,41.96,168.7,344.55,32.14,82.28,75.13,87.78,94.44,3,critical,Uttarakhand
11.64353,76.10846,916.0,50.86,60.73,156.8,4.56,51.23,62.39,90.31,60.02,2,high,Kerala
31.04691,77.18193,2412.4,42.92,0.73,4.26,0.03,20.59,15.09,76.69,28.42,0,low,Himachal Pradesh
24.78286,93.99172,974.4,42.37,203.69,471.19,38.59,94.77,91.71,77.46,100.0,3,critical,Manipur
23.54087,93.42688,1624.0,38.39,0.43,15.9,0.02,33.53,26.34,76.6,22.86,0,low,Mizoram
26.14695,91.82007,107.4,34.76,64.47,89.2,7.84,42.88,57.45,69.73,46.06,1,moderate,Assam
24.81846,93.9167,939.4,43.7,59.91,119.75,7.68,67.53,45.59,62.81,51.39,1,moderate,Manipur
27.02001,88.32697,2183.7,42.72,243.79,468.32,51.06,92.22,98.0,88.77,100.0,3,critical,West Bengal
25.34891,91.67304,1198.6,46.71,176.52,416.77,31.72,91.69,98.0,88.13,100.0,3,critical,Meghalaya
26.1071,91.62423,198.8,45.55,6.49,79.04,0.5,33.86,9.97,90.52,35.18,0,low,Assam
24.81001,93.88053,1013.8,33.18,107.14,302.96,15.92,74.09,55.25,82.93,74.04,2,high,Manipur
27.34962,88.52024,1607.1,53.29,193.23,369.99,20.35,65.0,66.35,85.54,93.59,3,critical,Sikkim
11.58533,76.13568,1040.7,57.86,31.16,87.34,2.51,37.87,49.28,90.72,50.5,1,moderate,Kerala
26.90627,88.31669,1994.2,40.23,40.99,88.35,3.1,54.66,49.95,65.08,41.43,1,moderate,West Bengal
25.67927,94.03792,1461.9,41.14,62.46,121.41,3.91,64.32,54.87,71.73,49.42,1,moderate,Nagaland
26.90881,88.29763,2233.0,39.72,58.03,104.54,8.49,45.46,30.0,93.3,44.31,1,moderate,West Bengal
31.09546,77.21367,2512.1,52.68,9.54,33.63,0.43,15.47,37.51,85.32,35.49,0,low,Himachal Pradesh
24.77893,93.88544,627.5,37.78,168.05,319.3,35.07,76.78,72.32,77.15,90.07,3,critical,Manipur
26.25595,91.71574,164.9,32.59,63.06,170.22,8.54,54.89,44.71,59.68,46.96,1,moderate,Assam
31.10943,77.25409,2682.5,47.79,144.06,339.47,16.18,81.6,84.18,92.45,90.21,3,critical,Himachal Pradesh
25.25593,91.86292,1433.1,49.85,1.52,16.13,0.07,23.84,16.11,81.92,31.1,0,low,Meghalaya
25.81125,94.15444,1545.1,38.82,65.65,133.18,5.53,42.39,37.35,92.15,44.23,1,moderate,Nagaland
25.21253,91.80159,1385.8,57.98,49.18,153.64,6.4,40.15,56.34,86.61,59.26,1,moderate,Meghalaya
25.35448,91.74786,1421.8,50.28,54.68,137.99,3.66,52.55,55.94,96.17,47.35,1,moderate,Meghalaya
27.1979,93.61308,533.1,26.14,264.79,565.0,58.6,98.23,88.98,59.51,100.0,3,critical,Arunachal Pradesh
27.04678,93.53368,800.7,37.81,36.26,100.88,2.99,48.58,61.11,58.95,42.05,1,moderate,Arunachal Pradesh
24.88573,93.96861,878.8,53.28,4.24,9.95,0.21,45.74,40.11,87.68,43.7,1,moderate,Manipur
25.95215,91.72954,89.3,52.92,2.49,6.29,0.11,20.99,20.6,55.35,28.39,0,low,Assam
27.33861,88.56131,1643.0,54.19,22.83,105.68,1.45,43.2,46.93,89.88,50.2,1,moderate,Sikkim
25.65682,94.10677,1667.3,47.44,58.06,150.76,4.57,53.56,55.51,82.7,56.52,1,moderate,Nagaland
30.81346,79.05608,3795.9,61.72,11.47,18.55,0.61,28.66,31.43,84.9,43.85,1,moderate,Uttarakhand
31.11984,77.22215,2240.6,56.9,153.95,357.26,16.13,78.05,55.0,93.19,93.57,3,critical,Himachal Pradesh
30.81773,78.85573,3361.1,52.35,71.73,271.29,9.47,83.91,73.12,88.85,74.1,2,high,Uttarakhand
24.68444,93.93226,767.3,24.26,28.25,71.8,2.07,48.62,61.48,73.7,32.96,0,low,Manipur
27.33443,88.6448,1525.7,45.96,17.72,35.99,0.89,50.0,23.46,92.91,37.31,0,low,Sikkim
24.95898,93.7798,794.1,42.57,64.86,125.51,9.7,51.67,53.28,68.02,46.72,1,moderate,Manipur
30.72295,78.99638,3296.0,50.77,3.18,38.01,0.15,40.65,15.46,91.19,40.25,1,moderate,Uttarakhand
26.17281,91.64696,70.8,34.62,45.33,94.25,5.19,59.01,69.17,72.16,49.95,1,moderate,Assam
25.53144,92.02538,1698.9,42.76,44.8,217.94,10.53,83.55,90.0,72.0,66.82,2,high,Meghalaya
25.3526,91.82014,1266.4,44.71,113.55,254.98,27.34,76.56,88.1,83.15,87.63,3,critical,Meghalaya
23.40539,93.2715,1350.1,59.51,37.58,92.19,2.39,48.54,49.83,79.53,49.67,1,moderate,Mizoram
31.07507,77.19771,2197.8,55.52,1.5,19.86,0.08,44.28,15.78,100.0,36.91,0,low,Himachal Pradesh
25.70896,94.09564,1766.8,41.63,79.37,270.29,13.68,95.0,82.15,89.64,81.07,3,critical,Nagaland
24.83343,93.8866,1026.3,43.89,69.28,220.06,16.98,68.52,86.52,72.59,68.93,2,high,Manipur
25.40136,91.81079,1326.8,66.02,40.13,91.04,4.26,54.76,36.1,99.85,56.74,1,moderate,Meghalaya
25.66491,94.01845,1474.2,45.51,210.59,537.35,58.49,88.11,87.65,77.25,100.0,3,critical,Nagaland
11.69522,76.05999,1175.0,51.41,126.05,363.35,25.28,77.35,66.81,93.32,93.47,3,critical,Kerala
11.69481,76.23549,993.5,43.14,81.97,159.0,8.83,47.49,37.84,83.8,59.05,1,moderate,Kerala
25.92622,91.64312,50.0,42.59,32.73,78.86,3.49,75.0,35.52,64.35,43.27,1,moderate,Assam
30.64173,79.05301,3408.0,49.26,150.65,314.92,16.96,81.87,90.0,93.4,93.93,3,critical,Uttarakhand
30.75039,79.04633,3458.4,56.65,30.81,46.83,2.2,35.71,31.91,91.66,44.74,1,moderate,Uttarakhand
26.16091,91.69684,289.0,27.21,6.01,27.99,0.28,15.95,31.27,68.5,19.64,0,low,Assam
25.32381,91.88199,1410.1,40.2,43.19,108.25,6.08,54.24,44.65,100.0,48.45,1,moderate,Meghalaya
23.45716,93.26007,1916.1,43.36,56.22,89.2,3.55,68.95,46.23,69.52,52.8,1,moderate,Mizoram
26.21416,91.67594,50.0,29.65,10.53,30.32,0.78,44.26,17.75,67.34,23.5,0,low,Assam
25.63551,94.0998,1517.6,44.99,2.83,25.5,0.17,21.63,30.81,81.36,25.95,0,low,Nagaland
31.14695,77.13492,2376.3,38.32,44.41,127.63,4.83,38.13,49.68,96.49,41.9,1,moderate,Himachal Pradesh
11.74089,76.03765,881.8,35.44,62.92,121.57,7.23,38.86,41.73,100.0,42.3,1,moderate,Kerala
25.54634,94.11038,1524.9,47.21,40.04,105.91,2.65,75.0,41.46,77.13,53.74,1,moderate,Nagaland
23.4745,93.42272,1802.4,35.47,29.86,63.34,3.6,58.72,58.05,67.1,43.0,1,moderate,Mizoram
26.13776,91.73708,50.0,29.18,71.4,198.43,7.6,91.45,66.89,64.02,64.53,2,high,Assam
30.90585,79.11743,3542.1,59.21,2.16,8.54,0.11,31.13,21.77,100.0,41.07,1,moderate,Uttarakhand
26.99231,93.55751,643.4,36.5,15.27,16.06,0.77,32.62,26.52,54.86,26.96,0,low,Arunachal Pradesh
25.31092,91.88481,1552.3,47.62,39.65,109.7,2.77,50.82,44.98,90.53,44.94,1,moderate,Meghalaya
31.07152,77.23325,2518.0,49.91,3.48,23.76,0.29,47.15,15.05,93.95,39.75,0,low,Himachal Pradesh
25.72239,94.01885,1465.5,40.41,94.17,330.2,22.98,73.92,69.29,68.24,73.77,2,high,Nagaland
23.39619,93.22336,1667.2,49.61,99.37,352.01,10.06,75.3,81.83,74.41,79.95,2,high,Mizoram
25.20739,91.78656,1742.7,39.94,230.42,531.25,43.55,94.71,75.0,89.28,100.0,3,critical,Meghalaya
25.35416,91.65016,1372.4,50.0,91.65,173.29,8.63,66.95,52.3,100.0,69.7,2,high,Meghalaya
27.35053,88.66672,1853.1,51.24,4.55,6.79,0.22,12.41,9.74,100.0,30.14,0,low,Sikkim
27.43401,88.42561,1835.5,47.65,37.09,102.76,3.34,56.08,33.89,88.38,46.1,1,moderate,Sikkim
25.52504,91.87764,1806.6,43.82,7.8,15.16,0.59,40.47,30.51,71.25,33.04,0,low,Meghalaya
25.23898,91.69691,1358.4,37.96,36.59,49.06,2.54,50.94,50.19,90.98,37.34,0,low,Meghalaya
26.18077,91.76827,50.0,36.76,49.92,117.51,3.5,39.3,51.19,79.89,40.3,1,moderate,Assam
25.57862,94.24747,1304.9,43.85,19.85,33.19,1.12,37.57,24.69,83.66,33.72,0,low,Nagaland
26.1083,91.72269,268.6,31.79,3.2,4.16,0.17,10.0,42.26,64.03,16.04,0,low,Assam
31.03458,77.13137,2092.9,58.4,0.24,15.31,0.02,25.77,13.7,93.18,33.59,0,low,Himachal Pradesh
26.20688,91.8096,189.1,31.85,34.96,80.22,3.69,72.27,50.44,77.17,45.28,1,moderate,Assam
25.5548,92.06213,1831.5,58.32,3.98,5.15,0.31,29.03,24.45,100.0,34.78,0,low,Meghalaya
26.20909,91.62411,216.8,27.13,43.86,106.93,3.52,35.0,48.24,70.06,39.95,0,low,Assam
31.02431,77.1356,2215.5,43.64,126.94,420.89,15.74,81.23,80.63,69.89,86.27,3,critical,Himachal Pradesh
24.84466,93.89213,890.5,48.06,53.17,112.9,4.43,67.03,66.56,80.72,60.35,2,high,Manipur
23.47519,93.21192,1585.0,63.08,39.24,96.65,5.61,49.08,42.81,62.97,58.41,1,moderate,Mizoram
30.67794,79.20744,3732.2,55.38,291.9,549.76,133.3,99.0,92.91,100.0,100.0,3,critical,Uttarakhand
26.10887,91.88969,50.0,36.69,25.25,35.32,1.13,40.09,27.33,70.92,31.83,0,low,Assam
25.35939,91.84588,1376.0,37.39,3.23,11.72,0.14,32.6,25.26,88.69,24.88,0,low,Meghalaya
26.03657,91.71642,438.5,30.97,33.6,36.07,2.16,31.71,21.13,64.6,31.02,0,low,Assam
24.77152,93.82372,698.5,46.71,182.26,308.19,19.5,75.85,79.02,93.65,95.74,3,critical,Manipur
11.76022,76.01392,1134.4,41.44,25.5,114.97,1.96,68.47,56.91,88.77,49.1,1,moderate,Kerala
23.28958,93.29402,1496.3,37.49,141.03,491.71,25.94,94.15,87.42,80.72,100.0,3,critical,Mizoram
27.40488,88.69759,1925.7,55.38,145.05,301.82,32.45,81.02,74.55,87.01,97.88,3,critical,Sikkim
27.02314,88.32594,2079.4,44.04,46.12,132.25,3.92,63.69,64.32,80.5,55.36,1,moderate,West Bengal
11.77705,76.13428,939.0,54.61,138.04,532.88,29.83,84.37,90.6,93.54,100.0,3,critical,Kerala
25.54432,91.88004,1817.6,60.54,25.53,101.64,3.2,68.61,64.68,73.74,59.83,1,moderate,Meghalaya
25.41404,91.82912,1461.4,44.07,90.79,280.26,12.75,90.96,78.92,98.46,80.79,3,critical,Meghalaya
24.92289,93.94384,771.1,51.94,154.34,316.4,25.69,86.75,84.78,81.19,100.0,3,critical,Manipur
25.6782,93.97103,1211.2,46.39,176.75,373.74,29.42,79.84,70.24,74.6,100.0,3,critical,Nagaland
27.12477,93.76194,880.6,46.53,29.94,83.4,2.25,60.26,56.49,54.15,44.67,1,moderate,Arunachal Pradesh
25.21339,91.67303,1413.4,40.83,2.37,23.31,0.19,26.31,5.0,98.74,26.39,0,low,Meghalaya
25.28852,91.78172,1397.6,41.02,0.0,18.68,0.0,37.21,34.36,99.05,32.18,0,low,Meghalaya
11.53888,76.17088,648.1,52.29,146.85,351.45,19.61,72.4,78.66,100.0,96.78,3,critical,Kerala
25.4327,91.91308,2194.1,52.96,284.01,723.63,118.44,94.22,97.31,90.88,100.0,3,critical,Meghalaya
30.80589,79.09425,3656.3,54.09,197.54,390.85,47.6,85.15,87.07,97.17,100.0,3,critical,Uttarakhand
30.70034,78.87533,3567.8,60.49,199.3,466.72,43.57,89.96,80.59,95.12,100.0,3,critical,Uttarakhand
11.64051,76.1961,741.2,57.89,10.9,45.2,0.48,31.03,25.36,100.0,45.2,1,moderate,Kerala
11.65663,76.08542,1007.8,47.0,32.86,116.3,2.18,70.72,30.0,92.32,51.66,1,moderate,Kerala
25.22556,91.74635,1249.7,44.83,5.43,8.2,0.24,26.67,12.88,94.54,30.29,0,low,Meghalaya
25.56012,94.10727,1352.3,43.8,9.96,43.46,0.62,17.77,27.55,93.88,30.35,0,low,Nagaland
11.52841,76.12391,784.8,67.27,112.27,279.15,11.3,80.75,63.22,90.8,94.68,3,critical,Kerala
30.97885,77.35546,2322.0,48.39,117.29,220.36,14.67,88.7,75.13,100.0,87.88,3,critical,Himachal Pradesh
31.00337,77.09428,2016.2,51.58,123.53,346.16,12.41,94.08,61.73,93.53,93.01,3,critical,Himachal Pradesh
25.27273,91.6684,1465.1,35.55,57.5,94.05,4.53,40.2,66.73,94.65,45.76,1,moderate,Meghalaya
27.28307,88.55813,1669.9,47.6,62.82,125.86,8.9,71.62,48.5,100.0,60.36,2,high,Sikkim
25.22153,91.86755,1728.9,41.87,57.89,104.09,5.31,55.05,45.07,87.6,53.86,1,moderate,Meghalaya
30.76818,79.20256,3608.5,53.58,15.65,31.0,0.72,34.97,10.04,91.55,43.24,1,moderate,Uttarakhand
25.39524,91.72474,1346.7,63.05,15.84,33.59,1.08,10.0,26.95,80.42,38.64,0,low,Meghalaya
27.04666,93.48389,894.0,41.84,17.84,31.96,0.84,20.83,12.55,70.41,26.56,0,low,Arunachal Pradesh
25.41461,91.77049,1271.6,45.94,76.02,149.55,6.4,51.77,48.98,94.46,54.31,1,moderate,Meghalaya
30.74643,79.02274,3874.8,62.47,1.35,5.96,0.07,28.27,23.01,94.18,40.12,1,moderate,Uttarakhand
25.44326,91.87454,1978.0,43.49,2.37,19.86,0.16,40.19,36.59,92.36,32.59,0,low,Meghalaya
30.71956,79.06703,3729.7,68.42,155.2,347.57,21.1,79.68,71.53,95.49,100.0,3,critical,Uttarakhand
11.73541,76.16017,742.3,38.68,180.42,556.17,32.07,84.95,85.92,100.0,100.0,3,critical,Kerala
23.28876,93.4091,1421.4,46.47,13.59,31.98,0.6,29.57,19.59,90.85,32.96,0,low,Mizoram
30.734,78.96646,3555.5,66.17,1.46,16.29,0.11,20.79,42.47,98.78,42.82,1,moderate,Uttarakhand
23.49416,93.32888,1662.1,48.86,42.79,104.03,6.09,38.43,55.0,67.84,48.03,1,moderate,Mizoram
25.53841,91.85017,1896.8,41.92,60.44,103.14,6.0,48.79,52.02,75.93,42.98,1,moderate,Meghalaya
25.56872,91.97674,1856.4,51.11,56.66,114.12,6.17,37.19,54.4,80.77,49.27,1,moderate,Meghalaya
11.53309,76.10868,1207.8,42.79,136.33,408.45,24.04,77.0,75.66,100.0,90.81,3,critical,Kerala
25.60247,94.14541,1206.6,39.86,26.94,59.17,1.97,52.93,39.01,80.32,35.53,0,low,Nagaland
25.5785,94.0913,1378.9,36.87,15.09,37.53,0.84,47.72,15.61,84.64,34.57,0,low,Nagaland
27.32131,88.69254,1433.0,63.63,33.99,109.38,4.52,49.35,40.99,87.62,57.07,1,moderate,Sikkim
27.40221,88.63589,1646.8,65.46,36.2,89.37,4.68,54.64,63.22,100.0,63.02,2,high,Sikkim
11.64331,76.1425,985.0,46.38,21.19,22.31,1.32,34.78,18.99,97.23,35.39,0,low,Kerala
26.11002,91.76774,50.0,41.91,146.56,285.95,21.4,90.45,80.82,63.15,86.66,3,critical,Assam
11.71885,76.00582,1293.6,46.75,57.49,104.53,4.93,46.01,49.11,100.0,44.09,1,moderate,Kerala
23.56911,93.13079,1567.5,36.01,31.16,93.6,2.36,57.63,56.79,71.01,40.92,1,moderate,Mizoram
25.22748,91.60457,1482.0,68.09,119.03,301.6,12.34,77.12,73.87,77.28,90.26,3,critical,Meghalaya
23.43517,93.35761,1661.3,43.41,29.5,76.89,1.88,68.11,56.53,75.18,48.69,1,moderate,Mizoram
27.30753,88.72992,1789.9,52.58,50.16,91.66,3.73,55.45,47.79,75.97,49.57,1,moderate,Sikkim
30.63571,79.09383,3776.7,55.0,15.53,18.78,0.93,16.82,15.72,96.21,36.17,0,low,Uttarakhand
11.79871,76.10856,646.2,45.93,17.66,43.73,0.99,22.37,27.04,100.0,40.69,1,moderate,Kerala
27.04582,88.16549,2176.0,58.72,28.7,38.18,1.77,33.16,19.43,79.83,40.02,1,moderate,West Bengal
24.79714,93.91134,669.6,37.21,10.59,81.0,1.14,61.19,36.69,73.69,38.14,0,low,Manipur
27.11637,93.6769,707.3,39.33,64.88,133.3,7.74,62.74,38.52,45.96,45.57,1,moderate,Arunachal Pradesh
26.96532,88.12204,2375.7,54.86,4.84,14.28,0.25,10.78,27.89,64.19,29.18,0,low,West Bengal
24.75383,93.85675,667.3,38.82,33.81,85.73,2.95,63.81,45.86,62.95,42.89,1,moderate,Manipur
31.22518,77.08876,2414.1,33.7,89.74,253.74,9.52,65.0,67.93,90.81,62.88,2,high,Himachal Pradesh
23.5341,93.41802,1588.0,41.09,73.58,264.69,16.2,67.11,61.92,69.44,66.38,2,high,Mizoram
25.55154,91.7233,1836.0,36.56,4.66,23.79,0.25,31.92,38.11,78.63,21.7,0,low,Meghalaya
26.90974,88.32694,2185.6,29.14,121.68,206.47,27.68,82.07,81.5,74.26,73.96,2,high,West Bengal
23.52631,93.39914,1711.2,38.0,55.85,129.78,5.46,50.94,53.86,75.05,48.62,1,moderate,Mizoram
23.34711,93.44641,1509.0,49.98,54.54,148.7,7.36,45.9,69.57,74.07,51.82,1,moderate,Mizoram
25.68424,94.06549,1383.0,44.39,118.82,326.38,18.96,83.89,90.0,68.15,84.68,3,critical,Nagaland
25.33978,91.70479,1344.2,50.66,32.55,49.6,1.66,27.77,17.67,99.47,37.09,0,low,Meghalaya
30.64199,78.99408,3775.7,51.39,9.24,62.33,0.39,25.27,19.21,100.0,37.04,0,low,Uttarakhand
23.56707,93.42262,1608.1,46.37,54.89,152.27,3.56,75.0,51.24,72.61,59.02,1,moderate,Mizoram
30.82114,79.0679,3607.2,42.18,81.26,268.1,16.39,76.69,85.52,97.09,73.9,2,high,Uttarakhand
23.36849,93.36016,1765.8,41.2,55.13,59.58,2.64,26.68,16.56,76.91,34.43,0,low,Mizoram
27.15018,88.27577,2267.0,39.87,4.47,12.6,0.34,34.63,28.75,77.79,27.07,0,low,West Bengal
31.11972,77.13249,1957.1,42.81,124.49,155.95,13.24,90.5,76.21,85.93,80.69,3,critical,Himachal Pradesh
24.86287,93.82307,683.3,44.58,8.39,43.97,0.41,25.98,25.31,76.68,34.78,0,low,Manipur
25.36996,91.62338,1377.6,41.82,63.45,146.75,6.75,53.95,55.38,95.03,55.74,1,moderate,Meghalaya
26.14269,91.76055,50.0,30.2,5.89,72.75,0.29,18.7,21.24,68.81,23.72,0,low,Assam
27.12203,88.33096,2143.2,43.34,205.37,553.47,57.45,92.2,84.96,74.09,100.0,3,critical,West Bengal
25.56033,91.92576,2019.8,33.72,239.17,521.22,80.76,87.04,92.82,90.21,100.0,3,critical,Meghalaya
27.16843,93.64375,824.2,31.85,270.77,645.61,45.85,93.74,95.71,67.07,100.0,3,critical,Arunachal Pradesh
25.62441,94.15387,1315.5,50.74,181.47,569.96,33.77,92.1,90.3,79.25,100.0,3,critical,Nagaland
11.80431,76.11897,889.1,49.14,114.96,316.19,15.15,80.21,78.46,78.28,91.53,3,critical,Kerala
25.65141,94.13445,1297.5,47.54,21.93,122.41,2.71,35.0,57.98,72.87,49.92,1,moderate,Nagaland
24.84955,93.93867,900.0,54.22,38.83,113.36,5.43,43.31,61.65,77.99,50.06,1,moderate,Manipur
25.26343,91.81938,1481.4,51.65,133.43,275.66,31.81,82.59,76.97,96.56,97.03,3,critical,Meghalaya
23.51476,93.33203,1543.6,49.59,90.73,422.27,26.32,89.89,98.0,71.32,98.11,3,critical,Mizoram
26.22098,91.67812,50.0,34.7,143.58,323.6,16.14,65.07,75.61,67.36,72.99,2,high,Assam
31.13993,77.21873,2385.6,59.8,80.93,164.43,6.91,55.53,36.22,91.45,65.52,2,high,Himachal Pradesh
27.06973,88.24686,2196.4,35.87,247.62,624.69,50.42,90.24,92.22,85.75,100.0,3,critical,West Bengal
25.69848,93.98689,1304.8,58.41,188.43,387.51,29.0,85.69,71.94,66.59,100.0,3,critical,Nagaland
25.1948,91.76813,1687.4,47.22,148.57,342.63,26.58,76.24,76.51,94.62,94.44,3,critical,Meghalaya
23.32806,93.30158,1516.0,33.86,5.23,25.88,0.43,25.81,27.96,76.28,26.26,0,low,Mizoram
27.19511,93.49721,539.8,34.08,74.44,103.73,5.78,62.2,50.65,69.74,42.41,1,moderate,Arunachal Pradesh
23.6045,93.26301,1666.0,35.37,171.07,479.0,33.95,93.39,91.56,66.22,100.0,3,critical,Mizoram
27.33311,88.62691,1827.4,39.64,219.48,534.81,41.22,92.56,82.27,93.16,100.0,3,critical,Sikkim
23.36839,93.12177,1574.9,49.47,3.48,6.67,0.28,28.89,21.78,75.92,27.64,0,low,Mizoram
23.25746,93.31697,1641.8,39.05,141.45,266.72,28.32,90.42,75.75,78.03,85.96,3,critical,Mizoram
11.63727,76.05761,870.8,61.81,74.22,157.14,5.87,72.46,67.05,96.06,75.86,2,high,Kerala
25.60131,91.83689,2030.1,29.82,8.32,14.53,0.52,24.45,32.74,91.38,25.39,0,low,Meghalaya
30.7645,79.04689,3749.1,50.74,56.82,92.97,6.19,57.93,57.77,100.0,61.88,2,high,Uttarakhand
23.35221,93.42567,1708.0,53.11,65.02,140.53,5.38,49.39,61.13,81.77,52.59,1,moderate,Mizoram
23.57175,93.36163,1919.0,50.54,43.19,128.75,4.71,75.0,40.18,78.07,61.22,2,high,Mizoram
30.88326,79.07685,3540.3,58.33,15.05,18.74,0.87,40.66,40.61,86.34,44.55,1,moderate,Uttarakhand
25.56822,94.16873,1579.2,48.64,152.97,368.71,20.28,68.9,63.94,82.35,90.42,3,critical,Nagaland
30.57427,78.99431,3706.0,60.74,152.08,243.17,16.18,79.03,83.13,93.72,92.13,3,critical,Uttarakhand
27.20481,88.67125,1578.2,29.73,33.88,112.29,4.31,71.12,43.4,88.81,43.95,1,moderate,Sikkim
25.70366,94.09388,1263.2,60.54,10.69,18.11,0.78,39.28,18.07,72.98,45.94,1,moderate,Nagaland
11.78866,75.95934,978.6,46.04,34.73,97.08,2.5,67.35,39.5,98.39,53.57,1,moderate,Kerala
26.98784,88.28467,2058.9,54.68,44.87,114.83,4.96,50.58,42.85,70.78,49.38,1,moderate,West Bengal
25.48356,91.80232,2059.5,36.22,123.71,252.61,18.87,92.62,69.33,85.48,86.7,3,critical,Meghalaya
25.60219,93.98824,1447.0,45.77,26.56,134.4,1.89,36.39,45.37,87.37,39.84,0,low,Nagaland
27.2164,88.26929,2062.4,36.19,39.61,104.86,3.85,55.91,37.82,63.44,41.56,1,moderate,West Bengal
25.39788,91.79417,1559.3,36.67,34.83,176.28,3.65,70.76,74.78,82.79,52.39,1,moderate,Meghalaya
27.18097,88.56722,1577.3,38.91,79.22,220.38,9.9,74.49,81.82,100.0,69.82,2,high,Sikkim
11.65427,76.21166,836.7,51.67,68.16,115.49,6.73,64.28,53.78,89.95,61.43,2,high,Kerala
25.70293,94.16297,1270.1,51.25,60.61,210.9,10.37,81.7,90.0,66.64,71.75,2,high,Nagaland
31.23438,77.11732,2257.8,40.9,23.73,46.97,1.16,36.01,17.02,86.25,31.22,0,low,Himachal Pradesh
26.11453,91.78818,117.6,34.42,45.35,96.53,4.76,68.81,55.89,62.1,45.42,1,moderate,Assam
25.47703,91.88627,2063.3,49.7,185.9,365.85,19.39,84.81,85.9,75.19,100.0,3,critical,Meghalaya
23.35865,93.36653,1697.3,36.66,14.5,99.38,1.68,71.03,44.26,65.69,45.48,1,moderate,Mizoram
26.22898,91.64524,71.2,38.17,41.3,142.57,2.75,42.7,59.02,68.96,41.68,1,moderate,Assam
25.59494,91.81865,1875.6,46.73,48.5,64.49,2.62,26.15,29.84,78.14,40.12,1,moderate,Meghalaya
30.74657,79.02127,3731.1,52.14,25.15,129.32,2.38,68.53,51.01,100.0,55.61,1,moderate,Uttarakhand
31.12893,77.07096,2061.0,39.19,117.56,257.81,13.44,78.47,85.61,100.0,80.19,3,critical,Himachal Pradesh
11.69872,76.33805,1039.5,45.12,2.41,65.6,0.13,13.7,28.49,100.0,33.35,0,low,Kerala
11.77854,76.03917,743.7,58.93,48.22,104.84,3.41,51.91,70.0,93.44,55.45,1,moderate,Kerala
27.3861,88.66785,1626.9,54.55,277.1,596.77,74.64,87.24,95.99,80.32,100.0,3,critical,Sikkim
26.18968,91.94945,50.0,37.02,67.29,133.57,6.03,35.0,57.04,82.39,44.56,1,moderate,Assam
24.88181,93.96144,777.2,41.33,4.27,5.05,0.22,29.42,29.2,82.68,28.02,0,low,Manipur
11.69711,76.16616,738.7,46.52,101.55,218.92,23.54,71.87,90.0,89.5,81.33,3,critical,Kerala
31.19213,77.19065,2073.5,43.26,245.63,626.22,68.7,94.27,89.02,88.93,100.0,3,critical,Himachal Pradesh
27.14897,93.62791,505.5,26.23,54.78,116.31,4.74,65.21,62.4,53.16,45.66,1,moderate,Arunachal Pradesh
30.62765,79.03666,3685.9,50.25,33.58,183.33,5.74,70.79,82.56,100.0,70.84,2,high,Uttarakhand
30.5893,78.99321,3380.9,45.14,112.59,311.27,21.67,87.1,60.47,100.0,88.43,3,critical,Uttarakhand
31.12184,77.29232,2374.1,59.32,37.62,106.9,2.95,48.06,57.81,98.88,55.65,1,moderate,Himachal Pradesh
27.06875,93.54932,809.3,48.49,41.06,95.68,5.17,40.13,49.37,60.72,37.1,0,low,Arunachal Pradesh
31.2143,77.17924,2215.3,47.93,61.04,120.25,4.25,47.26,51.12,96.27,57.14,1,moderate,Himachal Pradesh
25.65227,94.08009,1079.8,41.79,119.33,265.5,18.3,75.66,90.0,83.71,76.58,2,high,Nagaland
31.00698,77.08239,2453.2,52.35,188.98,390.91,30.36,84.77,83.82,82.25,100.0,3,critical,Himachal Pradesh
25.70278,94.08628,1347.8,34.04,3.6,33.55,0.17,23.78,21.33,67.06,28.29,0,low,Nagaland
26.10025,91.77359,119.0,43.95,27.25,112.82,3.0,44.97,55.6,81.49,42.71,1,moderate,Assam
27.13289,93.63937,764.6,37.33,83.85,279.5,13.41,70.68,77.55,67.46,71.03,2,high,Arunachal Pradesh
27.07979,88.27712,2165.7,35.53,1.31,4.98,0.06,26.09,25.65,98.34,23.91,0,low,West Bengal
26.20777,91.71221,50.0,23.26,120.37,242.97,18.75,83.07,75.7,77.87,72.73,2,high,Assam
26.08357,91.88751,50.0,21.66,3.28,14.85,0.16,28.85,29.4,76.88,20.18,0,low,Assam
11.55827,76.17167,972.8,53.85,32.8,117.98,4.44,53.79,65.18,98.44,56.23,1,moderate,Kerala
27.01373,88.21751,1924.5,47.54,259.82,476.42,60.57,96.54,75.0,79.61,100.0,3,critical,West Bengal
25.21655,91.74547,1227.8,48.13,60.35,103.56,4.42,69.6,43.56,100.0,50.02,1,moderate,Meghalaya
30.87712,79.09201,3415.5,61.06,2.84,18.98,0.16,26.71,22.05,92.28,40.15,1,moderate,Uttarakhand
27.31071,88.57528,1733.0,55.36,63.89,107.8,4.43,73.45,61.85,93.73,68.37,2,high,Sikkim
27.17074,93.65379,611.8,48.27,48.38,89.54,3.46,36.89,44.74,60.68,42.38,1,moderate,Arunachal Pradesh
26.99717,88.25791,2434.0,43.07,1.7,15.45,0.09,29.43,17.16,67.69,27.48,0,low,West Bengal
27.4444,88.62608,1843.7,67.21,64.14,146.92,8.42,43.03,50.33,79.94,65.35,2,high,Sikkim
25.44064,91.57383,1407.2,52.71,3.84,31.79,0.31,23.77,20.29,94.25,37.53,0,low,Meghalaya
27.26842,88.5596,1991.1,59.52,67.56,125.77,4.26,70.15,69.73,76.61,64.53,2,high,Sikkim
31.19309,77.08735,2245.1,54.83,51.85,118.44,5.24,75.0,52.16,71.79,62.44,2,high,Himachal Pradesh
26.24025,91.647,398.1,12.95,15.0,27.43,0.75,34.87,17.77,81.38,15.41,0,low,Assam
30.79244,79.06242,3325.6,60.92,1.56,11.39,0.1,17.69,24.29,84.28,36.54,0,low,Uttarakhand
27.04615,88.34696,2019.3,52.7,29.17,116.16,3.46,61.88,44.69,73.82,50.92,1,moderate,West Bengal
25.33617,91.74264,1239.2,49.69,39.37,117.18,2.63,59.39,66.64,100.0,56.7,1,moderate,Meghalaya
23.58621,93.40615,1784.6,44.76,63.88,110.29,4.27,59.96,51.23,85.29,52.07,1,moderate,Mizoram
24.78111,93.97322,849.6,52.29,7.54,28.17,0.33,34.08,22.01,88.7,33.92,0,low,Manipur
26.98393,88.2537,1910.2,38.46,78.61,303.62,12.08,74.97,63.33,87.64,71.59,2,high,West Bengal
23.3898,93.29802,1905.8,42.51,0.99,15.53,0.04,34.34,28.03,84.53,31.94,0,low,Mizoram
27.14378,93.61252,738.5,12.34,14.93,16.99,0.68,39.33,30.52,52.3,25.28,0,low,Arunachal Pradesh
31.08944,77.20783,2318.5,56.53,249.92,584.19,44.96,87.05,82.9,97.65,100.0,3,critical,Himachal Pradesh
26.95131,88.22539,1936.0,29.14,56.19,76.05,4.56,75.0,37.38,73.29,45.46,1,moderate,West Bengal
11.74028,76.30497,976.5,48.23,40.68,111.32,3.29,60.62,55.21,97.74,54.97,1,moderate,Kerala
31.0948,77.05385,2422.0,54.53,18.61,50.19,1.41,28.88,31.48,87.95,46.48,1,moderate,Himachal Pradesh
27.20771,88.73457,1661.3,55.91,136.82,310.85,31.33,67.85,55.0,100.0,94.79,3,critical,Sikkim
30.71175,79.07201,3646.0,48.73,8.36,18.34,0.38,32.24,20.8,100.0,31.53,0,low,Uttarakhand
11.67439,76.21857,994.4,53.67,20.05,81.44,0.92,41.53,27.48,89.6,42.06,1,moderate,Kerala
27.05142,88.35749,2074.0,44.9,54.95,86.68,8.19,68.12,40.99,81.81,49.92,1,moderate,West Bengal
25.15608,91.70867,1365.6,52.71,51.93,97.6,4.25,56.88,54.26,79.22,54.45,1,moderate,Meghalaya
25.5966,91.93215,2202.2,52.83,66.66,135.41,8.17,58.91,49.65,95.77,59.17,1,moderate,Meghalaya
25.55934,91.89411,1955.5,28.1,156.32,319.83,18.63,75.19,70.49,85.14,76.46,2,high,Meghalaya
26.97944,88.32214,2240.7,40.88,113.84,281.31,24.58,84.89,76.29,82.86,80.95,3,critical,West Bengal
27.11724,93.52191,624.9,31.9,278.86,610.4,49.35,99.0,89.32,70.16,100.0,3,critical,Arunachal Pradesh
30.78587,79.01623,3515.1,50.67,135.57,197.77,28.18,75.74,82.36,89.04,87.25,3,critical,Uttarakhand
25.24035,91.62216,1322.8,52.17,47.52,108.2,5.01,42.5,64.29,94.57,48.86,1,moderate,Meghalaya
24.77405,93.9122,722.1,52.6,5.47,24.62,0.3,33.96,26.8,85.39,39.61,0,low,Manipur
11.62462,76.06056,1171.9,43.9,69.39,122.61,9.78,47.51,50.39,93.97,57.75,1,moderate,Kerala
27.01901,93.54236,842.6,31.79,1.61,35.99,0.09,28.19,20.96,53.08,23.08,0,low,Arunachal Pradesh
30.67128,79.02036,3641.8,70.27,0.66,0.89,0.03,26.13,14.27,99.83,43.87,1,moderate,Uttarakhand
25.25972,91.67787,1100.8,60.8,136.0,345.41,15.09,80.5,70.16,97.63,100.0,3,critical,Meghalaya
30.69087,79.00342,3706.5,49.37,51.6,78.16,2.98,45.94,26.49,100.0,46.7,1,moderate,Uttarakhand
23.52059,93.28553,1814.0,47.19,78.93,306.66,19.66,76.44,90.0,78.7,84.78,3,critical,Mizoram
25.50958,94.12511,1482.6,47.53,25.18,33.8,1.08,35.5,29.23,72.12,35.04,0,low,Nagaland
11.68571,76.16495,899.8,40.78,1.01,5.07,0.05,43.69,26.04,91.06,34.78,0,low,Kerala
25.31155,91.85262,1413.7,51.21,33.03,33.21,1.4,25.99,26.79,97.52,39.21,0,low,Meghalaya
25.36777,91.86754,1876.7,30.57,140.02,261.87,16.62,79.74,64.61,94.51,79.11,2,high,Meghalaya
30.69743,79.03019,3822.9,63.68,126.99,304.36,16.72,84.0,55.0,99.54,98.2,3,critical,Uttarakhand
27.05299,88.20676,2018.4,47.64,30.01,39.47,2.24,12.52,15.88,91.55,29.24,0,low,West Bengal
27.33091,88.66409,1617.7,56.5,72.35,142.78,5.6,55.06,53.52,87.84,61.81,2,high,Sikkim
25.77253,94.06923,1617.4,49.18,7.88,16.41,0.42,21.63,22.16,84.82,28.49,0,low,Nagaland
25.6585,93.92631,1446.9,55.49,123.81,366.31,19.18,75.96,69.03,66.49,92.62,3,critical,Nagaland
31.11442,77.08049,2484.5,59.05,43.37,102.06,3.01,51.85,59.84,79.13,51.1,1,moderate,Himachal Pradesh
26.08405,91.63417,50.0,22.09,11.6,18.12,0.49,33.95,15.44,75.46,20.94,0,low,Assam
31.10039,77.11207,2461.2,46.08,51.25,118.07,4.74,66.83,43.29,86.45,52.97,1,moderate,Himachal Pradesh
23.48399,93.34427,1574.7,41.14,0.64,19.31,0.03,31.51,29.16,73.18,24.4,0,low,Mizoram
31.02849,76.98844,2320.5,53.94,73.59,146.12,6.46,35.0,46.51,92.91,57.89,1,moderate,Himachal Pradesh
25.63363,94.02962,1493.9,46.65,18.33,19.02,0.8,50.0,14.9,89.14,37.87,0,low,Nagaland
27.27622,88.71045,1565.5,60.98,222.33,514.6,98.73,83.39,89.33,92.8,100.0,3,critical,Sikkim
31.08569,77.18632,2045.7,61.83,158.72,300.49,34.28,82.93,90.0,93.54,100.0,3,critical,Himachal Pradesh
25.32104,91.77007,1159.8,43.66,4.19,8.92,0.18,23.79,9.17,85.7,29.0,0,low,Meghalaya
25.47816,91.80034,2069.7,45.59,7.26,11.64,0.31,20.82,26.15,83.73,31.62,0,low,Meghalaya
30.62322,79.07521,3787.7,60.92,19.21,90.53,2.66,72.34,64.27,93.94,63.25,2,high,Uttarakhand
11.73342,76.21247,872.7,60.9,16.22,25.12,0.92,28.71,32.92,100.0,39.24,0,low,Kerala
25.54466,94.11864,1430.2,42.5,179.48,468.87,71.75,90.2,92.33,69.99,100.0,3,critical,Nagaland
24.71713,93.98736,644.2,37.86,115.7,260.01,17.27,78.99,84.77,83.0,75.15,2,high,Manipur
25.52129,91.85431,2022.5,37.22,115.2,359.51,28.03,87.22,85.32,96.94,86.71,3,critical,Meghalaya
23.49008,93.3434,1544.1,23.62,174.65,488.08,56.3,92.69,88.79,64.75,100.0,3,critical,Mizoram
26.87039,88.40796,1916.7,34.27,32.75,36.42,1.69,41.84,13.16,79.75,24.54,0,low,West Bengal
26.15075,91.5053,50.0,46.26,104.73,254.83,11.7,71.38,72.66,77.86,72.19,2,high,Assam
23.49235,93.16938,1518.6,47.33,63.27,111.32,5.21,60.16,59.52,91.41,56.21,1,moderate,Mizoram
25.6707,93.95934,1408.3,34.91,246.13,618.12,74.2,93.64,85.11,68.35,100.0,3,critical,Nagaland
27.16898,93.70405,488.9,33.56,31.15,127.0,2.27,66.97,45.52,65.94,44.76,1,moderate,Arunachal Pradesh
30.77917,79.06864,3639.7,53.07,0.99,23.55,0.07,28.62,20.85,100.0,35.56,0,low,Uttarakhand
25.69757,94.08344,1475.8,45.86,6.87,26.92,0.32,32.45,22.81,90.77,29.21,0,low,Nagaland
30.54587,78.92646,3583.1,69.12,0.33,27.27,0.03,36.49,25.66,91.55,49.72,1,moderate,Uttarakhand
23.38198,93.34384,1617.9,43.4,27.14,95.77,2.79,47.83,48.08,72.33,44.24,1,moderate,Mizoram
26.0868,91.60657,92.7,35.85,148.1,301.12,19.69,84.37,76.5,80.15,85.82,3,critical,Assam
11.58031,76.15968,995.3,36.29,71.75,148.93,11.85,42.31,48.35,89.33,50.61,1,moderate,Kerala
11.60116,76.02979,948.9,49.82,137.26,340.13,19.02,86.09,71.88,99.52,93.63,3,critical,Kerala
25.23153,91.78569,1352.3,47.3,23.64,58.94,3.35,41.53,42.19,100.0,42.18,1,moderate,Meghalaya
23.41757,93.33259,1643.4,57.79,53.18,78.95,6.63,53.67,47.25,78.39,55.88,1,moderate,Mizoram
26.99106,88.22864,2229.3,55.07,52.35,114.01,6.21,51.55,58.96,78.39,58.63,1,moderate,West Bengal
11.64739,76.06165,794.9,21.73,81.59,136.66,5.53,66.13,46.08,88.33,48.53,1,moderate,Kerala
30.74147,79.08043,3661.3,51.14,117.37,334.91,14.2,79.5,70.88,81.41,84.53,3,critical,Uttarakhand
26.97845,88.36622,2128.6,56.47,15.36,15.96,1.21,33.11,29.89,65.83,32.34,0,low,West Bengal
27.33152,88.5683,1742.8,46.18,126.38,326.29,16.1,75.77,84.66,94.11,87.61,3,critical,Sikkim
25.75704,94.06445,1283.7,39.96,4.68,11.06,0.31,23.43,14.59,91.73,29.08,0,low,Nagaland
26.99041,88.24772,2031.2,32.59,238.0,637.1,45.0,92.65,85.88,59.82,100.0,3,critical,West Bengal
24.7219,93.96867,973.1,37.0,236.95,582.66,79.56,92.78,94.83,96.93,100.0,3,critical,Manipur
26.10638,91.82487,50.0,38.73,42.87,99.64,3.51,49.31,46.51,75.83,42.47,1,moderate,Assam
25.68911,94.17715,1280.3,46.83,40.93,122.26,2.72,60.81,41.41,57.94,51.17,1,moderate,Nagaland
26.05304,91.74705,50.0,30.79,40.1,70.99,3.48,68.58,41.39,72.07,38.68,0,low,Assam
27.26184,88.6337,1757.4,59.29,5.0,9.92,0.34,34.35,29.17,81.31,42.89,1,moderate,Sikkim
26.09659,91.69733,336.4,34.43,48.83,112.76,3.7,63.47,39.51,59.42,42.06,1,moderate,Assam
25.63761,94.14153,1773.7,46.93,59.31,117.75,5.24,51.61,50.07,62.14,48.48,1,moderate,Nagaland
25.65131,94.17816,1570.3,25.85,26.3,27.68,1.5,26.05,30.88,77.98,29.49,0,low,Nagaland
27.17517,88.25829,2074.5,36.28,68.27,122.24,7.31,75.0,53.13,71.03,53.89,1,moderate,West Bengal
27.28588,88.61424,1849.6,50.81,173.33,372.34,19.46,86.32,90.0,88.29,100.0,3,critical,Sikkim
25.52945,91.91463,1402.8,47.15,70.55,158.53,8.87,50.42,54.97,99.96,62.27,2,high,Meghalaya
25.65109,91.88139,2018.2,52.92,20.69,21.86,1.38,35.74,18.82,79.96,42.52,1,moderate,Meghalaya
23.36199,93.41186,1635.7,56.5,6.47,7.23,0.29,26.9,10.9,68.29,34.65,0,low,Mizoram
27.20414,88.52039,1828.4,66.05,38.09,134.33,2.52,40.67,50.1,82.74,54.72,1,moderate,Sikkim
23.53246,93.20572,1745.6,38.21,90.6,175.63,9.77,80.95,84.72,57.13,63.82,2,high,Mizoram
23.46517,93.3507,1607.6,47.56,277.0,554.7,50.75,90.38,79.98,81.14,100.0,3,critical,Mizoram
27.08772,93.61012,780.1,29.34,9.07,44.08,0.57,36.85,16.2,59.66,20.9,0,low,Arunachal Pradesh
23.34389,93.37374,1731.5,37.79,23.88,138.55,1.54,67.61,43.81,74.91,42.46,1,moderate,Mizoram
27.14782,93.63426,774.8,36.04,6.04,8.84,0.41,17.76,19.76,59.07,17.14,0,low,Arunachal Pradesh
30.75954,79.05433,3676.2,59.01,237.45,580.51,57.5,99.0,75.0,90.86,100.0,3,critical,Uttarakhand
27.19066,88.7012,1795.6,41.81,2.38,5.21,0.19,20.98,21.58,90.09,32.47,0,low,Sikkim
26.87877,88.36036,1893.5,61.98,42.23,85.92,6.33,55.61,70.0,73.09,58.47,1,moderate,West Bengal
27.02271,93.59543,752.5,23.68,35.1,81.41,3.25,59.34,42.24,49.59,29.88,0,low,Arunachal Pradesh
11.78742,76.04012,699.3,59.62,65.17,106.77,8.56,51.9,60.73,89.06,64.27,2,high,Kerala
26.03241,91.55858,55.0,42.45,57.86,94.99,4.73,45.66,58.62,72.04,45.69,1,moderate,Assam
27.32294,88.5937,1461.3,50.26,53.79,109.19,4.02,75.0,40.25,82.57,60.62,2,high,Sikkim
26.82934,88.31104,1988.9,61.14,50.14,114.67,4.64,74.89,65.81,68.71,65.16,2,high,West Bengal
27.44871,88.57247,1574.5,43.89,8.66,32.67,0.4,17.67,11.71,83.96,32.43,0,low,Sikkim
23.59975,93.42139,1622.9,49.45,5.35,32.64,0.34,44.7,9.64,76.65,25.95,0,low,Mizoram
11.69181,76.16041,899.1,54.76,148.28,313.68,31.82,89.39,76.95,90.48,100.0,3,critical,Kerala
11.59173,76.20433,752.7,57.05,9.15,33.2,0.38,20.26,20.56,84.23,32.07,0,low,Kerala
25.64179,91.88739,2089.2,42.08,19.33,36.2,1.38,33.98,24.68,93.45,32.31,0,low,Meghalaya
27.20795,88.2007,2391.8,50.92,139.32,386.2,23.85,72.75,65.64,83.57,87.79,3,critical,West Bengal
26.01622,91.63325,50.0,37.52,34.81,71.81,3.44,52.23,52.75,72.13,41.13,1,moderate,Assam
26.05484,91.78273,50.0,26.74,129.84,316.61,29.42,90.2,76.25,75.71,81.62,3,critical,Assam
23.49782,93.39831,1434.4,58.76,135.42,294.48,27.63,82.3,77.93,81.26,100.0,3,critical,Mizoram
25.97372,91.70521,287.3,46.28,1.14,16.76,0.05,16.65,24.06,75.75,21.07,0,low,Assam
26.00566,91.80801,50.0,27.74,12.68,19.65,0.88,23.56,28.54,69.71,21.52,0,low,Assam
27.04592,88.25744,1971.0,39.68,121.58,314.29,18.54,76.05,90.0,82.53,85.94,3,critical,West Bengal
25.3495,91.83991,1302.1,51.8,0.75,18.98,0.04,25.26,26.82,97.06,36.32,0,low,Meghalaya
26.17971,91.759,309.8,24.96,7.74,10.24,0.36,33.84,18.54,56.11,17.82,0,low,Assam
24.9075,93.94167,811.4,42.46,23.88,59.49,1.85,69.82,64.45,79.08,53.1,1,moderate,Manipur
25.48915,94.0843,1281.9,30.31,120.52,280.64,22.27,77.77,71.8,68.44,74.27,2,high,Nagaland
27.13927,93.79744,692.7,33.72,131.73,288.93,18.1,73.07,68.49,67.47,74.78,2,high,Arunachal Pradesh
27.18848,93.66253,935.3,33.99,29.99,75.53,4.26,59.17,47.03,57.61,40.56,1,moderate,Arunachal Pradesh
31.09199,77.1175,2551.7,36.44,64.17,102.21,5.37,66.04,34.05,93.72,53.05,1,moderate,Himachal Pradesh
25.59352,94.17423,1401.8,48.47,22.72,102.72,1.55,58.18,58.67,88.94,50.05,1,moderate,Nagaland
27.20777,88.27631,2232.5,54.53,69.85,86.46,5.37,37.45,51.12,84.5,57.97,1,moderate,West Bengal
27.01342,88.37534,2163.2,51.45,32.6,75.34,2.74,56.17,41.11,81.87,47.28,1,moderate,West Bengal
30.67873,79.14563,3557.5,47.6,1.49,10.19,0.08,22.9,20.18,100.0,29.93,0,low,Uttarakhand
31.08806,77.02432,2229.6,41.97,177.53,492.25,38.23,86.1,93.02,85.23,100.0,3,critical,Himachal Pradesh
11.69588,76.25285,837.3,32.74,38.78,100.31,4.93,54.92,42.91,86.26,48.78,1,moderate,Kerala
30.63856,79.03521,3514.4,55.66,9.73,12.78,0.44,27.38,27.03,100.0,40.91,1,moderate,Uttarakhand
26.13263,91.66811,50.0,39.01,1.52,22.86,0.1,50.0,31.52,78.44,29.19,0,low,Assam
11.54374,76.04571,949.9,40.83,58.71,133.14,6.37,73.53,45.21,86.88,62.41,2,high,Kerala
25.79678,94.10364,1342.0,50.1,94.23,259.42,10.22,71.89,74.31,79.56,77.06,2,high,Nagaland
27.25781,88.58336,1595.0,46.92,2.27,3.74,0.18,26.76,29.02,90.09,25.82,0,low,Sikkim
31.01204,77.23671,2243.8,50.26,14.95,54.08,0.82,45.48,28.07,80.97,37.35,0,low,Himachal Pradesh
25.56647,91.92998,2052.4,39.35,52.2,113.94,5.46,42.55,56.6,87.6,48.26,1,moderate,Meghalaya
27.14211,88.21881,2018.8,31.36,76.45,206.27,13.17,67.78,66.03,78.54,54.98,1,moderate,West Bengal
27.09001,88.28511,2044.1,34.49,22.44,31.42,1.22,18.46,25.33,68.58,25.97,0,low,West Bengal
26.08143,91.68546,180.8,25.89,231.17,498.83,93.13,91.15,90.29,59.89,100.0,3,critical,Assam
27.06067,93.75808,535.0,44.18,52.9,100.65,4.74,44.48,65.58,65.23,45.18,1,moderate,Arunachal Pradesh
25.23089,91.64043,1451.1,33.85,5.62,36.54,0.25,28.52,29.11,94.59,25.86,0,low,Meghalaya
11.63152,76.10622,823.8,46.09,8.28,8.95,0.37,26.81,24.88,100.0,34.53,0,low,Kerala
23.54046,93.24567,1736.8,42.64,193.12,338.44,22.69,84.29,77.61,71.19,96.3,3,critical,Mizoram
30.744,79.11398,3568.2,40.66,45.5,64.55,6.1,69.24,61.01,100.0,54.33,1,moderate,Uttarakhand
27.38743,88.71808,1782.5,50.72,3.43,15.2,0.22,46.68,26.19,80.02,32.15,0,low,Sikkim
26.94415,93.52694,584.6,30.87,124.94,304.18,12.59,80.73,78.32,55.9,69.35,2,high,Arunachal Pradesh
25.50344,91.75734,1972.6,50.45,101.32,258.16,19.1,95.0,77.83,76.22,86.68,3,critical,Meghalaya
23.47682,93.38726,1669.6,52.15,14.95,25.74,0.93,28.61,23.11,55.63,36.69,0,low,Mizoram
31.10126,77.24786,2156.6,60.55,199.67,512.56,59.8,89.61,88.05,80.35,100.0,3,critical,Himachal Pradesh
23.54908,93.36861,1489.9,47.84,238.34,575.58,44.67,96.9,98.0,64.08,100.0,3,critical,Mizoram
25.58076,91.85501,2169.7,40.3,45.32,109.18,3.29,44.54,50.31,85.26,43.84,1,moderate,Meghalaya
27.34275,88.6173,1633.0,40.42,177.63,490.28,64.13,87.07,81.27,100.0,100.0,3,critical,Sikkim
27.15362,93.51396,886.1,39.74,262.3,582.7,62.93,94.45,80.16,57.4,100.0,3,critical,Arunachal Pradesh
25.60442,93.98266,1465.1,39.1,116.17,326.37,16.8,84.14,55.0,74.04,85.33,3,critical,Nagaland
31.06752,77.03441,2339.7,55.59,165.76,489.51,33.69,88.08,75.0,84.7,100.0,3,critical,Himachal Pradesh
24.81376,94.00149,790.7,52.28,5.89,35.82,0.33,45.25,33.52,94.27,33.15,0,low,Manipur
27.21202,88.59684,1521.4,55.93,88.31,236.62,15.11,73.19,63.21,95.19,80.73,3,critical,Sikkim
25.61254,91.90247,1950.5,35.62,140.72,352.95,15.72,80.35,79.6,88.04,87.06,3,critical,Meghalaya
27.15303,93.55527,886.5,40.93,71.01,114.03,5.53,58.61,70.0,68.88,54.0,1,moderate,Arunachal Pradesh
26.08131,91.67196,298.1,26.09,116.16,323.35,20.17,95.0,80.3,71.81,76.43,2,high,Assam
25.70084,94.12684,1141.0,39.42,36.01,101.01,4.08,57.04,51.01,94.43,48.22,1,moderate,Nagaland
25.10378,91.70438,1676.5,50.89,218.6,682.04,74.19,93.89,75.0,85.09,100.0,3,critical,Meghalaya
30.78091,79.20932,3477.3,54.07,19.42,20.39,1.01,20.6,35.91,100.0,35.02,0,low,Uttarakhand
25.53358,94.19224,1157.1,32.86,73.8,134.42,4.99,53.51,46.27,86.41,46.88,1,moderate,Nagaland
27.06712,88.2464,2107.2,48.67,62.95,155.67,5.42,57.89,45.73,100.0,65.43,2,high,West Bengal
27.30424,88.64769,1662.2,55.16,41.34,69.52,3.36,13.96,25.25,88.86,42.36,1,moderate,Sikkim
24.89769,93.82618,812.8,43.79,110.46,303.63,22.65,73.57,74.47,100.0,81.11,3,critical,Manipur
27.45052,88.55193,1972.5,43.96,187.52,421.12,38.84,90.98,81.07,97.67,100.0,3,critical,Sikkim
31.16511,77.19749,1949.3,61.23,5.85,17.76,0.27,24.2,30.6,85.12,37.44,0,low,Himachal Pradesh
23.54493,93.29597,1566.6,44.63,45.62,101.54,2.99,40.16,62.58,83.81,48.42,1,moderate,Mizoram
31.20149,77.28604,2210.8,64.52,2.59,72.16,0.12,29.61,24.96,86.19,41.87,1,moderate,Himachal Pradesh
25.32062,91.91166,1457.3,49.99,13.62,14.14,0.72,21.5,28.83,88.33,34.3,0,low,Meghalaya
27.13353,93.62392,817.1,39.54,43.22,145.33,6.1,75.0,38.04,56.56,51.15,1,moderate,Arunachal Pradesh
24.77911,94.01071,867.8,27.1,199.89,326.62,79.82,86.99,98.0,76.43,100.0,3,critical,Manipur
27.09141,93.55451,717.6,31.67,144.22,434.21,33.17,87.17,91.76,67.04,92.58,3,critical,Arunachal Pradesh
24.81064,93.96729,843.5,36.19,82.75,273.66,14.93,81.15,64.72,64.85,73.63,2,high,Manipur
26.27976,91.68448,50.0,17.54,144.5,311.43,18.21,71.3,79.78,60.55,72.75,2,high,Assam
27.34964,88.57277,1569.0,53.14,129.31,338.22,13.31,87.15,83.81,84.98,96.02,3,critical,Sikkim
27.40305,88.61216,1438.7,48.0,27.43,113.14,4.41,68.18,50.49,94.69,52.57,1,moderate,Sikkim
23.53218,93.40502,1577.6,53.75,269.48,598.62,52.58,96.5,86.63,59.41,100.0,3,critical,Mizoram
31.01858,77.2856,2392.3,42.6,41.11,99.55,4.66,58.53,63.54,99.14,54.14,1,moderate,Himachal Pradesh
25.62597,94.16747,1657.5,30.48,1.06,5.62,0.07,30.24,28.8,73.46,26.48,0,low,Nagaland
27.0913,93.54557,890.6,28.95,2.61,27.23,0.16,20.39,22.38,66.82,18.57,0,low,Arunachal Pradesh
31.1039,77.28281,2341.6,51.84,39.04,87.04,2.58,56.51,48.47,99.8,48.29,1,moderate,Himachal Pradesh
23.50756,93.29611,1748.5,44.91,69.41,285.57,9.31,95.0,89.58,63.73,79.21,2,high,Mizoram
25.27663,91.67175,1692.2,56.32,79.96,279.52,10.84,76.35,82.9,86.08,84.34,3,critical,Meghalaya
23.3999,93.28445,1817.3,44.9,24.24,34.27,1.05,34.09,23.12,65.67,35.41,0,low,Mizoram
24.80767,93.97,640.8,45.89,7.12,10.69,0.34,36.35,23.77,71.29,32.46,0,low,Manipur
26.12871,91.77113,50.0,36.22,66.57,316.67,16.18,80.81,84.26,61.13,71.7,2,high,Assam
26.9292,88.23156,2028.1,33.45,34.25,85.19,2.67,52.29,36.31,72.66,39.05,0,low,West Bengal
26.07114,91.83834,76.8,31.93,135.68,365.17,22.04,85.27,69.98,86.89,84.33,3,critical,Assam
27.10943,93.52118,879.8,38.0,207.44,508.25,35.56,91.08,98.0,60.9,100.0,3,critical,Arunachal Pradesh
25.62744,91.94764,2023.0,42.44,129.43,273.24,22.24,88.12,67.99,90.26,89.06,3,critical,Meghalaya
27.42721,88.76207,1411.8,45.05,16.84,94.4,1.49,45.46,48.15,100.0,41.91,1,moderate,Sikkim
25.7254,94.10822,1310.3,42.5,14.47,27.55,1.09,36.32,31.16,82.87,32.77,0,low,Nagaland
25.71885,94.06013,1308.3,53.62,144.29,338.58,26.56,74.33,62.66,71.48,92.98,3,critical,Nagaland
24.83527,93.90601,781.6,50.23,92.32,304.75,11.45,75.96,72.61,83.41,75.3,2,high,Manipur
30.81154,78.94041,3737.2,63.94,57.72,102.06,3.68,42.22,61.67,89.67,59.82,1,moderate,Uttarakhand
25.7646,94.14859,1211.9,50.24,132.69,313.3,31.04,79.8,73.58,82.18,90.18,3,critical,Nagaland
23.46731,93.37069,1401.7,39.72,201.09,583.42,78.86,85.42,89.18,59.44,100.0,3,critical,Mizoram
27.31585,88.56426,1632.2,56.01,50.91,101.23,4.65,71.68,45.6,71.59,64.82,2,high,Sikkim
25.15864,91.86633,1412.7,45.23,169.52,537.9,76.31,89.0,82.63,99.11,100.0,3,critical,Meghalaya
25.73195,94.03517,1446.4,54.02,10.6,20.3,0.51,29.71,25.64,88.97,35.73,0,low,Nagaland
27.12932,88.2653,1866.2,39.15,38.64,106.63,5.12,46.54,53.63,85.71,40.95,1,moderate,West Bengal
25.64456,93.97834,1553.9,47.7,8.92,41.44,0.45,18.7,29.4,72.1,29.51,0,low,Nagaland
30.65361,79.09597,3451.5,54.1,0.18,13.88,0.01,30.26,19.0,94.97,35.64,0,low,Uttarakhand
31.07282,77.08755,2523.9,54.9,165.2,343.92,21.48,68.15,72.12,82.16,94.26,3,critical,Himachal Pradesh
26.16753,91.77989,357.6,37.63,41.52,53.24,2.08,21.81,17.45,69.02,26.16,0,low,Assam
30.74769,79.05561,3677.5,55.88,7.0,37.95,0.33,35.09,19.29,100.0,36.99,0,low,Uttarakhand
27.25622,88.60802,1702.5,32.23,37.58,113.34,3.44,49.25,54.38,97.42,43.05,1,moderate,Sikkim
31.14528,77.09634,2569.7,47.34,38.11,50.78,2.82,22.22,37.98,76.92,37.75,0,low,Himachal Pradesh
25.7614,94.14268,1545.5,53.17,9.55,35.47,0.5,33.3,22.33,76.07,36.65,0,low,Nagaland
27.29764,88.50497,1395.9,45.23,119.81,308.64,13.23,85.65,73.79,90.55,87.57,3,critical,Sikkim
25.65908,94.0981,1304.2,48.26,34.25,49.3,2.97,53.6,56.7,66.73,40.68,1,moderate,Nagaland
27.0467,88.2093,2305.6,49.21,28.41,93.5,2.17,37.08,51.75,80.0,44.16,1,moderate,West Bengal
24.83522,93.94489,738.4,49.66,107.04,328.83,12.18,90.8,87.02,91.85,86.24,3,critical,Manipur
27.01883,93.6122,506.6,27.52,9.36,9.93,0.59,28.88,18.64,67.19,20.02,0,low,Arunachal Pradesh
27.38137,88.54923,1496.4,60.14,35.9,104.02,3.5,72.88,44.7,81.07,60.32,2,high,Sikkim
27.06089,93.6602,692.1,36.23,56.17,142.54,7.91,55.81,36.08,57.63,42.65,1,moderate,Arunachal Pradesh
25.18703,91.78323,1310.6,40.4,21.15,71.7,1.31,25.17,32.61,80.45,34.18,0,low,Meghalaya
25.56604,91.95797,1623.7,33.0,119.9,350.09,13.19,90.01,71.8,80.35,86.34,3,critical,Meghalaya
25.49872,91.90335,2059.8,43.86,2.89,36.63,0.14,35.76,36.18,92.96,37.31,0,low,Meghalaya
11.74442,76.20609,1315.0,55.29,20.74,71.03,1.21,42.13,25.95,88.71,42.58,1,moderate,Kerala
30.80199,79.06696,3622.7,57.49,131.07,336.17,15.69,69.41,55.0,86.54,89.06,3,critical,Uttarakhand
25.31066,92.0441,1117.4,61.8,5.96,10.03,0.47,32.87,20.44,89.7,42.16,1,moderate,Meghalaya
31.00367,77.18977,2276.1,52.91,0.77,9.75,0.03,18.29,29.58,83.58,33.74,0,low,Himachal Pradesh
25.68414,94.07761,1155.1,47.95,118.18,354.17,15.21,72.98,86.47,75.52,86.37,3,critical,Nagaland
25.52008,91.89513,1913.6,44.51,57.5,111.6,7.24,69.48,50.44,88.51,51.22,1,moderate,Meghalaya
26.13512,91.82413,339.4,33.08,236.38,502.04,88.66,92.2,83.18,76.39,100.0,3,critical,Assam
27.00858,88.26221,1974.5,53.78,14.52,16.56,0.78,25.01,30.32,78.38,37.88,0,low,West Bengal
24.97721,93.95396,757.1,55.39,143.88,456.31,49.57,98.19,90.04,80.96,100.0,3,critical,Manipur
30.80242,79.18643,3588.3,47.12,1.47,4.27,0.12,30.83,14.74,100.0,33.3,0,low,Uttarakhand
24.75446,93.82326,713.0,32.37,7.68,20.68,0.48,35.42,22.18,78.84,25.69,0,low,Manipur
25.36305,91.73082,1282.8,51.7,8.81,51.07,0.47,24.0,37.69,93.59,33.79,0,low,Meghalaya
27.26169,88.76697,1531.2,42.45,116.69,240.61,13.16,78.45,70.76,91.56,75.12,2,high,Sikkim
30.61799,78.90833,3397.6,62.42,96.84,314.39,10.07,67.45,69.0,92.09,84.56,3,critical,Uttarakhand
26.95188,88.38289,2164.0,53.94,121.68,262.88,14.26,77.37,69.87,78.6,83.32,3,critical,West Bengal
25.2136,91.72554,1513.7,48.61,7.67,9.2,0.44,20.79,19.12,96.31,35.14,0,low,Meghalaya
25.61041,94.26149,1217.7,43.99,49.81,111.33,5.82,36.85,43.48,77.87,41.93,1,moderate,Nagaland
11.66565,76.16985,1165.1,47.29,62.18,113.39,6.19,68.73,51.3,91.81,55.34,1,moderate,Kerala
25.27446,91.81754,1176.1,60.24,107.19,321.28,11.26,65.0,62.1,90.74,80.89,3,critical,Meghalaya
27.30569,88.53723,1835.6,62.5,42.69,126.43,6.47,56.1,42.53,81.93,58.66,1,moderate,Sikkim
25.52603,91.97881,1932.5,48.8,81.28,144.26,8.87,73.39,35.56,67.25,63.08,2,high,Meghalaya
27.0114,88.22731,1813.9,41.29,10.94,11.83,0.46,35.96,15.24,87.69,33.17,0,low,West Bengal
27.33999,88.5474,1602.9,51.63,9.98,14.15,0.65,20.4,24.38,82.74,35.47,0,low,Sikkim
26.11755,91.53291,199.6,33.54,126.47,304.82,31.51,95.0,59.26,79.46,91.14,3,critical,Assam
25.25885,91.78917,1143.6,58.55,15.48,20.97,1.24,25.89,11.15,92.58,43.6,1,moderate,Meghalaya
27.10948,88.13362,2139.8,55.07,57.21,104.28,5.27,45.63,42.82,79.59,59.12,1,moderate,West Bengal
27.21816,93.47868,680.9,38.69,44.34,76.52,2.8,47.12,31.25,54.8,32.35,0,low,Arunachal Pradesh
26.17014,91.7853,50.0,31.47,272.29,600.5,134.62,93.95,89.46,81.68,100.0,3,critical,Assam
25.60526,91.9182,2117.0,33.85,91.8,320.13,13.07,65.96,76.93,83.18,70.12,2,high,Meghalaya
27.10851,93.58782,676.7,26.03,18.98,27.35,0.98,10.0,36.81,47.76,22.89,0,low,Arunachal Pradesh
26.93159,88.24059,2102.8,46.06,56.03,88.38,3.91,56.11,44.75,74.12,46.35,1,moderate,West Bengal
27.19064,88.69601,1598.8,49.97,60.19,141.87,5.25,54.67,58.05,87.73,57.12,1,moderate,Sikkim
24.85401,93.80625,697.8,42.07,1.33,5.44,0.08,25.96,19.91,79.26,27.95,0,low,Manipur
24.80513,93.93402,667.9,64.47,55.94,124.02,3.6,75.0,67.95,78.21,67.47,2,high,Manipur
27.08262,93.75317,583.8,38.58,30.14,67.98,2.52,48.43,48.65,67.21,42.15,1,moderate,Arunachal Pradesh
27.00373,88.2223,2102.1,48.62,31.67,112.06,4.59,69.76,49.17,79.1,54.47,1,moderate,West Bengal
11.60295,76.07585,1076.4,60.62,1.95,21.46,0.12,16.86,25.23,98.18,34.51,0,low,Kerala
27.26569,88.70732,1524.9,49.4,39.69,94.14,3.0,64.91,51.69,86.48,51.01,1,moderate,Sikkim
23.46931,93.40067,1755.5,53.04,137.3,308.61,26.49,81.94,84.02,84.92,92.21,3,critical,Mizoram
11.64617,76.24386,1131.4,55.55,43.22,49.38,2.94,23.15,27.24,100.0,43.24,1,moderate,Kerala
23.47773,93.39933,1810.8,45.64,46.94,155.17,3.29,52.4,37.84,72.53,53.62,1,moderate,Mizoram
25.72573,93.98881,1465.7,43.54,227.85,586.67,73.99,88.87,91.94,89.7,100.0,3,critical,Nagaland
11.68487,76.05952,596.3,46.84,45.65,158.68,5.62,35.0,55.85,92.29,46.91,1,moderate,Kerala
27.03055,88.29473,2184.9,45.22,50.55,133.99,5.04,46.66,54.6,86.4,50.04,1,moderate,West Bengal
27.04453,93.6377,658.7,38.26,7.61,9.61,0.53,17.76,23.17,63.32,21.39,0,low,Arunachal Pradesh
23.51098,93.48008,1901.9,38.89,5.73,29.22,0.42,25.65,27.66,72.3,26.96,0,low,Mizoram
27.06041,93.59874,785.7,38.13,102.79,313.19,20.36,95.0,70.32,58.92,84.5,3,critical,Arunachal Pradesh
23.48319,93.37649,1704.7,52.86,52.37,238.28,6.91,81.21,55.48,69.68,69.17,2,high,Mizoram
23.48465,93.2562,1421.5,58.31,17.46,95.82,2.12,69.63,57.73,53.42,50.28,1,moderate,Mizoram
11.81935,76.11812,843.9,43.73,62.95,146.26,5.72,53.78,37.7,91.69,55.22,1,moderate,Kerala
11.58104,76.14829,959.7,53.39,45.44,99.28,3.47,56.44,52.03,97.75,54.79,1,moderate,Kerala
25.32164,91.90306,1383.8,49.75,290.99,683.52,50.8,84.79,84.87,94.0,100.0,3,critical,Meghalaya
26.06477,91.76527,341.1,34.98,41.87,94.25,4.28,51.49,42.22,60.17,39.55,0,low,Assam
26.21187,91.8344,162.8,26.44,29.94,69.77,4.72,56.87,56.5,67.85,39.56,0,low,Assam
27.05928,93.59157,840.0,50.5,0.48,7.05,0.03,18.71,25.79,67.65,28.58,0,low,Arunachal Pradesh
24.79859,93.87492,709.1,44.32,106.39,302.31,11.61,82.27,55.0,72.8,73.14,2,high,Manipur
26.22051,91.78526,127.7,32.91,158.76,411.51,22.35,74.09,81.06,55.81,81.13,3,critical,Assam
27.02383,93.67773,626.0,44.81,143.23,331.51,16.94,80.44,65.65,57.21,86.41,3,critical,Arunachal Pradesh
26.99356,88.32313,2001.6,36.44,121.47,292.49,17.94,81.04,76.99,96.64,78.84,2,high,West Bengal
11.65109,76.12639,1128.5,40.63,73.26,284.89,13.6,65.0,90.0,93.31,72.76,2,high,Kerala
26.19401,91.49192,318.4,36.05,123.03,278.01,15.63,88.24,70.86,57.46,74.03,2,high,Assam
11.59393,76.08543,1168.6,58.3,24.71,70.06,1.62,58.52,38.56,91.13,49.35,1,moderate,Kerala
23.53008,93.35719,1854.0,25.83,2.79,9.12,0.14,49.75,19.67,78.83,25.35,0,low,Mizoram
27.08035,93.76252,1082.3,39.98,32.95,39.08,2.16,32.69,11.54,54.25,27.11,0,low,Arunachal Pradesh
31.17128,77.19155,2181.8,46.88,133.16,359.06,15.93,68.18,90.0,91.88,88.78,3,critical,Himachal Pradesh
11.63217,76.10335,1059.1,38.83,10.15,13.44,0.54,40.69,26.49,92.96,35.37,0,low,Kerala
25.57171,91.88358,1834.0,46.86,43.47,89.99,4.67,72.21,59.94,78.96,55.58,1,moderate,Meghalaya
25.56589,94.0826,1397.4,37.7,11.67,12.9,0.63,24.59,20.2,77.06,26.08,0,low,Nagaland
31.16599,77.193,2100.2,53.76,236.27,487.7,55.44,97.02,98.0,95.99,100.0,3,critical,Himachal Pradesh
30.7405,79.13098,3492.1,67.58,1.39,4.66,0.08,23.59,27.46,99.62,43.64,1,moderate,Uttarakhand
27.50419,88.464,1539.2,46.98,72.1,134.01,5.96,73.67,59.77,100.0,64.38,2,high,Sikkim
25.4317,91.92876,1649.4,40.12,21.83,113.3,1.7,48.09,44.87,100.0,45.38,1,moderate,Meghalaya
27.0032,88.39095,2034.4,44.18,3.38,4.69,0.17,25.05,31.21,92.83,29.44,0,low,West Bengal
31.12082,77.25142,2406.7,58.22,26.27,43.1,1.9,27.32,17.96,100.0,39.87,0,low,Himachal Pradesh
27.35303,88.58862,1606.9,43.66,96.32,306.15,14.02,80.57,90.0,89.67,84.97,3,critical,Sikkim
24.82511,94.11633,933.8,41.57,102.05,286.34,15.9,77.15,79.78,80.8,73.45,2,high,Manipur
27.04011,93.84889,853.0,29.67,93.9,284.21,17.63,78.71,75.39,73.47,74.33,2,high,Arunachal Pradesh
26.04325,91.75422,158.5,39.67,9.95,34.62,0.42,22.39,36.67,68.98,26.45,0,low,Assam
30.78198,79.08742,3550.7,53.45,43.48,127.23,3.43,38.31,49.52,100.0,51.34,1,moderate,Uttarakhand
31.03643,77.07738,2129.4,56.43,287.89,528.09,106.8,89.75,80.76,100.0,100.0,3,critical,Himachal Pradesh
26.99261,88.25236,2111.8,59.42,40.47,90.05,6.16,35.15,48.28,69.04,50.91,1,moderate,West Bengal
11.65194,76.24159,841.1,49.56,16.99,50.13,2.03,47.47,54.08,80.18,40.51,1,moderate,Kerala
25.26251,91.83606,1236.9,36.82,0.88,10.31,0.05,40.38,21.39,87.33,29.44,0,low,Meghalaya
23.44089,93.36967,1597.5,57.27,125.94,224.06,15.68,74.74,67.98,76.99,85.0,3,critical,Mizoram
30.75894,78.98078,3294.7,57.15,178.36,352.4,25.45,74.56,75.77,96.14,100.0,3,critical,Uttarakhand
25.60077,94.17458,1472.4,41.45,247.94,679.15,65.76,99.0,79.44,72.42,100.0,3,critical,Nagaland
23.45501,93.30246,1720.7,50.66,25.45,44.14,1.59,23.29,23.33,56.68,31.79,0,low,Mizoram
26.06462,91.8798,347.5,40.26,100.2,383.69,10.67,79.28,84.24,70.72,81.49,3,critical,Assam
27.05759,93.70693,869.7,32.7,2.06,38.07,0.09,39.78,10.16,55.87,21.78,0,low,Arunachal Pradesh
24.80979,93.92279,805.1,51.04,73.81,135.37,5.4,51.38,55.35,65.91,59.25,1,moderate,Manipur
24.81103,93.87716,955.3,36.95,60.23,148.78,6.46,71.08,60.01,87.3,54.45,1,moderate,Manipur
27.02727,88.22634,2140.2,59.7,14.04,36.97,0.63,49.02,18.55,83.0,43.9,1,moderate,West Bengal
24.84783,93.95796,943.4,30.04,25.7,125.66,1.89,39.31,53.8,74.96,36.23,0,low,Manipur
11.86818,75.99041,890.8,49.25,46.87,109.96,4.82,70.49,49.85,88.15,50.81,1,moderate,Kerala
27.05408,93.56115,626.2,47.56,6.91,28.1,0.44,49.72,15.93,59.19,35.36,0,low,Arunachal Pradesh
26.06736,91.7578,198.0,39.83,44.99,97.55,3.67,50.05,59.68,58.09,49.71,1,moderate,Assam
27.41465,88.58499,1666.5,65.08,126.1,331.07,18.55,89.16,62.05,80.66,100.0,3,critical,Sikkim
11.70082,76.22731,1033.4,52.46,63.11,110.59,9.83,50.63,58.18,91.06,58.98,1,moderate,Kerala
11.72169,76.14809,786.0,54.0,143.68,307.46,15.21,91.67,90.0,100.0,100.0,3,critical,Kerala
26.98823,88.2049,2210.3,56.26,35.29,74.22,2.7,53.57,64.71,83.14,49.1,1,moderate,West Bengal
11.79712,76.0919,1135.0,31.59,13.04,36.19,0.74,46.05,12.27,96.38,29.09,0,low,Kerala
31.06827,77.15652,2367.7,49.63,169.94,273.56,34.92,92.68,76.91,81.42,100.0,3,critical,Himachal Pradesh
25.53061,94.00433,1804.7,50.79,43.79,69.56,3.24,63.04,44.69,85.61,53.58,1,moderate,Nagaland
26.99608,93.39211,821.1,22.86,10.0,30.9,0.43,38.38,12.27,53.86,19.5,0,low,Arunachal Pradesh
25.56645,91.82477,1982.5,46.6,0.46,0.49,0.03,37.91,23.63,92.68,31.81,0,low,Meghalaya
27.04122,88.27884,2301.5,33.41,139.14,362.42,30.28,72.04,73.77,80.2,85.6,3,critical,West Bengal
27.3189,88.43186,1644.3,58.57,111.48,294.38,20.27,92.16,90.0,88.71,92.99,3,critical,Sikkim
31.11981,77.13263,2136.9,57.25,45.08,110.01,3.89,51.55,38.03,92.79,53.56,1,moderate,Himachal Pradesh
25.99435,91.71167,467.6,26.31,4.74,28.3,0.26,30.55,21.89,80.28,21.97,0,low,Assam
26.11578,91.78284,100.1,35.68,120.5,293.95,19.27,73.49,61.65,49.84,68.97,2,high,Assam
25.43684,91.84587,2010.3,37.41,194.4,511.31,37.33,87.95,92.7,91.27,100.0,3,critical,Meghalaya
25.21096,91.7445,1499.0,49.56,48.1,98.07,3.25,72.12,57.5,83.84,57.91,1,moderate,Meghalaya
25.26199,91.71371,1298.3,41.38,14.25,23.21,0.67,33.67,24.83,90.19,29.25,0,low,Meghalaya
25.31048,91.67174,1754.8,57.52,60.4,124.1,8.89,71.69,58.62,93.7,68.33,2,high,Meghalaya
26.04609,91.59593,50.0,38.17,39.68,70.94,6.33,58.1,42.45,64.18,47.93,1,moderate,Assam
27.28381,88.4892,2143.2,50.87,123.4,301.32,13.76,74.25,63.37,86.39,82.54,3,critical,Sikkim
25.32451,91.6377,1543.2,49.6,35.32,91.31,3.78,35.0,59.41,95.78,47.59,1,moderate,Meghalaya
27.11288,88.31732,2246.0,51.63,10.08,21.2,0.44,24.59,32.49,93.98,40.68,1,moderate,West Bengal
25.45031,91.98041,2266.6,43.18,48.03,109.43,7.48,56.88,49.65,89.08,53.97,1,moderate,Meghalaya
31.02227,77.14877,2449.4,33.45,255.53,491.69,75.44,99.0,92.54,83.63,100.0,3,critical,Himachal Pradesh
23.46267,93.39093,1749.4,42.83,8.33,20.59,0.68,19.74,34.2,58.69,27.86,0,low,Mizoram
26.97037,88.22553,2259.5,42.68,278.01,593.4,100.36,93.81,96.43,86.11,100.0,3,critical,West Bengal
11.70521,76.01727,1220.7,58.17,39.71,91.42,3.07,60.67,55.77,89.33,57.53,1,moderate,Kerala
27.05492,88.19356,1978.5,47.86,70.94,100.03,8.31,49.36,46.02,65.47,49.8,1,moderate,West Bengal
27.25914,88.58897,1656.7,57.3,9.21,49.09,0.41,16.83,35.28,81.73,37.68,0,low,Sikkim
23.43463,93.19234,1602.9,43.41,36.77,262.17,5.92,80.41,90.0,62.43,59.96,1,moderate,Mizoram
31.07915,77.22137,2133.5,51.05,116.61,334.85,13.42,90.01,70.93,77.78,83.62,3,critical,Himachal Pradesh
26.10412,91.80186,172.0,36.12,27.19,44.38,1.36,42.7,34.24,53.92,29.96,0,low,Assam
27.20951,93.52117,718.4,32.53,11.01,75.05,0.72,37.69,56.72,60.52,30.89,0,low,Arunachal Pradesh
23.44012,93.33281,1911.7,42.95,3.44,7.18,0.16,30.59,15.94,77.0,27.33,0,low,Mizoram
31.12122,77.15119,2328.0,56.58,110.41,293.85,13.05,65.0,79.04,79.97,77.69,2,high,Himachal Pradesh
30.84808,79.08508,3611.7,42.72,5.22,7.85,0.33,15.1,18.93,84.11,20.06,0,low,Uttarakhand
23.52807,93.30468,1544.8,45.17,56.82,84.69,7.94,55.73,48.45,66.87,48.82,1,moderate,Mizoram
24.8959,94.07588,667.5,40.2,198.11,245.17,21.34,82.24,75.56,80.43,89.92,3,critical,Manipur
23.35125,93.41047,1744.7,43.45,266.27,636.24,47.83,94.13,83.15,71.21,100.0,3,critical,Mizoram
25.24849,91.64148,1816.0,48.47,22.83,26.28,1.6,29.76,24.74,92.11,34.47,0,low,Meghalaya
25.21901,91.82512,1643.1,43.43,134.14,285.93,18.57,74.37,90.0,85.34,88.63,3,critical,Meghalaya
25.44748,91.9725,2143.5,43.24,9.12,38.07,0.55,17.7,30.87,74.9,32.59,0,low,Meghalaya
25.74929,94.15925,1495.4,39.18,56.89,152.74,4.04,52.89,32.83,79.64,48.37,1,moderate,Nagaland
23.45426,93.39323,1487.1,43.29,60.55,114.1,4.35,54.01,67.47,70.45,43.13,1,moderate,Mizoram
27.04037,88.30489,2044.9,53.15,290.73,631.3,88.42,88.94,78.97,71.5,100.0,3,critical,West Bengal
25.51094,91.89373,2041.1,53.94,164.38,290.96,19.63,74.65,78.07,81.87,91.76,3,critical,Meghalaya
30.67679,79.08559,3727.0,48.29,161.88,290.13,19.37,71.32,63.67,93.86,92.13,3,critical,Uttarakhand
30.69475,79.03187,3467.7,59.44,1.63,6.78,0.08,35.99,18.31,94.43,41.87,1,moderate,Uttarakhand
25.64403,94.26776,1517.7,38.25,3.79,4.26,0.2,35.36,36.83,80.05,30.04,0,low,Nagaland
30.63498,79.13341,3500.0,60.44,35.34,82.74,3.51,48.0,30.0,100.0,57.89,1,moderate,Uttarakhand
30.81001,79.08459,3530.2,58.6,0.52,6.89,0.03,29.46,24.16,98.56,36.77,0,low,Uttarakhand
24.6285,93.84665,770.6,49.08,53.33,152.23,4.99,45.89,31.08,74.87,50.39,1,moderate,Manipur
27.08057,93.77494,646.1,40.07,33.1,110.8,3.5,47.83,54.13,51.74,40.85,1,moderate,Arunachal Pradesh
24.72428,93.9186,729.1,39.74,210.95,526.65,95.21,96.51,78.04,78.16,100.0,3,critical,Manipur
11.79207,76.22268,1085.3,53.09,43.59,130.21,2.87,52.61,34.33,96.9,54.18,1,moderate,Kerala
25.62717,91.84126,2068.6,35.12,6.36,7.83,0.51,44.99,24.49,81.24,28.13,0,low,Meghalaya
25.65729,94.07986,1708.5,49.82,40.84,109.64,2.7,58.79,35.18,73.41,45.61,1,moderate,Nagaland
24.83244,93.96382,613.1,61.57,54.42,160.19,8.66,54.66,41.77,86.23,62.12,2,high,Manipur
25.64311,94.11529,1800.6,48.55,44.05,60.21,5.56,63.78,50.65,79.12,49.78,1,moderate,Nagaland
31.13604,77.08141,2105.1,49.34,97.72,233.3,14.1,78.49,75.24,88.89,71.86,2,high,Himachal Pradesh
27.28641,88.62106,1694.4,47.29,86.49,255.9,12.5,82.28,83.71,100.0,81.93,3,critical,Sikkim
25.72811,94.02567,1665.0,51.51,28.8,97.76,3.55,61.08,55.83,85.11,50.28,1,moderate,Nagaland
11.72885,76.10413,838.1,49.72,113.37,267.69,14.5,73.91,71.16,96.37,83.63,3,critical,Kerala
11.50771,76.17237,808.7,43.89,46.16,98.46,4.16,62.0,56.28,95.04,50.16,1,moderate,Kerala
27.44521,88.63819,1550.8,58.39,11.49,60.65,0.74,30.36,18.39,93.53,44.47,1,moderate,Sikkim
11.6802,76.10933,709.7,50.18,81.99,138.61,6.0,43.02,46.41,82.51,47.56,1,moderate,Kerala
11.73627,76.02996,714.4,55.66,6.58,20.88,0.29,18.14,19.28,95.91,33.89,0,low,Kerala
25.2707,91.71099,1441.5,43.91,311.9,603.45,80.74,92.95,86.7,75.16,100.0,3,critical,Meghalaya
27.06664,88.39269,2252.1,47.93,71.51,106.88,7.21,75.0,45.06,73.17,62.13,2,high,West Bengal
26.86791,93.59327,684.5,47.22,5.78,12.17,0.31,27.34,34.09,53.17,28.14,0,low,Arunachal Pradesh
27.13668,93.65085,479.2,27.59,225.75,602.91,100.84,88.71,75.0,56.22,100.0,3,critical,Arunachal Pradesh
31.11104,77.1475,2349.0,53.31,67.09,135.4,6.85,54.28,47.18,75.17,56.15,1,moderate,Himachal Pradesh
27.4114,88.57297,1811.3,60.88,190.29,544.29,53.33,85.65,87.91,97.66,100.0,3,critical,Sikkim
23.45293,93.22884,1526.9,40.78,26.91,118.44,2.07,54.73,57.97,63.01,41.26,1,moderate,Mizoram
11.6762,76.21742,836.4,62.68,207.41,581.72,60.27,94.44,96.91,100.0,100.0,3,critical,Kerala
27.09429,93.77607,627.2,32.46,77.21,275.7,15.21,72.36,76.7,67.69,61.71,2,high,Arunachal Pradesh
27.31488,88.62286,1649.0,57.88,22.38,75.28,1.77,38.6,47.92,92.9,46.87,1,moderate,Sikkim
25.68147,93.97377,1286.9,51.53,46.77,89.04,5.69,60.28,53.55,75.21,55.94,1,moderate,Nagaland
27.0058,88.26802,2000.0,47.15,13.97,23.06,0.71,42.68,21.9,83.45,37.31,0,low,West Bengal
23.4624,93.24429,1844.4,40.65,64.71,129.71,9.81,49.93,45.05,74.16,49.12,1,moderate,Mizoram
30.81859,79.07262,3728.7,55.46,40.44,106.81,2.74,71.92,57.57,98.03,58.54,1,moderate,Uttarakhand
24.83224,93.9798,825.9,36.92,340.32,710.3,60.19,93.24,98.0,92.72,100.0,3,critical,Manipur
30.88439,79.05971,3631.3,58.09,51.82,85.04,4.59,48.41,50.65,81.43,53.96,1,moderate,Uttarakhand
26.11977,91.53466,301.5,32.55,110.5,280.59,13.8,88.82,75.47,55.2,71.62,2,high,Assam
11.67118,76.2091,888.7,44.23,0.62,37.98,0.04,36.97,22.9,100.0,33.02,0,low,Kerala
24.80112,93.93539,902.9,35.01,41.52,61.57,6.69,56.76,45.31,87.89,41.91,1,moderate,Manipur
25.4733,94.13311,1232.6,45.23,120.08,270.18,12.86,81.33,59.59,68.44,80.34,3,critical,Nagaland
30.729,79.06067,3513.7,63.1,123.48,305.95,19.01,90.29,79.42,100.0,97.54,3,critical,Uttarakhand
30.59163,78.97277,3401.0,63.34,143.76,366.5,19.78,79.02,79.6,86.32,100.0,3,critical,Uttarakhand
23.43927,93.16906,1809.0,46.51,1.93,17.68,0.14,34.28,40.26,58.33,29.59,0,low,Mizoram
11.62064,76.24025,1193.9,52.8,45.28,80.9,6.05,56.54,53.27,95.95,51.6,1,moderate,Kerala
11.58816,76.10487,818.4,49.22,110.96,341.71,13.03,75.11,55.0,100.0,82.42,3,critical,Kerala
27.05687,93.50079,847.0,32.88,297.75,629.32,53.48,93.95,93.81,55.59,100.0,3,critical,Arunachal Pradesh
25.26424,91.81028,1484.2,42.84,166.14,481.03,25.31,72.64,75.87,94.89,98.4,3,critical,Meghalaya
25.67591,93.98199,1380.4,46.7,40.31,116.88,5.08,47.21,46.62,87.56,40.64,1,moderate,Nagaland
25.50767,91.87014,1978.7,28.63,243.39,500.07,42.54,99.0,83.58,100.0,100.0,3,critical,Meghalaya
26.2069,91.76814,50.0,28.53,53.99,118.63,4.85,45.59,53.13,61.95,36.85,0,low,Assam
24.71027,93.89962,831.7,25.53,60.94,147.12,4.0,47.62,51.05,92.38,46.56,1,moderate,Manipur
31.124,77.14818,1997.9,45.61,28.15,32.23,1.48,23.11,9.5,90.35,34.77,0,low,Himachal Pradesh
31.18243,77.35685,2377.9,64.41,129.5,344.59,29.14,75.47,84.13,93.66,100.0,3,critical,Himachal Pradesh
11.64836,76.42963,1170.9,26.02,191.7,464.86,40.69,96.86,80.74,93.71,100.0,3,critical,Kerala
23.34373,93.30173,1778.9,38.76,207.64,492.84,92.32,92.81,93.65,68.78,100.0,3,critical,Mizoram
11.57141,76.09028,1128.9,46.32,7.06,26.71,0.35,32.81,36.1,89.42,35.65,0,low,Kerala
31.09012,77.17677,2277.8,47.68,6.13,7.35,0.26,38.47,16.34,94.55,34.74,0,low,Himachal Pradesh
27.27477,88.60313,1638.6,52.64,50.56,102.16,5.55,35.0,30.13,100.0,47.17,1,moderate,Sikkim
24.82242,93.91749,959.8,52.36,3.44,6.15,0.15,40.47,28.49,88.3,36.8,0,low,Manipur
25.69266,94.0857,1573.4,41.43,214.07,505.15,55.76,89.2,75.39,80.16,100.0,3,critical,Nagaland
27.36488,88.66339,1621.2,56.36,140.13,377.86,26.91,81.7,90.0,86.66,100.0,3,critical,Sikkim
27.09617,88.29677,1984.1,39.82,29.67,84.21,3.19,68.84,39.47,93.22,47.88,1,moderate,West Bengal
26.24662,91.75871,472.2,39.87,3.07,5.12,0.14,30.44,10.85,78.34,22.04,0,low,Assam
27.28248,93.6222,796.0,33.86,11.28,85.84,1.6,45.47,62.03,55.65,34.78,0,low,Arunachal Pradesh
25.64854,94.3399,1630.5,38.41,3.71,9.41,0.17,30.66,24.18,83.97,23.78,0,low,Nagaland
30.85498,78.85423,3676.8,57.75,34.93,97.1,2.8,45.78,64.34,89.14,53.12,1,moderate,Uttarakhand
26.98432,88.13793,1714.5,49.94,27.33,38.4,1.31,33.86,26.82,82.23,33.74,0,low,West Bengal
23.56057,93.38145,1803.3,47.79,23.24,81.88,1.49,61.32,57.63,74.92,50.31,1,moderate,Mizoram
25.73294,94.23383,1412.5,50.25,68.31,131.95,10.9,46.22,70.0,82.04,58.1,1,moderate,Nagaland
23.41841,93.26068,1633.3,30.84,224.41,630.86,39.39,93.33,86.21,56.34,100.0,3,critical,Mizoram
27.27244,88.55999,1791.5,51.93,80.26,273.63,12.51,91.66,75.93,98.07,86.18,3,critical,Sikkim
27.25915,88.63013,1807.7,45.37,30.76,39.75,2.27,38.71,27.41,92.54,36.11,0,low,Sikkim
11.56384,76.05873,1103.0,59.41,2.51,15.9,0.11,39.27,30.87,94.74,42.38,1,moderate,Kerala
30.70391,79.1956,3668.7,70.07,34.01,87.6,2.28,45.47,58.57,96.05,66.28,2,high,Uttarakhand
27.0182,93.57518,566.6,31.07,9.58,10.75,0.53,29.26,30.35,43.05,12.97,0,low,Arunachal Pradesh
27.13616,93.74343,807.9,43.83,24.36,44.25,1.86,40.98,22.07,53.79,35.49,0,low,Arunachal Pradesh
25.50593,91.82957,1227.3,37.42,53.21,90.3,4.81,38.64,47.7,95.85,40.38,1,moderate,Meghalaya
31.0959,77.22905,2592.0,34.36,34.55,101.15,2.31,75.0,63.92,96.41,55.44,1,moderate,Himachal Pradesh
25.20117,91.69924,1580.9,43.38,86.11,237.18,13.31,95.0,80.77,98.69,80.25,3,critical,Meghalaya
25.39992,91.8558,1973.4,39.05,95.46,300.12,13.7,83.4,78.97,72.36,74.06,2,high,Meghalaya
27.31547,88.59021,1825.1,48.08,28.29,40.64,1.42,26.52,34.96,93.62,35.87,0,low,Sikkim
11.58425,76.23763,805.4,56.77,105.3,311.2,13.31,83.83,72.11,81.24,92.45,3,critical,Kerala
31.10578,77.23568,2334.0,55.12,63.17,90.33,5.73,65.06,37.04,86.89,62.85,2,high,Himachal Pradesh
30.87181,79.12145,3348.5,51.37,54.7,118.76,3.8,70.44,59.71,82.02,60.57,2,high,Uttarakhand
25.54748,94.13002,1495.7,55.78,120.36,325.81,29.39,73.26,67.17,75.52,88.97,3,critical,Nagaland
27.01138,88.32415,2174.2,48.25,8.68,20.09,0.46,24.38,32.65,82.87,33.45,0,low,West Bengal
25.36602,91.69295,1368.3,57.23,202.52,542.68,95.05,99.0,75.0,77.04,100.0,3,critical,Meghalaya
27.37371,88.58132,1432.5,50.39,151.46,244.84,17.1,87.04,57.05,87.11,91.91,3,critical,Sikkim
25.61802,94.12529,1700.2,38.79,62.99,110.56,4.81,67.38,43.32,93.29,55.13,1,moderate,Nagaland
30.75677,79.00433,3617.0,45.37,3.72,5.98,0.17,10.03,23.52,100.0,26.25,0,low,Uttarakhand
26.21929,91.65512,50.0,34.66,1.48,11.86,0.07,24.69,17.26,72.42,18.81,0,low,Assam
25.29362,91.66788,1453.6,49.41,0.51,4.97,0.04,31.98,19.51,86.67,27.46,0,low,Meghalaya
26.06975,91.87565,259.0,42.62,53.01,116.19,6.13,42.78,48.31,79.63,46.44,1,moderate,Assam
26.22083,91.75727,50.0,35.79,118.89,299.15,18.12,82.49,73.02,82.1,73.83,2,high,Assam
27.11272,93.64818,933.6,33.3,174.11,386.81,19.4,82.45,68.79,62.36,85.09,3,critical,Arunachal Pradesh
23.44154,93.2743,1868.7,43.77,9.73,17.9,0.41,32.13,30.07,59.09,30.15,0,low,Mizoram
23.53515,93.26397,1716.2,55.31,1.42,6.79,0.06,44.35,29.78,74.35,41.34,1,moderate,Mizoram
30.5884,79.11942,3584.4,51.14,31.73,63.13,1.41,21.52,29.49,100.0,44.01,1,moderate,Uttarakhand
26.0432,91.72082,50.0,33.4,20.34,37.04,1.54,32.07,33.65,60.01,31.43,0,low,Assam
24.78304,93.95895,868.1,34.89,42.69,95.61,4.55,59.45,40.9,80.53,39.86,0,low,Manipur
25.32548,91.69864,1589.0,52.94,24.51,85.91,2.76,47.32,39.71,97.47,44.47,1,moderate,Meghalaya
25.72793,91.94599,1822.7,42.8,42.97,108.2,3.32,39.13,30.0,82.32,45.58,1,moderate,Meghalaya
27.15713,88.571,1919.5,55.52,74.78,155.32,8.03,51.52,58.76,90.33,60.88,2,high,Sikkim
11.63202,76.12245,1078.8,41.97,78.4,245.52,12.69,80.26,55.4,95.01,69.7,2,high,Kerala
11.62836,76.19919,759.9,45.02,58.8,107.31,6.6,68.04,50.92,87.19,56.2,1,moderate,Kerala
26.24061,91.77736,50.0,45.68,184.26,350.65,40.49,86.6,70.71,57.29,97.9,3,critical,Assam
25.74375,94.2385,1302.5,47.46,21.43,23.37,1.53,24.8,30.41,86.79,34.02,0,low,Nagaland
11.67066,76.08043,999.2,44.55,38.68,127.37,4.73,75.0,45.38,98.73,57.79,1,moderate,Kerala
26.92657,88.24884,2045.0,54.86,50.74,88.26,5.14,59.8,66.07,81.6,62.48,2,high,West Bengal
25.48841,91.93346,1847.7,59.86,60.39,115.56,9.06,66.32,30.0,79.46,64.05,2,high,Meghalaya
26.05722,91.60291,50.0,31.72,28.19,100.2,2.45,75.0,51.41,76.56,40.64,1,moderate,Assam
25.72376,94.00676,1547.6,54.72,44.86,118.61,5.76,43.87,41.61,80.03,51.4,1,moderate,Nagaland
23.35063,93.38869,1480.1,51.33,7.1,17.16,0.34,40.15,22.11,63.5,36.56,0,low,Mizoram
25.22313,91.75633,1617.9,44.41,60.93,286.47,6.63,80.22,77.77,86.46,72.05,2,high,Meghalaya
27.1177,93.61836,695.7,41.81,45.86,54.17,2.54,50.0,16.1,58.46,38.87,0,low,Arunachal Pradesh
24.66093,93.73524,819.8,31.55,41.6,125.54,2.89,65.28,30.0,77.77,42.74,1,moderate,Manipur
23.42077,93.39841,1614.5,43.31,1.75,23.29,0.15,32.74,18.28,60.68,26.44,0,low,Mizoram
25.64383,94.0654,1316.0,53.49,19.58,25.35,1.27,33.68,34.02,78.25,36.35,0,low,Nagaland
26.16747,91.79044,50.0,31.09,63.19,148.47,6.73,52.39,34.16,73.16,41.55,1,moderate,Assam
27.01697,88.23978,1904.4,50.2,4.47,7.47,0.19,42.46,29.31,71.84,34.48,0,low,West Bengal
11.71445,76.17869,1209.2,46.28,0.49,21.73,0.03,24.44,24.77,95.69,28.81,0,low,Kerala
26.96218,88.41426,2334.3,38.13,77.2,124.14,6.5,62.99,70.0,75.27,54.64,1,moderate,West Bengal
26.8454,88.22307,1831.3,45.78,28.72,106.52,3.16,35.0,52.55,75.92,41.3,1,moderate,West Bengal
11.68468,75.98119,869.0,56.53,99.11,304.78,10.18,80.81,70.76,97.89,88.86,3,critical,Kerala
30.63329,79.18608,3653.1,67.56,1.62,25.78,0.1,22.35,32.31,92.69,45.6,1,moderate,Uttarakhand
24.8475,93.84934,553.9,46.81,33.44,98.98,2.53,57.67,55.89,69.79,47.62,1,moderate,Manipur
23.56625,93.31621,1592.6,40.0,150.09,284.59,18.53,77.77,66.21,71.91,79.47,2,high,Mizoram
26.14296,91.69583,171.5,38.73,132.79,328.98,14.19,91.9,65.64,63.88,80.57,3,critical,Assam
11.62314,76.11133,984.4,42.54,51.74,142.77,3.54,44.33,48.42,79.71,44.61,1,moderate,Kerala
25.60453,94.0091,1311.1,41.74,266.68,522.84,63.74,93.23,88.12,76.17,100.0,3,critical,Nagaland
27.36723,88.61346,1514.6,48.15,21.94,92.15,1.17,32.36,29.03,69.56,38.87,0,low,Sikkim
25.30017,91.72766,1598.9,47.59,2.27,23.79,0.14,42.62,7.91,77.82,41.87,1,moderate,Meghalaya
27.03365,88.30598,2047.8,49.85,4.69,20.11,0.21,35.71,18.11,89.24,38.27,0,low,West Bengal
26.93979,88.18655,2278.1,48.66,20.12,55.25,1.81,54.16,55.58,81.29,45.28,1,moderate,West Bengal
26.94981,88.18985,2088.0,52.78,103.29,305.9,17.93,78.69,78.9,82.04,93.24,3,critical,West Bengal
31.0429,77.07171,2431.5,42.1,54.54,213.57,7.66,67.18,68.36,100.0,57.97,1,moderate,Himachal Pradesh
26.92368,88.31469,2026.9,32.21,110.28,280.84,14.92,93.99,56.37,80.8,78.84,2,high,West Bengal
26.29085,91.58304,50.0,26.35,187.62,534.79,76.7,94.09,85.67,55.83,100.0,3,critical,Assam
27.07289,93.58354,757.2,29.2,36.46,111.75,5.32,59.13,48.61,60.96,39.47,0,low,Arunachal Pradesh
27.17857,93.52545,642.9,40.2,130.13,311.17,27.27,93.16,65.79,57.05,84.65,3,critical,Arunachal Pradesh
25.77364,94.15902,1679.0,71.09,58.89,94.82,5.13,44.36,56.15,89.45,59.48,1,moderate,Nagaland
24.80765,93.90774,431.5,41.38,3.44,4.75,0.16,19.93,28.58,78.95,26.01,0,low,Manipur
27.08744,88.38271,1969.9,42.4,91.71,281.05,11.24,70.08,84.91,61.5,68.37,2,high,West Bengal
25.29862,91.77486,1592.5,56.43,91.87,284.04,9.69,82.06,80.15,80.98,95.29,3,critical,Meghalaya
25.30974,91.71894,1527.2,60.18,20.11,33.9,0.98,27.66,21.24,90.13,43.88,1,moderate,Meghalaya
25.83516,94.1531,1412.5,51.58,32.99,101.7,4.11,45.92,46.93,73.83,49.66,1,moderate,Nagaland
27.25872,88.66254,1853.8,60.51,75.73,173.58,9.82,76.64,74.44,93.85,78.71,2,high,Sikkim
31.00633,77.11719,2198.2,44.55,194.12,584.05,37.45,90.46,90.45,80.84,100.0,3,critical,Himachal Pradesh
11.61036,76.09509,886.5,46.33,40.01,108.3,3.17,66.3,44.13,84.52,53.8,1,moderate,Kerala
27.04984,93.63312,683.3,32.1,67.49,154.0,11.18,65.02,53.36,55.67,48.63,1,moderate,Arunachal Pradesh
25.26729,91.60242,1493.1,43.38,10.38,14.36,0.75,30.01,31.85,99.05,37.45,0,low,Meghalaya
11.66063,76.13494,693.3,44.81,18.29,60.33,2.73,69.76,62.31,100.0,43.48,1,moderate,Kerala
27.15234,93.68166,876.8,25.25,44.63,110.48,4.8,55.22,47.35,76.9,35.94,0,low,Arunachal Pradesh
26.21269,91.76658,92.6,24.87,90.92,198.02,11.93,72.9,68.07,60.71,55.93,1,moderate,Assam
24.68448,94.00481,779.7,38.63,141.62,520.93,38.36,96.23,94.39,87.52,100.0,3,critical,Manipur
27.17757,88.30302,1928.0,52.12,43.89,97.93,3.68,54.97,53.47,79.6,46.38,1,moderate,West Bengal
25.54774,91.74082,1744.2,44.9,268.35,541.35,52.01,99.0,83.98,78.62,100.0,3,critical,Meghalaya
26.16913,91.65007,50.0,33.5,7.92,29.55,0.42,19.39,23.81,60.37,21.71,0,low,Assam
11.69871,76.20087,1104.3,49.06,34.11,91.67,4.99,51.69,50.74,86.04,47.34,1,moderate,Kerala
26.18084,91.75839,50.0,32.81,40.82,109.81,4.08,55.43,44.3,66.42,39.59,0,low,Assam
25.74037,94.15975,1308.7,54.07,73.35,129.73,7.07,59.46,46.82,81.98,60.05,2,high,Nagaland
30.74211,79.04449,3469.7,55.91,4.65,7.78,0.27,17.85,38.7,78.41,30.08,0,low,Uttarakhand
31.21363,77.12466,2142.1,50.31,282.64,677.64,72.75,94.62,98.0,96.28,100.0,3,critical,Himachal Pradesh
24.84935,93.99716,539.8,37.75,115.59,248.66,13.32,70.36,90.0,88.52,68.1,2,high,Manipur
11.64972,76.15446,941.1,52.84,14.19,19.32,0.7,47.09,18.16,91.12,37.83,0,low,Kerala
30.7476,79.11601,3593.5,58.92,132.76,278.4,17.93,94.22,79.67,98.72,95.2,3,critical,Uttarakhand
30.76753,79.11818,3293.6,42.21,169.83,513.32,77.6,89.33,93.98,91.91,100.0,3,critical,Uttarakhand
26.9996,88.21304,2076.9,43.59,236.09,554.51,60.46,95.93,84.49,85.46,100.0,3,critical,West Bengal
27.13901,88.33057,1734.5,39.11,5.39,36.54,0.23,15.0,16.13,76.48,25.06,0,low,West Bengal
24.81701,94.0261,885.3,30.68,128.57,255.59,17.25,81.31,69.55,75.47,76.33,2,high,Manipur
11.70576,76.27621,925.0,43.55,96.15,210.38,17.28,73.71,68.39,96.45,70.42,2,high,Kerala
30.7093,78.93955,3524.8,51.64,29.23,75.82,3.99,47.48,52.59,90.69,50.66,1,moderate,Uttarakhand
25.72598,91.82768,2104.6,41.15,119.77,242.72,18.61,76.22,69.83,94.87,79.9,2,high,Meghalaya
27.43731,88.61739,1670.3,40.42,41.38,104.54,6.55,45.86,51.22,86.53,42.58,1,moderate,Sikkim
27.39837,88.55695,1562.7,48.3,1.24,28.58,0.06,39.59,34.41,94.65,32.52,0,low,Sikkim
27.07453,88.1466,2147.0,33.13,137.97,300.96,16.65,71.32,65.13,85.61,79.32,2,high,West Bengal
27.50626,88.66057,1668.9,56.05,64.49,101.21,6.74,53.55,47.19,85.79,57.44,1,moderate,Sikkim
27.17204,93.53523,786.3,35.86,53.59,101.19,5.06,49.43,62.31,56.43,40.03,1,moderate,Arunachal Pradesh
27.11307,93.50549,819.3,48.0,5.56,14.07,0.37,23.61,20.3,52.63,30.9,0,low,Arunachal Pradesh
25.56598,91.91645,2142.4,41.81,260.86,617.49,67.91,85.41,90.29,98.11,100.0,3,critical,Meghalaya
23.60855,93.36266,1749.1,38.26,0.26,9.42,0.02,29.58,25.04,67.89,28.01,0,low,Mizoram
27.05013,88.27016,2135.2,51.52,123.44,352.7,22.54,84.44,68.76,83.14,93.65,3,critical,West Bengal
26.09881,91.83707,84.8,25.42,1.92,39.91,0.15,36.91,21.52,75.7,22.41,0,low,Assam
26.92298,88.36887,2201.9,42.04,80.79,268.81,9.01,90.21,80.45,88.51,75.47,2,high,West Bengal
30.97847,77.10611,2384.3,54.18,35.96,92.46,5.39,35.37,38.16,95.8,51.96,1,moderate,Himachal Pradesh
27.25941,88.65397,1662.0,54.61,28.64,70.46,2.08,74.15,54.17,90.82,57.65,1,moderate,Sikkim
30.66025,79.00191,3561.2,59.37,39.52,96.37,3.13,58.87,44.64,100.0,60.77,2,high,Uttarakhand
31.10727,77.06087,2242.0,54.29,229.3,529.73,89.21,90.83,93.79,74.45,100.0,3,critical,Himachal Pradesh
27.04243,88.38561,1874.5,41.31,285.14,584.06,57.45,98.63,82.3,80.02,100.0,3,critical,West Bengal
25.52909,91.80774,1894.5,39.84,59.2,118.34,8.06,68.67,59.7,97.9,53.06,1,moderate,Meghalaya
11.53854,76.20163,783.7,32.39,19.45,25.49,0.94,23.62,11.85,100.0,25.31,0,low,Kerala
26.00682,91.83742,77.5,45.33,4.91,18.91,0.25,40.83,26.69,60.15,30.57,0,low,Assam
25.7652,94.2273,1427.9,46.35,41.03,90.88,2.72,71.33,69.26,82.16,55.91,1,moderate,Nagaland
27.0928,88.20368,2085.9,35.67,40.55,40.55,3.4,74.5,64.8,75.62,43.17,1,moderate,West Bengal
24.7615,93.97286,696.2,25.85,76.12,134.32,5.35,40.36,35.73,85.66,41.94,1,moderate,Manipur
27.34941,88.5625,1470.7,57.0,47.57,94.48,5.05,60.79,54.74,86.81,56.87,1,moderate,Sikkim
31.20471,77.18207,2264.5,50.63,61.0,115.52,5.67,55.1,54.15,80.85,56.39,1,moderate,Himachal Pradesh
25.37918,91.76408,2232.1,55.13,19.54,25.1,0.83,46.63,23.72,85.53,41.6,1,moderate,Meghalaya
11.78591,76.06815,1093.5,39.12,85.67,250.59,13.31,79.75,69.35,91.62,71.55,2,high,Kerala
27.08169,93.52047,657.1,45.57,10.16,16.91,0.73,35.96,26.47,56.55,31.46,0,low,Arunachal Pradesh
23.40858,93.32254,1726.1,26.85,6.63,25.46,0.39,18.3,27.55,77.52,23.16,0,low,Mizoram
26.11993,91.74903,192.6,35.99,200.92,576.83,68.46,94.31,94.13,63.27,100.0,3,critical,Assam
30.98979,77.24437,2334.1,54.2,76.1,216.26,7.85,91.62,63.62,86.26,76.71,2,high,Himachal Pradesh
27.24936,88.54847,1726.6,59.51,25.0,104.91,2.55,55.86,48.76,84.03,57.83,1,moderate,Sikkim
11.55061,75.98809,1047.6,41.56,45.82,104.25,3.78,38.12,30.57,84.39,40.27,1,moderate,Kerala
30.79675,79.17104,3738.0,43.25,106.54,328.58,21.69,90.71,64.17,80.16,87.37,3,critical,Uttarakhand
25.76057,94.02971,1184.3,35.14,21.03,28.38,0.92,20.3,45.0,85.95,34.1,0,low,Nagaland
27.37797,88.54116,1559.3,35.3,7.62,9.16,0.35,19.12,38.38,86.65,26.5,0,low,Sikkim
25.57156,94.13314,1277.9,46.83,39.79,107.16,3.96,43.22,64.04,94.34,48.56,1,moderate,Nagaland
25.20319,91.89716,1188.9,49.48,3.21,27.89,0.18,30.07,7.31,100.0,38.12,0,low,Meghalaya
26.25318,91.72476,50.0,32.7,176.23,423.98,17.77,86.85,76.17,91.32,94.81,3,critical,Assam
25.49966,91.82137,1696.2,55.93,121.75,283.85,17.52,85.22,66.9,74.68,89.48,3,critical,Meghalaya
25.53619,94.10464,1474.8,48.48,44.88,91.64,3.92,51.63,34.31,82.28,52.56,1,moderate,Nagaland
27.36337,88.44652,1570.4,51.57,99.25,336.01,10.19,84.26,65.42,82.37,82.62,3,critical,Sikkim
25.47473,91.7777,2035.5,47.08,2.34,12.32,0.18,10.0,28.9,88.2,30.72,0,low,Meghalaya
30.80227,79.06899,3617.8,64.64,22.71,40.45,1.12,34.76,27.64,100.0,47.31,1,moderate,Uttarakhand
25.64478,94.06383,1913.8,37.37,45.34,123.02,6.24,54.99,54.97,77.56,44.16,1,moderate,Nagaland
31.13275,77.13745,2365.1,54.95,56.18,239.84,11.9,77.93,83.84,86.93,74.96,2,high,Himachal Pradesh
26.15281,91.68331,50.0,37.97,12.8,17.73,0.71,32.28,37.26,65.11,23.26,0,low,Assam
25.36573,91.68122,1409.9,48.12,249.17,482.18,96.0,86.47,93.06,85.72,100.0,3,critical,Meghalaya
25.2701,91.66463,1528.9,55.5,3.3,27.7,0.14,22.37,31.64,79.14,34.77,0,low,Meghalaya
30.64625,79.01498,3454.4,54.91,91.72,246.09,12.18,80.78,87.86,91.71,79.41,2,high,Uttarakhand
24.46637,93.77734,895.2,47.26,221.25,451.03,37.33,86.97,85.4,76.06,100.0,3,critical,Manipur
24.81942,93.98436,1027.6,25.35,293.35,561.0,51.07,98.18,98.0,62.49,100.0,3,critical,Manipur
23.50007,93.17067,1553.1,36.99,4.21,19.48,0.19,42.13,11.07,66.06,24.11,0,low,Mizoram
24.97926,93.96648,772.7,51.53,58.23,100.37,4.67,50.7,43.28,91.34,55.22,1,moderate,Manipur
27.0691,88.22622,2041.1,40.59,53.19,113.08,4.43,60.05,43.03,87.78,46.27,1,moderate,West Bengal
23.4439,93.32191,1485.0,42.2,28.61,90.91,2.43,75.0,47.3,83.61,50.47,1,moderate,Mizoram
27.08465,88.22245,1785.1,51.18,34.71,76.41,3.72,65.28,59.66,73.67,55.12,1,moderate,West Bengal
25.65764,94.10736,1286.0,46.52,93.73,294.93,10.69,75.79,59.12,69.82,74.01,2,high,Nagaland
25.67959,92.06239,1993.6,38.28,52.03,116.8,5.23,75.0,59.85,75.58,48.89,1,moderate,Meghalaya
26.23173,91.6421,205.5,41.04,77.61,226.05,8.58,80.51,74.01,77.89,69.89,2,high,Assam
27.02006,88.28144,1777.0,48.9,135.87,308.87,25.55,83.01,66.31,84.32,91.98,3,critical,West Bengal
27.0703,88.22058,2349.8,45.09,8.28,10.89,0.4,16.13,34.42,63.4,27.02,0,low,West Bengal
25.68965,94.14403,1545.5,60.2,32.84,78.01,3.12,50.1,33.07,90.01,52.98,1,moderate,Nagaland
31.07607,77.22784,2261.7,55.28,30.9,124.14,1.95,72.23,45.65,94.16,62.9,2,high,Himachal Pradesh
25.67733,94.14156,1510.4,48.95,47.71,92.6,4.13,46.72,63.8,82.79,51.51,1,moderate,Nagaland
27.28031,88.53456,1871.6,60.09,30.75,101.56,2.17,49.81,64.78,99.19,52.15,1,moderate,Sikkim
25.28119,91.80969,1221.5,49.26,75.69,270.94,8.98,78.91,84.5,83.22,76.92,2,high,Meghalaya
24.8489,93.86517,799.9,38.36,43.32,87.22,4.59,42.64,42.15,80.44,43.4,1,moderate,Manipur
23.38479,93.42065,1476.2,49.27,42.44,127.86,3.01,61.24,70.0,69.51,50.79,1,moderate,Mizoram
25.52502,91.95261,2179.1,38.16,124.17,309.3,18.91,75.27,68.59,79.23,77.99,2,high,Meghalaya
11.68319,76.14785,1105.4,54.29,38.25,104.11,4.58,46.72,32.26,96.09,52.58,1,moderate,Kerala
25.50777,91.85645,2059.3,56.45,30.41,113.23,2.46,35.0,37.3,95.6,52.33,1,moderate,Meghalaya
24.77788,93.90598,625.0,42.23,41.28,126.52,4.38,74.35,62.52,57.85,48.54,1,moderate,Manipur
26.94115,88.22046,2163.1,52.46,19.93,24.86,1.0,39.83,28.89,81.12,35.59,0,low,West Bengal
26.17849,91.60863,50.0,44.74,12.4,18.26,0.92,33.74,12.89,79.44,31.37,0,low,Assam
24.77516,93.93917,579.3,56.21,34.47,76.12,2.7,47.68,47.51,89.47,45.86,1,moderate,Manipur
31.13556,77.2656,2252.8,48.82,253.22,625.66,46.49,90.86,82.12,93.95,100.0,3,critical,Himachal Pradesh
27.40167,88.61732,1634.1,48.19,59.95,126.74,4.87,60.46,48.5,90.33,52.97,1,moderate,Sikkim
26.97535,88.21702,2024.5,50.29,135.63,235.86,14.26,88.04,80.81,88.98,92.03,3,critical,West Bengal
31.24266,77.19821,2301.7,46.01,120.65,262.89,21.19,75.5,90.0,82.56,86.72,3,critical,Himachal Pradesh
25.49768,91.78394,1896.3,25.04,0.34,9.87,0.01,26.89,31.36,79.11,24.16,0,low,Meghalaya
26.10637,91.80993,299.8,32.66,188.26,570.68,37.43,96.06,75.0,67.99,100.0,3,critical,Assam
27.04775,93.62752,549.3,45.31,9.34,21.8,0.65,33.62,31.05,66.77,36.81,0,low,Arunachal Pradesh
31.17893,77.28389,2084.8,42.0,58.87,74.2,6.72,75.0,30.0,83.56,54.29,1,moderate,Himachal Pradesh
25.32276,91.87132,1585.8,48.75,3.26,9.14,0.14,10.0,22.44,87.91,23.34,0,low,Meghalaya
27.08693,93.6325,512.2,32.65,176.29,350.03,33.32,79.9,82.87,61.84,91.34,3,critical,Arunachal Pradesh
11.83598,76.16619,926.1,55.64,48.53,91.92,3.58,35.33,59.59,99.05,55.07,1,moderate,Kerala
11.71094,76.17512,846.2,45.94,56.46,116.64,5.36,52.72,51.19,84.12,43.73,1,moderate,Kerala
24.90915,93.97476,819.0,33.1,8.37,36.23,0.62,26.39,20.7,80.33,26.07,0,low,Manipur
31.16952,77.11674,2374.9,46.32,37.35,102.84,4.71,44.12,47.66,92.82,43.13,1,moderate,Himachal Pradesh
27.26309,88.46068,1888.5,46.24,54.06,126.41,8.18,69.67,62.84,90.93,59.3,1,moderate,Sikkim
31.11736,77.03992,2459.3,36.98,72.34,149.74,8.33,53.84,35.89,100.0,51.83,1,moderate,Himachal Pradesh
25.64485,91.96369,1772.5,52.31,54.01,106.32,4.66,48.98,56.08,82.45,57.47,1,moderate,Meghalaya
27.3777,88.60589,1744.2,49.67,36.25,90.23,4.41,56.37,30.16,83.68,47.28,1,moderate,Sikkim
27.00637,88.21126,2501.8,32.67,231.01,488.82,72.72,96.37,86.0,68.43,100.0,3,critical,West Bengal
26.13248,91.76197,50.0,43.25,147.58,510.19,26.09,91.62,83.87,74.09,99.6,3,critical,Assam
23.47905,93.48912,1605.3,53.82,194.26,540.19,77.66,90.85,78.79,75.84,100.0,3,critical,Mizoram
30.6459,79.09782,3645.1,51.45,5.67,19.56,0.29,21.66,30.79,92.83,34.19,0,low,Uttarakhand
27.09059,88.31804,1982.6,41.53,279.66,486.2,101.21,90.5,79.27,97.81,100.0,3,critical,West Bengal
25.19405,91.94059,1504.0,49.48,3.04,16.6,0.24,37.0,45.0,85.13,35.58,0,low,Meghalaya
27.07504,88.25796,2092.1,34.41,84.51,261.47,10.78,82.54,67.11,67.35,68.21,2,high,West Bengal
11.53601,76.02296,904.7,41.44,22.96,50.83,3.14,48.11,49.2,100.0,41.4,1,moderate,Kerala
25.69045,94.0483,1291.8,44.34,54.53,123.09,6.58,52.69,55.2,69.48,49.86,1,moderate,Nagaland
31.11071,77.1704,2322.9,46.17,0.07,3.16,0.0,23.73,5.0,84.8,27.04,0,low,Himachal Pradesh
11.5999,76.07086,953.7,49.3,26.04,46.81,1.7,50.0,29.77,85.37,40.07,1,moderate,Kerala
25.61802,91.89954,1735.1,41.6,3.54,15.86,0.21,33.31,21.8,80.28,28.84,0,low,Meghalaya
27.28825,88.53711,1833.7,48.93,2.05,55.63,0.1,35.36,35.35,95.76,35.27,0,low,Sikkim
26.2524,91.83966,50.0,42.37,165.04,370.66,32.51,79.49,82.86,67.34,100.0,3,critical,Assam
30.73283,79.03174,3424.2,62.08,34.43,79.17,4.83,71.54,46.32,100.0,64.55,2,high,Uttarakhand
23.61737,93.35834,1908.6,38.93,59.5,117.42,9.86,62.35,37.37,68.34,53.46,1,moderate,Mizoram
27.11475,88.26174,2149.0,38.44,119.27,245.95,23.4,73.85,88.59,77.34,81.01,3,critical,West Bengal
25.65343,94.06885,1320.7,33.06,1.72,16.49,0.09,25.08,26.28,89.23,23.55,0,low,Nagaland
27.03949,88.33699,2055.8,45.17,46.77,104.86,4.24,62.77,54.91,91.98,57.2,1,moderate,West Bengal
24.84424,93.86532,695.1,47.81,144.73,316.89,20.32,71.85,83.68,77.13,90.81,3,critical,Manipur
23.42963,93.36108,1572.9,45.0,37.04,96.9,2.42,75.0,44.24,66.5,47.16,1,moderate,Mizoram
23.54311,93.33524,1460.6,32.23,50.21,83.06,3.26,75.0,50.03,68.38,48.33,1,moderate,Mizoram
30.79478,79.08194,3732.6,60.6,140.13,268.22,29.38,85.58,83.8,89.3,100.0,3,critical,Uttarakhand
30.85511,79.12672,3477.3,64.35,10.5,87.24,0.78,46.24,55.2,100.0,57.67,1,moderate,Uttarakhand
27.10555,88.17454,1772.6,48.22,42.11,66.49,2.68,49.94,51.05,76.93,49.97,1,moderate,West Bengal
27.26578,88.76541,1582.3,53.23,27.95,78.13,2.11,71.66,50.99,92.61,55.84,1,moderate,Sikkim
25.20559,91.81615,1104.5,38.45,24.71,91.0,2.85,52.75,56.9,84.33,43.31,1,moderate,Meghalaya
25.59005,91.85214,1914.9,52.95,144.79,263.24,27.87,78.51,90.0,84.21,91.81,3,critical,Meghalaya
30.62832,79.08422,3693.1,44.83,183.45,339.87,37.09,86.64,68.53,100.0,100.0,3,critical,Uttarakhand
24.90911,93.92792,691.9,48.44,27.99,30.9,1.59,38.84,42.95,84.65,37.76,0,low,Manipur
27.38238,88.65522,1781.9,52.31,106.13,332.32,23.65,81.03,70.16,81.7,92.03,3,critical,Sikkim
26.06961,91.66597,349.5,46.49,37.27,112.39,3.23,62.29,41.64,70.98,51.69,1,moderate,Assam
31.21856,77.19032,1952.1,44.46,57.95,168.25,8.07,40.43,65.33,87.72,56.17,1,moderate,Himachal Pradesh
25.68607,94.09901,1464.0,59.89,7.56,19.73,0.43,39.23,20.75,82.96,39.42,0,low,Nagaland
25.51755,91.82072,1909.1,48.8,71.66,108.34,10.84,75.0,63.66,69.7,62.4,2,high,Meghalaya
25.57067,94.18253,1527.2,51.92,11.89,55.34,0.56,31.79,26.36,74.97,40.5,1,moderate,Nagaland
27.40377,88.59962,1803.6,64.3,136.03,348.41,18.86,82.37,81.14,95.84,100.0,3,critical,Sikkim
30.68174,79.07185,3610.9,73.04,54.58,127.49,6.81,41.59,50.52,97.98,68.15,2,high,Uttarakhand
25.35589,91.64788,1449.9,42.4,20.52,74.97,0.87,14.77,20.53,100.0,34.13,0,low,Meghalaya
27.12807,93.61223,757.9,28.74,47.35,103.93,3.79,58.81,32.54,77.84,40.88,1,moderate,Arunachal Pradesh
27.18857,93.56463,928.0,33.57,36.89,93.15,3.83,60.67,42.57,69.44,44.52,1,moderate,Arunachal Pradesh
11.59601,76.09068,943.4,48.07,94.33,272.64,17.46,67.07,76.42,100.0,79.64,2,high,Kerala
11.74695,76.36549,1038.2,43.16,83.19,238.88,9.53,94.15,66.92,92.81,81.46,3,critical,Kerala
31.04597,77.08925,2321.0,60.32,177.99,331.63,36.23,73.5,83.23,84.66,100.0,3,critical,Himachal Pradesh
30.97279,77.22385,2358.8,41.68,69.7,179.97,10.69,58.79,70.0,91.44,56.95,1,moderate,Himachal Pradesh
23.65412,93.40613,1550.6,45.97,75.97,166.46,8.27,59.39,36.35,69.88,51.99,1,moderate,Mizoram
25.10597,91.78913,1506.1,47.54,6.12,27.5,0.42,22.92,36.42,80.84,30.51,0,low,Meghalaya
30.5952,79.02025,3649.8,55.31,6.05,35.46,0.46,27.26,14.2,95.43,32.87,0,low,Uttarakhand
26.17564,91.72601,56.3,38.3,12.0,23.89,0.97,48.05,35.4,69.05,36.05,0,low,Assam
30.7377,79.08114,3397.1,57.17,68.47,134.87,4.95,61.96,38.76,100.0,61.09,2,high,Uttarakhand
26.09643,91.76945,50.0,41.58,133.07,319.46,14.91,73.59,90.0,71.73,83.66,3,critical,Assam
27.07391,88.2427,2034.5,53.1,2.42,101.3,0.16,35.8,10.17,91.72,41.26,1,moderate,West Bengal
26.14446,91.78318,50.0,47.35,171.44,549.04,30.55,90.1,75.0,52.36,100.0,3,critical,Assam
27.01185,88.23645,2210.6,43.75,116.31,298.79,24.06,75.67,82.22,76.82,83.93,3,critical,West Bengal
23.42186,93.30402,1828.9,39.79,124.88,309.82,12.6,79.58,77.16,64.59,74.18,2,high,Mizoram
25.65732,91.75726,1731.1,44.15,72.77,266.17,11.79,92.71,83.77,94.2,78.81,2,high,Meghalaya
25.67688,91.91192,1901.0,36.04,5.84,6.55,0.32,36.13,22.25,84.16,20.37,0,low,Meghalaya
26.94866,88.34571,2211.7,47.88,8.28,8.56,0.44,18.0,20.25,82.47,29.23,0,low,West Bengal
25.18873,91.73493,1494.3,53.54,39.49,97.84,3.64,45.05,54.37,93.41,54.49,1,moderate,Meghalaya
11.76496,76.13558,991.2,45.05,12.46,20.14,0.71,13.7,18.42,95.25,26.6,0,low,Kerala
23.45683,93.3547,1573.5,42.21,13.95,40.47,0.61,50.0,8.6,78.09,39.91,0,low,Mizoram
24.65814,93.88602,530.8,59.41,6.66,34.72,0.5,27.89,33.44,79.16,41.86,1,moderate,Manipur
27.29468,88.68147,1760.6,49.61,29.72,42.54,1.41,26.44,24.87,100.0,35.94,0,low,Sikkim
11.62391,76.02958,602.5,57.26,22.82,25.12,0.96,25.81,9.53,95.56,35.87,0,low,Kerala
31.08185,77.13198,2171.6,45.6,44.1,110.01,7.17,70.56,56.06,93.0,57.34,1,moderate,Himachal Pradesh
25.77544,94.12744,1541.6,57.06,147.48,331.73,17.1,79.88,81.96,83.98,95.94,3,critical,Nagaland
30.69432,78.92961,3734.6,61.52,74.8,302.43,9.62,72.64,72.6,100.0,84.27,3,critical,Uttarakhand
27.28304,88.63656,1726.5,47.42,63.54,104.91,4.96,75.0,57.02,90.33,64.24,2,high,Sikkim
25.55299,94.09431,1492.2,56.67,8.9,27.83,0.54,50.0,34.95,71.98,42.49,1,moderate,Nagaland
30.56623,79.1508,3477.2,54.72,7.57,8.3,0.59,44.79,20.75,100.0,44.11,1,moderate,Uttarakhand
26.17605,91.75104,110.2,29.7,4.16,9.9,0.28,45.3,26.62,74.13,18.99,0,low,Assam
24.72619,93.98799,816.0,46.47,5.39,13.29,0.36,37.04,12.1,80.06,35.65,0,low,Manipur
25.54587,91.9475,2106.1,45.95,6.32,20.0,0.51,37.42,32.28,82.1,32.71,0,low,Meghalaya
25.36279,91.68952,1276.1,48.5,171.47,537.07,33.91,90.03,90.04,92.86,100.0,3,critical,Meghalaya
25.71158,94.00045,1539.0,46.91,8.46,9.38,0.36,38.07,24.29,88.11,31.85,0,low,Nagaland
25.67163,91.85119,1857.6,36.52,36.08,100.97,2.6,53.83,41.71,80.61,43.75,1,moderate,Meghalaya
27.07146,93.54561,958.0,31.29,43.82,63.07,3.12,50.54,45.25,51.38,28.8,0,low,Arunachal Pradesh
30.87421,79.0819,3589.7,41.37,20.35,102.9,1.58,35.0,64.01,92.83,36.87,0,low,Uttarakhand
25.51078,92.06104,1988.0,39.82,61.46,114.63,5.15,61.41,51.85,78.31,52.13,1,moderate,Meghalaya
24.66121,94.04944,947.1,41.91,52.39,102.2,4.14,70.6,32.4,84.95,53.35,1,moderate,Manipur
26.11366,91.62534,259.6,37.49,114.19,295.41,13.92,65.0,67.47,80.89,74.08,2,high,Assam
30.69492,79.15224,3655.9,62.01,179.25,513.78,30.55,84.72,91.01,100.0,100.0,3,critical,Uttarakhand
30.55255,78.94915,3451.0,51.63,70.35,238.94,7.3,78.24,81.88,98.11,75.2,2,high,Uttarakhand
11.71077,76.19351,1002.5,57.6,206.41,490.72,95.25,89.0,88.7,100.0,100.0,3,critical,Kerala
24.81771,94.02805,763.4,44.68,23.02,30.35,1.13,19.24,19.93,88.72,31.72,0,low,Manipur
26.18744,91.66982,274.0,53.54,166.81,508.14,38.6,90.85,87.36,63.67,100.0,3,critical,Assam
25.55324,94.10782,1508.5,60.88,38.25,80.83,2.94,53.0,40.4,81.76,52.12,1,moderate,Nagaland
25.62602,91.95378,2090.5,41.88,3.68,4.33,0.19,23.58,18.4,61.37,20.38,0,low,Meghalaya
31.01895,77.21479,2479.9,45.7,55.05,167.85,4.1,55.91,46.2,83.9,52.96,1,moderate,Himachal Pradesh
25.65555,91.73621,2019.1,42.0,2.34,45.65,0.19,22.55,20.42,91.61,31.61,0,low,Meghalaya
30.71708,78.96642,3634.9,62.2,48.54,114.52,3.06,58.6,48.95,91.86,62.07,2,high,Uttarakhand
24.8617,93.97503,739.4,42.23,23.2,44.25,1.79,27.18,23.54,98.65,36.4,0,low,Manipur
26.09888,91.70775,481.9,27.92,0.31,2.33,0.02,24.62,28.99,69.07,17.37,0,low,Assam
25.55874,93.9968,1388.1,61.4,6.19,51.43,0.29,44.47,21.21,73.32,40.22,1,moderate,Nagaland
26.88371,88.18653,1823.4,46.4,5.39,28.74,0.23,24.78,13.79,70.48,33.01,0,low,West Bengal
30.68313,79.1691,3561.4,63.58,62.37,254.29,9.97,78.16,87.64,83.15,80.33,3,critical,Uttarakhand
27.11457,93.68791,878.0,37.9,129.36,319.58,15.67,79.43,65.86,61.44,71.6,2,high,Arunachal Pradesh
25.26164,91.71649,1440.5,57.3,24.04,40.63,1.1,32.38,26.52,84.58,45.0,1,moderate,Meghalaya
25.72837,94.10747,1474.2,42.94,47.31,119.23,5.59,63.77,46.65,69.58,52.57,1,moderate,Nagaland
24.86037,93.93697,984.9,50.16,27.33,80.87,2.79,53.09,51.7,88.31,47.9,1,moderate,Manipur
27.05736,88.15946,1869.0,32.27,20.35,76.73,2.69,75.0,43.16,91.34,44.95,1,moderate,West Bengal
27.39998,88.58535,1381.0,51.61,77.76,129.4,11.9,51.55,65.26,76.7,62.77,2,high,Sikkim
31.2044,77.09158,2050.5,36.25,44.89,92.54,3.96,40.87,59.87,77.72,45.08,1,moderate,Himachal Pradesh
25.79612,94.13956,1402.5,46.87,47.79,74.75,7.72,68.33,54.88,85.23,51.86,1,moderate,Nagaland
23.47408,93.43512,1746.8,55.58,117.78,381.69,20.72,83.83,68.72,76.32,92.27,3,critical,Mizoram
30.64214,79.15217,3597.4,71.34,1.07,6.02,0.06,41.58,8.85,93.94,46.56,1,moderate,Uttarakhand
25.19951,91.67302,1608.0,59.49,121.38,347.98,16.54,70.04,66.22,90.1,90.0,3,critical,Meghalaya
25.61447,92.01484,2143.2,42.85,9.06,13.39,0.57,14.71,21.32,82.35,26.38,0,low,Meghalaya
23.46209,93.26007,1675.4,28.55,0.86,8.57,0.04,30.24,26.53,83.98,25.52,0,low,Mizoram
24.77067,93.96065,1237.5,53.68,66.33,145.07,4.93,48.85,44.92,80.97,57.91,1,moderate,Manipur
11.72668,75.98946,850.5,43.48,12.77,59.08,0.58,39.67,7.37,88.14,38.27,0,low,Kerala
23.48075,93.35255,1656.7,40.88,43.64,114.03,6.43,52.19,52.47,82.14,56.66,1,moderate,Mizoram
27.07396,93.66399,1012.7,35.69,180.81,415.9,34.68,91.51,64.17,53.25,94.15,3,critical,Arunachal Pradesh
27.00374,93.62172,779.3,40.5,2.66,15.1,0.17,49.56,17.9,64.05,32.05,0,low,Arunachal Pradesh
30.66171,79.05736,3423.8,63.81,68.65,173.39,13.34,95.0,69.45,90.65,88.85,3,critical,Uttarakhand
27.00345,93.53674,795.9,29.68,186.06,464.66,79.71,96.77,83.24,64.59,100.0,3,critical,Arunachal Pradesh
27.15564,88.21286,2171.8,51.01,103.44,305.27,11.09,73.66,66.05,62.24,75.53,2,high,West Bengal
11.58249,76.25033,851.8,55.47,10.83,17.64,0.61,28.2,25.78,98.71,36.19,0,low,Kerala
31.03369,77.22542,2214.6,62.8,0.02,6.66,0.0,36.74,32.65,98.92,45.45,1,moderate,Himachal Pradesh
25.66451,91.94463,1508.2,54.63,75.1,165.0,6.04,64.24,69.94,91.36,68.04,2,high,Meghalaya
25.75541,94.15547,1282.2,43.8,162.55,284.85,32.34,77.46,79.81,76.22,95.51,3,critical,Nagaland
11.61712,76.17409,823.2,46.12,127.39,277.19,17.22,83.5,90.0,91.68,86.35,3,critical,Kerala
31.06831,77.24657,2297.6,52.19,61.52,126.54,4.27,63.95,37.03,76.79,54.18,1,moderate,Himachal Pradesh
31.1683,77.19969,2109.9,45.8,4.5,42.27,0.36,26.48,29.38,80.67,30.0,0,low,Himachal Pradesh
26.18865,91.73779,50.0,21.02,45.0,115.41,3.73,35.0,44.65,85.42,29.7,0,low,Assam
31.03253,77.15925,2297.7,49.7,216.28,496.96,36.72,86.81,84.19,82.55,100.0,3,critical,Himachal Pradesh
30.66636,79.03261,3608.2,64.9,144.82,316.75,15.95,67.3,78.51,93.82,94.35,3,critical,Uttarakhand
24.86226,93.95366,813.6,46.8,45.21,127.2,3.15,52.78,38.96,83.56,50.59,1,moderate,Manipur
24.72987,93.90758,906.1,43.41,11.93,26.01,0.82,41.09,18.84,83.34,32.14,0,low,Manipur
30.74423,79.0859,3611.9,60.05,47.61,75.03,4.76,41.07,52.24,94.91,57.8,1,moderate,Uttarakhand
25.53616,91.76061,2008.4,52.93,144.27,300.61,17.73,95.0,67.82,87.25,97.88,3,critical,Meghalaya
30.86618,79.07079,3771.6,65.53,49.86,111.57,6.06,75.0,40.83,100.0,75.25,2,high,Uttarakhand
27.01552,93.6078,776.4,29.53,146.92,354.0,23.74,90.79,74.09,63.94,83.18,3,critical,Arunachal Pradesh
26.9654,93.76783,829.2,31.81,18.2,105.62,1.15,58.92,55.1,57.74,32.15,0,low,Arunachal Pradesh
31.06933,77.26265,2526.5,43.74,1.54,6.93,0.09,37.89,33.46,90.0,28.73,0,low,Himachal Pradesh
25.59135,91.83935,1822.5,39.84,70.15,248.79,9.87,82.27,90.0,84.39,75.94,2,high,Meghalaya
24.89359,94.06183,905.7,34.23,89.39,286.91,19.29,86.0,76.82,86.06,78.44,2,high,Manipur
26.99166,93.55688,812.7,23.04,9.5,87.13,0.42,26.18,32.69,55.02,24.34,0,low,Arunachal Pradesh
30.72621,79.06769,3403.4,40.43,23.2,97.95,1.64,60.71,53.3,81.2,45.05,1,moderate,Uttarakhand
27.07034,93.73969,552.0,28.98,10.44,33.65,0.85,28.47,24.46,59.9,21.29,0,low,Arunachal Pradesh
26.94303,88.08543,2024.4,51.68,46.41,113.97,3.25,54.12,48.55,81.71,54.61,1,moderate,West Bengal
27.10108,93.73853,749.1,24.33,272.69,580.06,85.76,99.0,92.03,56.21,100.0,3,critical,Arunachal Pradesh
27.20981,88.61857,1700.0,54.61,49.07,114.01,3.69,75.0,50.64,86.74,59.18,1,moderate,Sikkim
11.69703,76.06499,794.4,45.78,125.82,355.23,15.33,77.87,73.61,93.04,83.71,3,critical,Kerala
27.07154,88.25733,1837.3,52.08,53.32,136.59,5.99,75.0,30.0,78.89,59.15,1,moderate,West Bengal
11.67,76.11239,903.0,44.26,55.78,102.48,5.72,63.11,38.3,91.05,55.62,1,moderate,Kerala
27.2123,88.59233,1686.7,60.31,1.87,69.62,0.09,36.35,25.68,89.85,43.55,1,moderate,Sikkim
27.20413,88.62216,1582.9,61.75,153.22,305.67,19.92,65.0,77.92,85.86,100.0,3,critical,Sikkim
25.26018,91.73747,1260.5,67.29,10.75,22.15,0.81,36.02,27.06,100.0,45.05,1,moderate,Meghalaya
23.48013,93.22799,1565.5,50.11,6.26,37.58,0.49,39.17,34.35,68.53,31.65,0,low,Mizoram
27.08029,93.63958,888.3,22.24,260.86,522.87,53.2,95.53,95.39,50.83,100.0,3,critical,Arunachal Pradesh
23.48562,93.25453,2007.4,51.8,81.02,142.3,6.66,64.61,56.15,72.03,60.93,2,high,Mizoram
25.64251,91.71882,1897.8,45.58,160.58,328.79,17.85,70.25,88.0,88.66,86.23,3,critical,Meghalaya
26.99946,88.15928,2099.8,49.75,170.36,598.12,71.94,93.04,90.53,77.02,100.0,3,critical,West Bengal
31.0136,77.10656,2597.9,49.15,140.45,295.74,15.02,82.43,69.75,91.45,84.32,3,critical,Himachal Pradesh
25.72398,94.25392,1542.2,69.69,25.48,79.79,3.07,47.98,56.2,66.98,54.15,1,moderate,Nagaland
25.705,94.06875,1341.6,34.11,6.5,12.61,0.29,16.36,23.92,85.78,22.5,0,low,Nagaland
24.79957,94.01512,876.8,45.11,24.2,33.96,2.67,35.0,54.76,89.83,32.99,0,low,Manipur
25.33996,91.67802,1249.5,39.66,4.39,21.2,0.34,26.48,29.76,88.1,26.37,0,low,Meghalaya
26.19115,91.80143,242.4,37.02,87.28,304.44,10.07,72.95,69.86,73.33,72.0,2,high,Assam
26.24013,91.6935,50.0,36.26,80.98,211.34,10.61,84.49,66.72,66.34,65.21,2,high,Assam
31.25602,77.21774,2122.1,47.39,51.81,100.97,8.23,68.3,59.2,100.0,57.78,1,moderate,Himachal Pradesh
26.87351,88.27151,2086.7,39.61,81.8,255.51,9.65,83.37,72.12,71.39,70.38,2,high,West Bengal
25.51861,91.90587,2014.1,49.23,4.8,11.41,0.29,37.13,33.08,81.9,29.77,0,low,Meghalaya
27.14531,93.61029,535.1,46.87,135.1,293.18,20.12,67.48,59.38,64.21,76.31,2,high,Arunachal Pradesh
25.30628,91.65142,1438.8,51.57,47.56,112.89,3.09,44.12,44.13,89.26,51.26,1,moderate,Meghalaya
25.61723,91.92635,2238.8,38.66,39.58,111.65,5.92,56.29,30.0,76.22,44.65,1,moderate,Meghalaya
26.90235,88.27204,1997.9,37.85,24.41,60.28,2.0,10.0,20.17,66.54,27.09,0,low,West Bengal
26.1717,91.80845,197.6,41.87,2.7,10.23,0.17,27.46,17.47,71.29,24.0,0,low,Assam
26.98787,88.28997,2131.8,49.32,27.78,111.32,3.74,54.42,54.55,75.62,54.76,1,moderate,West Bengal
27.28856,88.46714,1499.5,40.14,138.55,416.67,32.11,88.31,82.47,99.77,96.12,3,critical,Sikkim
11.51483,76.13992,842.2,57.74,41.29,117.26,5.61,56.62,69.27,95.88,66.62,2,high,Kerala
31.01268,77.20724,2427.1,52.13,2.55,4.56,0.16,31.8,15.96,81.44,37.32,0,low,Himachal Pradesh
11.62641,76.14405,1170.6,63.77,6.47,23.91,0.35,38.74,21.95,91.26,42.19,1,moderate,Kerala
23.32013,93.33161,1628.3,31.87,7.65,8.78,0.35,19.02,16.67,55.52,22.29,0,low,Mizoram
23.43817,93.30266,1681.9,40.23,15.79,21.49,1.08,29.13,36.54,73.97,32.25,0,low,Mizoram
30.62604,78.87955,3694.4,49.67,124.18,345.71,28.04,85.37,70.0,92.25,92.97,3,critical,Uttarakhand
26.04695,91.5646,50.0,41.16,16.24,29.23,0.69,25.45,24.33,65.05,22.73,0,low,Assam
25.70854,94.03153,1528.3,53.05,3.02,13.1,0.24,28.39,23.33,86.16,31.77,0,low,Nagaland
27.01561,93.8059,640.0,29.82,47.47,68.75,3.34,57.8,45.87,53.59,42.51,1,moderate,Arunachal Pradesh
30.72743,79.06681,3374.3,46.41,69.53,109.09,4.99,35.0,65.19,100.0,53.78,1,moderate,Uttarakhand
25.73418,94.03832,1310.8,53.72,43.83,129.95,2.95,37.42,59.38,61.53,54.84,1,moderate,Nagaland
24.90089,93.98211,722.9,47.42,49.7,128.67,7.13,64.12,55.26,98.66,56.02,1,moderate,Manipur
25.55742,91.80403,2066.5,41.38,5.69,10.57,0.25,26.38,37.74,82.79,32.84,0,low,Meghalaya
26.07435,91.58704,236.8,34.79,30.2,64.74,2.61,55.65,56.25,70.38,35.34,0,low,Assam
31.20438,77.17491,2325.1,60.81,57.87,222.12,7.72,77.65,57.92,97.99,79.0,2,high,Himachal Pradesh
25.69296,91.96312,2163.4,42.2,11.88,20.0,0.63,40.02,14.48,87.57,35.62,0,low,Meghalaya
27.09299,93.53283,721.4,38.72,61.37,154.16,6.4,75.0,57.65,39.53,55.07,1,moderate,Arunachal Pradesh
27.07034,93.72412,638.0,31.8,145.42,344.2,31.21,75.21,74.29,56.79,80.56,3,critical,Arunachal Pradesh
25.75809,94.30703,1268.7,39.57,25.59,37.81,1.4,34.27,19.68,99.48,33.41,0,low,Nagaland
30.97147,77.13705,2051.7,55.33,162.64,449.87,39.89,89.44,85.47,94.39,100.0,3,critical,Himachal Pradesh
23.40844,93.39705,1528.5,48.98,47.75,96.37,5.62,37.72,59.17,74.35,50.9,1,moderate,Mizoram
25.13373,91.72556,1487.6,47.74,43.66,101.2,5.99,54.1,53.67,75.46,47.4,1,moderate,Meghalaya
26.0996,91.64049,313.5,45.62,39.11,83.3,2.98,35.0,48.83,68.43,41.85,1,moderate,Assam
26.0317,91.78,50.0,32.45,0.42,17.31,0.03,40.7,25.15,69.73,25.48,0,low,Assam
27.10336,93.58291,754.7,37.12,0.55,4.89,0.04,35.66,32.29,73.05,24.33,0,low,Arunachal Pradesh
25.25595,91.78349,1444.7,58.37,56.18,126.28,6.49,57.35,65.78,86.25,65.69,2,high,Meghalaya
23.28326,93.3454,1858.2,45.76,253.86,514.16,60.6,85.95,88.8,76.02,100.0,3,critical,Mizoram
25.7505,94.15479,1541.6,45.48,49.33,107.09,3.43,64.47,40.2,74.75,50.7,1,moderate,Nagaland
25.45789,91.99716,2003.6,41.94,14.49,36.15,0.93,16.15,9.94,81.82,22.65,0,low,Meghalaya
23.42801,93.18431,1669.6,51.88,176.76,337.3,35.52,87.02,60.29,93.11,100.0,3,critical,Mizoram
26.94416,88.24064,1948.4,38.11,166.63,468.21,30.53,95.45,87.68,81.75,100.0,3,critical,West Bengal
30.70745,78.94281,3669.9,63.48,23.58,30.81,1.16,29.98,38.66,85.63,45.22,1,moderate,Uttarakhand
24.72127,93.9307,917.8,29.42,53.6,115.61,4.25,61.2,46.32,95.97,48.89,1,moderate,Manipur
24.87438,93.9928,805.5,51.44,3.76,10.47,0.23,50.0,11.97,79.65,37.15,0,low,Manipur
27.126,88.64088,1731.5,64.82,31.95,58.5,2.27,47.24,70.0,82.69,55.51,1,moderate,Sikkim
27.30212,88.68952,1643.7,50.51,56.78,119.26,4.19,47.52,33.72,79.01,45.28,1,moderate,Sikkim
27.03189,93.56314,631.4,39.94,41.38,130.18,6.76,48.03,66.32,57.49,44.43,1,moderate,Arunachal Pradesh
26.18226,91.70619,108.2,34.61,40.56,103.56,3.75,72.14,46.73,72.35,51.0,1,moderate,Assam
25.65122,92.01299,1924.0,23.59,1.12,18.35,0.06,25.73,23.63,78.43,22.57,0,low,Meghalaya
25.58129,91.95523,1844.8,37.74,0.04,6.34,0.0,28.5,18.43,100.0,31.34,0,low,Meghalaya
23.33768,93.28947,1535.8,42.13,109.69,301.84,14.33,74.27,72.81,74.24,81.91,3,critical,Mizoram
25.1859,91.52746,1395.9,46.87,141.86,311.77,18.35,85.38,80.05,93.08,92.83,3,critical,Meghalaya
25.66998,94.1505,1569.7,39.61,4.04,5.52,0.31,24.66,15.91,86.31,30.09,0,low,Nagaland
27.30195,88.57099,1551.3,68.79,124.4,278.47,14.21,78.6,79.52,80.76,96.83,3,critical,Sikkim
27.20732,93.52372,707.4,47.9,196.33,563.49,57.47,91.97,89.64,59.26,100.0,3,critical,Arunachal Pradesh
23.52542,93.32245,1719.9,43.3,60.0,146.05,5.08,47.89,66.93,73.8,47.47,1,moderate,Mizoram
25.27734,91.57099,1397.0,50.86,0.8,5.93,0.06,24.82,32.32,100.0,34.84,0,low,Meghalaya
25.71394,94.11563,1469.4,37.68,219.15,512.14,90.46,92.07,81.06,86.96,100.0,3,critical,Nagaland
30.74875,79.01899,3522.8,63.95,31.68,67.2,2.12,75.0,37.85,90.92,61.15,2,high,Uttarakhand
27.02722,88.22619,2051.9,57.16,125.68,323.39,17.02,76.24,66.71,76.54,91.46,3,critical,West Bengal
26.97292,88.16669,2096.3,47.33,78.84,254.69,14.12,91.8,70.98,70.94,84.2,3,critical,West Bengal
30.74164,79.1348,3368.8,50.82,210.39,455.46,37.18,89.37,84.9,100.0,100.0,3,critical,Uttarakhand
27.29324,88.68063,1467.7,31.66,23.17,120.16,2.43,68.04,59.51,82.67,40.59,1,moderate,Sikkim
27.50763,88.6585,1619.6,51.56,6.57,14.39,0.34,30.9,30.75,85.63,34.63,0,low,Sikkim
25.68639,94.13817,1647.5,51.11,48.2,101.34,4.65,55.49,43.45,68.45,52.39,1,moderate,Nagaland
23.44503,93.32975,1635.0,60.87,51.77,129.59,5.66,39.68,57.68,72.84,56.15,1,moderate,Mizoram
26.13345,91.73904,50.0,30.46,75.12,145.25,9.75,56.79,35.8,81.02,45.76,1,moderate,Assam
23.36243,93.29593,1536.9,33.13,38.23,130.89,3.93,74.3,42.73,87.55,50.24,1,moderate,Mizoram
25.61069,91.7607,1798.8,44.69,3.08,30.13,0.19,17.55,30.65,89.13,29.45,0,low,Meghalaya
25.63347,94.0703,1420.1,30.6,159.05,364.09,28.58,79.19,88.7,59.08,91.56,3,critical,Nagaland
27.36381,88.44889,1667.7,43.07,27.86,87.2,1.89,35.0,51.85,90.37,39.73,0,low,Sikkim
27.07731,88.2305,1829.9,49.06,139.86,341.3,15.63,82.43,71.07,95.01,91.32,3,critical,West Bengal
27.097,93.63624,740.3,32.95,233.96,569.53,49.46,95.37,89.94,64.06,100.0,3,critical,Arunachal Pradesh
26.26884,91.7951,361.0,33.2,123.46,272.26,27.27,76.65,84.7,65.12,80.94,3,critical,Assam
27.31598,88.5453,1370.4,69.96,154.05,278.58,25.43,75.66,72.91,85.48,100.0,3,critical,Sikkim
26.05685,91.63926,87.4,26.97,23.07,30.4,1.03,32.16,15.88,83.39,21.15,0,low,Assam
27.11482,88.36117,1995.0,49.19,43.22,112.33,6.37,50.92,52.2,86.72,51.47,1,moderate,West Bengal
25.32675,91.73156,1409.2,44.61,5.53,12.84,0.24,40.47,25.25,89.56,37.73,0,low,Meghalaya
25.52219,91.73544,2032.7,30.48,127.15,291.73,24.84,95.0,72.24,86.12,86.18,3,critical,Meghalaya
26.92946,88.17305,1902.9,36.17,146.91,334.48,16.01,73.49,77.15,73.41,78.25,2,high,West Bengal
30.73461,79.00907,3682.2,68.97,281.05,482.94,73.47,82.0,86.58,100.0,100.0,3,critical,Uttarakhand
23.36155,93.31695,1472.3,43.41,230.36,584.54,40.64,86.6,91.16,68.21,100.0,3,critical,Mizoram
27.21107,93.52092,722.1,40.27,33.12,119.02,2.22,51.48,37.51,68.47,42.99,1,moderate,Arunachal Pradesh
25.67467,91.90142,1797.8,41.01,54.64,119.08,7.63,38.41,46.34,76.05,45.6,1,moderate,Meghalaya
23.50234,93.25287,1599.7,51.77,269.19,523.99,119.89,91.84,83.9,78.12,100.0,3,critical,Mizoram
31.21069,77.25668,2376.3,54.37,50.55,126.58,6.02,75.0,60.62,91.92,63.1,2,high,Himachal Pradesh
26.12148,91.90335,240.4,38.58,29.3,87.12,2.99,59.5,40.41,65.31,46.74,1,moderate,Assam
25.79983,94.1557,1677.5,47.21,275.11,704.79,53.0,90.22,82.71,84.11,100.0,3,critical,Nagaland
27.16218,88.14398,1916.1,46.02,132.84,257.82,17.12,81.48,55.0,81.1,81.69,3,critical,West Bengal
23.52856,93.19107,1576.5,33.06,25.15,88.81,2.63,35.0,37.42,73.51,30.3,0,low,Mizoram
25.57005,94.14696,1624.1,41.42,16.26,21.77,0.76,45.82,14.61,82.06,35.17,0,low,Nagaland
31.0522,77.28847,2201.2,54.34,82.74,268.59,17.15,95.0,88.4,93.98,85.09,3,critical,Himachal Pradesh
30.7782,79.18101,3441.1,55.65,33.47,108.43,2.36,58.58,53.44,95.15,54.96,1,moderate,Uttarakhand
25.34335,91.79154,1944.0,54.79,2.88,14.62,0.13,33.05,8.18,90.39,33.47,0,low,Meghalaya
27.09578,93.67364,766.9,33.99,3.7,30.23,0.2,18.46,26.63,51.37,17.32,0,low,Arunachal Pradesh
27.25637,88.69456,1490.7,50.91,280.91,643.25,50.45,91.96,92.9,91.35,100.0,3,critical,Sikkim
31.08652,77.20506,2432.2,55.17,105.1,274.27,14.51,73.64,78.24,80.03,83.46,3,critical,Himachal Pradesh
30.76499,79.09662,3591.0,66.13,27.74,58.09,3.66,40.24,68.2,100.0,65.41,2,high,Uttarakhand
25.65017,91.9516,1906.5,48.84,165.01,415.65,22.1,95.0,75.49,87.73,100.0,3,critical,Meghalaya
24.75197,94.01078,654.8,46.58,139.6,361.34,18.94,79.58,73.21,95.76,94.38,3,critical,Manipur
25.74036,94.03845,1464.4,38.78,135.67,378.04,19.42,89.88,77.68,68.09,90.52,3,critical,Nagaland
11.74905,76.21701,672.4,42.3,4.96,7.51,0.31,19.76,27.76,93.0,30.52,0,low,Kerala
30.73046,79.02363,3889.5,53.48,46.28,124.12,3.97,75.0,53.98,96.36,64.78,2,high,Uttarakhand
24.75135,93.90758,1006.0,44.1,12.74,25.39,0.62,41.7,29.69,87.29,34.87,0,low,Manipur
11.63037,75.97577,830.3,38.6,22.74,64.69,2.9,56.39,42.59,99.99,40.61,1,moderate,Kerala
25.66166,94.16494,1434.8,51.79,202.57,465.65,99.61,89.68,92.21,74.35,100.0,3,critical,Nagaland
26.24338,91.61833,270.9,41.55,131.55,406.3,18.21,77.8,84.59,82.43,89.39,3,critical,Assam
25.51058,91.9262,1761.1,51.37,34.97,126.93,3.15,47.23,70.0,73.28,51.31,1,moderate,Meghalaya
25.64149,91.90931,1777.5,53.4,58.23,130.03,4.34,75.0,30.0,97.41,63.8,2,high,Meghalaya
24.73694,94.01817,1093.2,27.29,89.87,192.87,9.29,71.42,75.16,74.61,58.25,1,moderate,Manipur
27.13677,88.61117,1315.6,57.86,1.99,14.18,0.09,10.0,27.76,84.56,37.92,0,low,Sikkim
25.14738,91.7143,1475.3,49.4,179.94,465.38,52.82,82.0,89.0,77.25,100.0,3,critical,Meghalaya
25.58166,91.78364,2110.6,51.02,182.93,498.09,33.97,96.0,75.0,75.96,100.0,3,critical,Meghalaya
11.62112,76.0777,947.6,49.52,60.37,113.78,5.62,37.35,50.87,100.0,53.73,1,moderate,Kerala
25.53335,91.92191,1873.3,61.62,120.36,333.7,12.47,81.35,73.53,100.0,93.51,3,critical,Meghalaya
25.31699,91.84313,1497.1,43.99,48.58,98.54,7.86,42.91,60.97,88.41,41.93,1,moderate,Meghalaya
26.05688,91.81203,50.0,25.88,53.61,89.98,7.4,41.72,51.87,76.54,40.0,0,low,Assam
25.24427,91.89614,1487.3,51.44,1.19,5.9,0.09,32.39,30.82,100.0,35.77,0,low,Meghalaya
11.70784,76.02182,1112.4,59.7,40.16,65.41,3.34,52.21,35.51,100.0,53.91,1,moderate,Kerala
27.09849,93.64304,900.4,33.02,39.7,79.52,4.39,65.09,54.29,45.34,36.07,0,low,Arunachal Pradesh
26.94271,88.29053,2356.0,43.38,15.01,51.05,0.95,10.0,23.05,87.04,24.86,0,low,West Bengal
25.58417,94.10099,1531.0,57.87,11.01,49.74,0.48,40.94,27.88,84.22,45.72,1,moderate,Nagaland
26.12514,91.64098,262.3,28.75,49.49,127.52,3.59,35.0,51.31,66.07,37.36,0,low,Assam
27.11696,93.6474,853.4,35.66,27.05,104.48,1.95,49.37,45.27,66.1,37.33,0,low,Arunachal Pradesh
11.71864,76.03198,806.1,46.41,14.65,37.41,0.64,37.16,22.99,93.75,36.28,0,low,Kerala
11.75739,76.19775,1016.7,52.24,191.95,546.64,34.84,93.95,86.94,100.0,100.0,3,critical,Kerala
27.03961,93.58521,691.4,30.8,125.76,278.96,14.31,65.0,75.59,41.07,67.94,2,high,Arunachal Pradesh
26.09062,91.78589,247.3,34.48,25.31,33.67,1.33,34.03,7.26,59.12,23.31,0,low,Assam
25.49174,91.91588,1710.9,49.92,175.68,457.64,72.86,90.2,89.15,77.98,100.0,3,critical,Meghalaya
30.68984,79.01149,3494.4,47.87,37.23,106.85,5.21,58.25,44.01,100.0,51.32,1,moderate,Uttarakhand
25.71428,91.88555,1938.9,49.71,50.99,78.28,3.22,66.62,46.82,87.0,54.48,1,moderate,Meghalaya
25.34625,91.77105,1538.8,52.13,132.96,340.84,15.47,89.46,78.51,86.87,97.29,3,critical,Meghalaya
25.64109,94.09805,1770.9,52.02,9.43,13.38,0.45,30.28,12.91,70.53,32.42,0,low,Nagaland
11.75909,76.13517,1004.8,51.02,9.58,15.01,0.47,18.91,28.27,100.0,31.58,0,low,Kerala
24.83826,93.93454,632.2,38.3,1.03,9.62,0.05,50.0,35.36,71.26,31.97,0,low,Manipur
27.02307,93.60212,862.3,26.91,52.77,74.36,4.33,47.91,30.0,54.1,33.74,0,low,Arunachal Pradesh
31.19828,77.26457,2150.4,57.96,35.04,80.8,3.85,75.0,43.98,85.29,58.8,1,moderate,Himachal Pradesh
25.66324,91.97043,1858.1,48.56,2.25,5.2,0.14,36.96,27.24,77.39,24.19,0,low,Meghalaya
27.01675,93.53933,642.0,43.25,0.51,31.81,0.03,34.33,27.06,43.96,25.14,0,low,Arunachal Pradesh
25.4995,91.85564,2095.1,35.87,50.49,131.9,3.7,53.98,70.0,82.88,48.59,1,moderate,Meghalaya
11.77095,76.03344,876.3,56.57,10.57,12.74,0.76,18.17,31.62,96.61,34.55,0,low,Kerala
27.12292,93.6208,877.6,24.02,55.23,131.98,4.2,49.74,45.31,49.95,38.96,0,low,Arunachal Pradesh
26.94455,93.64672,787.0,22.54,96.04,179.65,10.6,81.75,66.71,51.62,53.46,1,moderate,Arunachal Pradesh
25.60542,94.12626,1287.7,36.9,301.39,648.33,54.16,93.82,83.86,90.08,100.0,3,critical,Nagaland
26.97056,93.55336,855.3,32.55,6.46,23.38,0.28,33.56,12.78,63.94,19.63,0,low,Arunachal Pradesh
31.07561,77.09388,2415.1,34.97,97.55,346.37,15.11,65.0,78.43,86.77,73.36,2,high,Himachal Pradesh
26.97516,88.35756,2296.4,29.43,0.49,3.36,0.03,32.91,17.94,79.19,15.87,0,low,West Bengal
24.79482,93.91644,870.0,38.73,6.8,8.85,0.4,25.96,27.77,92.71,22.46,0,low,Manipur
25.76032,94.09218,1404.2,44.49,5.56,9.28,0.34,34.11,21.75,68.9,27.93,0,low,Nagaland
27.03687,88.01884,1808.2,53.66,48.8,108.45,7.13,69.03,51.07,75.29,57.92,1,moderate,West Bengal
25.68084,94.08979,1472.5,45.64,123.8,315.04,29.4,86.99,85.2,98.15,93.97,3,critical,Nagaland
24.74821,93.99365,685.9,31.31,4.43,5.36,0.31,34.46,28.85,76.55,24.88,0,low,Manipur
25.42587,91.81201,1331.9,48.22,21.27,81.62,2.3,38.87,47.51,91.62,37.95,0,low,Meghalaya
25.57348,91.83027,2099.5,45.25,27.52,99.41,2.0,48.39,48.82,78.49,40.43,1,moderate,Meghalaya
26.05753,91.7029,224.7,35.35,8.89,11.21,0.53,37.66,23.54,81.61,25.09,0,low,Assam
25.37273,91.53589,1072.0,44.03,149.55,470.2,39.24,94.81,89.71,100.0,100.0,3,critical,Meghalaya
27.24448,93.59089,928.5,37.58,5.23,16.24,0.31,41.0,33.07,79.95,31.58,0,low,Arunachal Pradesh
27.07818,88.19589,1985.5,54.06,38.26,80.21,4.2,49.47,47.26,69.68,50.96,1,moderate,West Bengal
30.79666,79.04559,3503.5,52.43,60.74,299.69,9.0,95.0,76.33,100.0,90.51,3,critical,Uttarakhand
30.78017,79.23375,3702.1,52.65,3.78,22.8,0.27,26.94,20.83,89.05,33.8,0,low,Uttarakhand
31.27804,77.2881,2209.5,53.44,107.13,330.01,11.49,73.08,86.07,97.38,82.82,3,critical,Himachal Pradesh
27.43875,88.5007,1876.4,55.06,69.22,141.87,5.08,60.73,46.0,90.29,62.02,2,high,Sikkim
11.74194,76.01518,667.4,48.11,91.17,285.84,13.94,70.11,67.82,88.9,78.29,2,high,Kerala
25.64116,93.94525,1596.4,54.06,98.97,309.4,21.88,78.08,65.61,62.17,77.18,2,high,Nagaland
30.83259,79.23574,3522.0,56.43,139.54,288.2,28.86,91.02,61.55,74.35,94.64,3,critical,Uttarakhand
27.27961,88.61771,1305.1,53.36,23.45,26.51,1.16,40.88,25.58,69.55,41.23,1,moderate,Sikkim
25.80071,94.01835,1288.1,46.32,10.86,45.52,0.46,18.66,30.61,85.65,29.59,0,low,Nagaland
31.0383,77.11592,2534.5,56.59,28.16,66.19,1.9,46.27,67.36,96.08,53.45,1,moderate,Himachal Pradesh
30.67958,79.04932,3699.9,36.92,142.74,348.86,20.36,72.95,69.77,97.42,86.23,3,critical,Uttarakhand
11.70391,76.0982,918.4,49.83,188.05,352.55,27.88,95.0,69.52,89.32,100.0,3,critical,Kerala
25.55888,94.13288,1617.7,42.93,168.78,595.95,31.8,92.16,83.67,76.3,100.0,3,critical,Nagaland
31.12119,77.1841,2443.4,46.16,39.24,74.41,3.05,49.37,51.07,100.0,47.6,1,moderate,Himachal Pradesh
31.14804,77.14838,2141.7,42.92,18.23,18.27,1.23,30.08,35.24,90.82,28.85,0,low,Himachal Pradesh
27.32587,88.54825,1517.2,52.84,29.88,115.27,4.06,67.07,55.67,76.96,58.72,1,moderate,Sikkim
24.80049,93.9804,895.3,38.46,38.28,104.31,2.4,57.93,47.98,84.93,43.95,1,moderate,Manipur
24.78636,93.91603,965.3,32.87,46.3,131.08,4.58,42.16,55.46,85.87,43.17,1,moderate,Manipur
27.32482,88.62641,1469.8,41.31,3.55,3.7,0.17,25.94,37.16,92.58,32.51,0,low,Sikkim
23.61079,93.33187,1694.0,51.99,7.08,8.56,0.37,22.14,32.43,74.86,30.67,0,low,Mizoram
30.54137,79.06886,4008.1,64.93,136.32,369.95,22.67,74.09,84.2,91.01,100.0,3,critical,Uttarakhand
26.95099,93.62345,668.1,24.76,4.12,5.4,0.22,23.59,21.19,50.85,14.78,0,low,Arunachal Pradesh
31.09787,77.08263,2044.2,41.56,49.13,95.24,3.48,56.22,47.29,80.61,50.77,1,moderate,Himachal Pradesh
31.02264,77.18435,2099.3,53.24,16.68,26.41,1.07,42.96,22.13,76.73,37.36,0,low,Himachal Pradesh
27.45615,88.54296,1687.7,48.1,51.86,121.63,4.36,41.3,48.7,89.29,49.87,1,moderate,Sikkim
25.46152,91.80833,2176.0,43.53,75.04,227.2,12.34,95.0,79.96,90.3,79.7,2,high,Meghalaya
25.74,94.06239,1399.6,50.27,28.67,52.4,2.46,39.93,53.43,65.92,43.69,1,moderate,Nagaland
23.49284,93.2348,1533.3,58.99,145.25,383.98,34.98,80.09,63.97,80.67,100.0,3,critical,Mizoram
24.82684,93.83675,819.1,54.57,19.03,19.79,1.24,32.67,24.46,75.53,39.63,0,low,Manipur
30.83875,78.99414,3546.9,65.52,146.32,308.83,32.51,79.16,77.27,92.84,100.0,3,critical,Uttarakhand
27.10479,88.59376,1670.2,31.06,98.59,267.02,10.52,83.25,62.12,99.67,68.54,2,high,Sikkim
27.07169,93.53778,684.0,30.53,1.15,3.47,0.06,21.06,25.38,71.54,20.3,0,low,Arunachal Pradesh
25.64019,91.96092,1976.5,38.39,22.1,34.08,1.3,29.62,26.52,77.22,28.49,0,low,Meghalaya
27.13206,88.24809,2158.5,66.33,114.69,323.72,17.4,80.95,78.48,75.38,96.74,3,critical,West Bengal
25.49272,91.9052,1725.8,45.66,42.59,48.12,3.14,22.38,28.06,81.85,32.38,0,low,Meghalaya
25.40911,91.80831,1442.8,41.53,135.68,338.41,31.89,80.84,81.5,85.36,87.25,3,critical,Meghalaya
26.04555,91.64647,261.2,30.29,59.46,117.5,3.72,41.44,44.82,66.04,37.08,0,low,Assam
25.59696,94.02691,1505.6,36.5,153.08,304.51,19.8,80.75,75.51,74.06,82.67,3,critical,Nagaland
25.49778,91.77982,1893.4,25.99,14.88,33.59,0.76,20.32,31.25,79.79,21.91,0,low,Meghalaya
25.5998,91.89383,2028.5,41.17,75.62,261.29,13.48,93.39,77.81,99.2,83.68,3,critical,Meghalaya
27.04879,88.2869,2232.7,63.63,0.54,6.54,0.03,20.88,27.06,78.67,39.41,0,low,West Bengal
26.12499,91.64865,255.1,30.09,33.54,157.98,3.93,69.55,71.26,56.4,45.63,1,moderate,Assam
25.09785,91.67247,1398.3,40.1,4.38,47.02,0.22,30.77,16.28,90.95,33.92,0,low,Meghalaya
27.18001,88.28416,1948.6,52.4,50.86,107.29,6.74,60.4,46.84,73.17,52.09,1,moderate,West Bengal
26.99601,88.32712,2227.7,36.16,159.74,351.72,17.26,81.09,78.89,76.34,86.7,3,critical,West Bengal
30.727,79.04797,3546.2,49.25,9.57,13.57,0.68,24.95,35.15,96.32,30.28,0,low,Uttarakhand
24.68123,94.05021,662.7,36.78,84.92,227.81,20.83,77.74,60.79,87.06,69.44,2,high,Manipur
25.43087,91.82745,2036.1,34.14,22.4,29.8,1.42,42.24,6.71,97.84,28.66,0,low,Meghalaya
25.48572,91.84556,1871.4,42.88,14.41,34.93,0.96,22.29,32.38,94.58,34.49,0,low,Meghalaya
27.27087,88.5924,1895.2,50.43,189.88,538.19,74.55,97.49,81.73,78.86,100.0,3,critical,Sikkim
23.64249,93.35654,1725.0,48.19,17.61,115.32,1.35,75.0,51.81,75.44,51.72,1,moderate,Mizoram
30.62437,79.16797,3353.4,51.67,0.47,14.78,0.03,43.54,26.58,87.62,33.19,0,low,Uttarakhand
25.52528,91.67097,1927.7,49.75,2.81,19.93,0.21,30.53,23.27,79.95,29.56,0,low,Meghalaya
11.7192,76.1612,1075.8,44.25,9.83,11.42,0.51,10.0,24.31,91.76,30.71,0,low,Kerala
30.66235,79.1878,3503.0,63.99,192.5,423.92,35.71,91.64,77.45,100.0,100.0,3,critical,Uttarakhand
30.64186,79.0229,3785.5,52.33,89.87,244.99,13.22,91.34,71.38,95.33,85.51,3,critical,Uttarakhand
27.11721,93.65754,976.8,46.21,13.44,21.63,0.6,29.59,28.93,59.59,34.98,0,low,Arunachal Pradesh
31.15557,77.33538,2254.7,57.63,59.3,113.63,4.79,65.88,37.33,100.0,68.48,2,high,Himachal Pradesh
31.12439,77.08937,2302.4,45.59,25.51,110.81,2.62,52.53,48.74,90.51,43.54,1,moderate,Himachal Pradesh
11.67802,76.28055,1069.3,46.99,73.17,124.57,5.79,60.04,50.25,93.61,60.03,2,high,Kerala
23.54897,93.39482,1638.7,49.3,118.5,335.23,16.37,65.0,71.25,83.96,81.17,3,critical,Mizoram
26.30049,91.76399,259.7,41.6,106.81,295.12,24.76,86.59,67.94,69.19,81.94,3,critical,Assam
23.23703,93.28529,1399.4,45.91,11.49,18.53,0.51,43.56,21.02,69.59,34.01,0,low,Mizoram
31.22892,77.1759,2611.3,62.5,208.33,425.87,23.54,79.72,81.29,86.16,100.0,3,critical,Himachal Pradesh
25.48276,91.95972,1861.8,37.88,50.08,149.67,4.06,55.88,39.5,81.35,44.97,1,moderate,Meghalaya
30.789,79.03593,3558.7,67.24,44.84,124.87,2.97,61.97,44.94,100.0,67.67,2,high,Uttarakhand
27.40771,88.72161,1883.6,53.5,161.1,372.62,20.95,77.26,76.86,94.01,100.0,3,critical,Sikkim
31.04064,77.06454,2394.1,59.83,12.11,56.7,0.55,29.23,37.8,85.3,46.76,1,moderate,Himachal Pradesh
25.60992,91.87628,1988.4,35.33,127.08,300.63,13.6,85.66,89.36,71.26,77.55,2,high,Meghalaya
11.64326,76.044,1151.0,58.31,40.28,106.1,5.89,51.0,54.89,90.79,60.97,2,high,Kerala
11.57924,76.05894,855.5,45.01,4.31,49.24,0.22,36.38,37.91,96.38,39.34,0,low,Kerala
25.65852,94.32461,1475.9,53.59,168.58,305.76,23.78,83.26,79.6,73.11,91.43,3,critical,Nagaland
27.07188,88.19186,1902.4,38.88,133.17,329.05,17.83,85.65,73.81,79.35,85.01,3,critical,West Bengal
27.08097,93.76862,823.5,33.56,41.87,84.46,5.21,75.0,49.76,56.43,42.29,1,moderate,Arunachal Pradesh
24.84288,93.9409,1013.0,29.86,58.79,120.68,4.2,64.54,51.14,80.18,49.34,1,moderate,Manipur
25.78663,94.08928,1444.3,50.08,92.42,268.15,12.55,90.26,84.8,82.04,87.0,3,critical,Nagaland
31.12363,77.1368,2223.5,54.85,146.42,349.68,31.2,67.73,83.79,96.21,98.38,3,critical,Himachal Pradesh
26.01032,91.81173,50.0,22.63,48.78,109.21,3.67,43.17,60.35,68.57,38.86,0,low,Assam
27.23206,88.50138,1888.7,56.34,190.45,534.89,32.83,90.82,94.35,90.12,100.0,3,critical,Sikkim
27.0351,88.2736,1964.5,40.72,43.08,107.61,2.74,75.0,46.92,75.41,51.19,1,moderate,West Bengal
25.41519,92.03939,1899.3,43.16,44.07,106.13,3.01,35.0,65.41,69.86,41.08,1,moderate,Meghalaya
25.53303,92.02039,2039.1,39.38,16.25,16.93,0.68,33.94,27.33,73.59,27.71,0,low,Meghalaya
27.35931,88.65165,1860.0,46.98,48.0,157.04,4.17,41.97,50.62,77.09,51.21,1,moderate,Sikkim
23.50543,93.27191,1381.0,53.48,38.94,98.99,2.6,49.1,48.73,64.17,51.68,1,moderate,Mizoram
23.46523,93.38886,1639.4,55.13,13.73,13.75,0.72,36.57,22.16,57.22,36.7,0,low,Mizoram
26.27617,91.7179,50.0,35.2,0.62,7.56,0.04,24.97,26.03,84.04,25.72,0,low,Assam
23.48178,93.2948,1611.1,43.06,62.64,139.61,4.71,70.24,54.95,71.67,60.27,2,high,Mizoram
25.56434,94.25506,1515.9,51.79,5.42,10.49,0.34,37.8,14.75,63.88,32.61,0,low,Nagaland
25.65313,94.17842,1257.1,47.38,38.94,66.8,2.69,63.07,44.72,72.95,44.5,1,moderate,Nagaland
26.21875,91.62364,180.7,28.38,106.23,312.03,11.52,89.78,76.72,68.63,80.04,3,critical,Assam
26.05373,91.76861,50.0,42.75,3.05,10.02,0.14,19.42,22.79,68.2,28.88,0,low,Assam
25.58176,91.82654,1932.1,31.28,7.79,54.85,0.47,39.66,28.52,78.19,28.05,0,low,Meghalaya
31.23681,77.20238,2166.5,55.89,159.46,507.75,30.7,82.0,82.29,88.79,100.0,3,critical,Himachal Pradesh
25.70942,94.04797,1693.7,28.46,155.15,252.46,25.87,72.23,69.68,72.53,77.28,2,high,Nagaland
30.85409,79.00258,3355.8,54.51,55.03,85.81,3.75,56.32,47.66,99.48,54.13,1,moderate,Uttarakhand
11.49641,76.19744,896.4,42.54,1.51,22.66,0.09,34.19,31.9,97.07,37.79,0,low,Kerala
30.80196,79.01238,3342.7,67.41,4.18,8.5,0.18,34.1,29.48,100.0,40.53,1,moderate,Uttarakhand
31.08146,77.38106,2361.1,56.02,64.77,212.1,14.86,69.16,77.91,90.85,72.19,2,high,Himachal Pradesh
25.4898,91.70572,2015.1,42.58,45.17,61.81,2.57,27.73,13.22,89.45,38.35,0,low,Meghalaya
25.74239,91.79051,1792.9,35.96,68.23,217.69,8.18,80.05,68.82,85.26,67.34,2,high,Meghalaya
25.68188,94.13032,1399.4,62.67,149.15,336.16,15.3,69.63,70.05,70.79,93.73,3,critical,Nagaland
11.82165,75.98435,1216.5,48.88,41.57,71.72,2.54,36.71,27.46,90.91,45.04,1,moderate,Kerala
24.78533,93.94128,770.9,38.75,50.16,127.11,4.75,39.54,46.85,77.4,41.87,1,moderate,Manipur
30.78618,79.11649,3495.0,51.71,114.76,329.51,17.44,83.29,79.42,90.4,90.65,3,critical,Uttarakhand
26.03216,91.73794,139.9,20.51,26.12,34.53,1.12,32.56,25.11,66.47,23.36,0,low,Assam
30.75502,78.92386,3504.4,48.14,15.68,26.32,0.74,23.98,32.33,98.94,34.76,0,low,Uttarakhand
24.81077,93.88149,844.7,39.33,33.89,128.63,4.36,55.23,54.55,83.52,52.64,1,moderate,Manipur
24.80575,94.02248,802.5,41.23,52.22,136.23,5.06,45.47,51.54,85.39,48.23,1,moderate,Manipur
27.51413,88.54895,1800.7,48.86,123.08,312.7,17.37,94.71,77.51,80.31,89.27,3,critical,Sikkim
26.15247,91.72072,209.2,25.17,155.86,394.32,28.21,72.37,71.27,67.4,79.94,2,high,Assam
31.18175,77.19564,2139.2,44.22,204.37,420.66,59.29,93.54,90.75,83.9,100.0,3,critical,Himachal Pradesh
27.35226,88.62245,1489.4,59.73,10.29,16.19,0.53,10.14,22.15,93.48,38.44,0,low,Sikkim
11.46865,76.08312,785.3,51.35,53.6,117.34,4.82,63.52,30.0,98.46,63.71,2,high,Kerala
11.69228,76.14549,748.3,49.76,191.68,349.4,71.62,90.41,93.56,80.22,100.0,3,critical,Kerala
31.22427,77.10653,2337.3,33.94,40.46,77.41,3.03,44.32,46.67,85.9,36.23,0,low,Himachal Pradesh
26.16374,91.79389,50.0,34.93,123.13,271.39,16.62,78.13,84.17,67.89,71.42,2,high,Assam
30.64134,78.96352,3771.0,56.83,34.52,118.63,2.7,45.74,55.42,100.0,53.62,1,moderate,Uttarakhand
27.37079,88.66742,1822.0,51.48,59.79,134.56,5.25,65.15,30.0,90.66,56.55,1,moderate,Sikkim
25.61112,92.00844,2042.0,38.56,44.5,104.83,4.14,61.35,54.91,95.59,50.52,1,moderate,Meghalaya
27.42579,88.66562,1689.5,51.98,121.85,406.97,33.55,92.38,91.25,80.53,100.0,3,critical,Sikkim
27.15292,93.59641,608.3,39.8,106.56,307.85,26.49,95.0,63.18,56.94,83.43,3,critical,Arunachal Pradesh
25.11858,91.75492,1251.8,44.82,46.37,110.53,4.93,46.32,47.95,96.27,52.25,1,moderate,Meghalaya
23.36305,93.27887,1905.0,43.75,31.5,36.23,2.05,49.16,34.84,65.87,39.63,0,low,Mizoram
31.11598,77.20421,2353.5,56.0,58.91,91.99,7.59,44.12,59.81,100.0,51.99,1,moderate,Himachal Pradesh
26.19554,91.61412,50.0,26.5,32.85,35.37,1.43,16.64,9.49,66.68,17.81,0,low,Assam
31.23946,77.07721,2180.7,66.53,54.93,106.27,3.66,65.73,68.17,83.96,67.06,2,high,Himachal Pradesh
30.70886,79.17236,3290.0,54.58,33.05,87.03,3.09,69.36,61.11,94.47,57.34,1,moderate,Uttarakhand
23.41992,93.38527,1648.0,40.3,3.77,23.24,0.26,27.33,28.0,79.66,26.49,0,low,Mizoram
24.79946,93.94403,620.0,37.69,29.47,115.75,2.65,64.17,62.06,74.07,47.79,1,moderate,Manipur
11.62017,76.15105,833.0,34.93,169.34,380.22,18.99,86.68,74.17,91.09,92.58,3,critical,Kerala
26.9923,88.21138,2009.8,51.75,150.18,327.75,16.43,76.71,90.0,85.06,91.57,3,critical,West Bengal
27.39349,88.5402,1553.3,58.07,53.96,121.09,3.79,55.67,63.71,95.91,54.23,1,moderate,Sikkim
25.51695,91.88204,1984.6,43.56,135.32,269.53,20.32,76.25,76.88,84.81,80.06,3,critical,Meghalaya
11.66184,76.15406,1257.8,39.87,2.51,38.88,0.15,37.71,36.78,100.0,35.33,0,low,Kerala
31.12577,77.19978,1989.9,41.67,19.98,65.62,1.83,69.48,40.67,75.34,39.63,0,low,Himachal Pradesh
25.59092,92.05581,2120.3,53.31,149.04,361.24,15.83,70.92,88.16,86.75,90.93,3,critical,Meghalaya
23.67841,93.36836,1680.7,39.72,121.52,326.44,20.72,75.1,84.83,66.76,80.61,3,critical,Mizoram
27.25816,88.60843,1594.0,43.32,51.26,138.07,4.18,56.72,50.66,87.78,56.98,1,moderate,Sikkim
25.47325,91.81472,1978.8,35.57,5.2,5.81,0.24,27.89,19.89,84.69,21.18,0,low,Meghalaya
27.08246,88.57422,1646.6,50.43,169.42,474.24,44.87,88.96,98.0,100.0,100.0,3,critical,Sikkim
25.4399,91.7474,2197.9,37.11,213.07,575.74,89.52,82.39,85.33,94.09,100.0,3,critical,Meghalaya
27.45473,88.6061,1463.0,42.86,108.26,405.31,24.85,70.35,89.2,91.78,89.28,3,critical,Sikkim
27.41199,88.53042,1557.2,58.31,81.86,303.25,12.88,89.25,60.43,97.22,86.82,3,critical,Sikkim
31.11947,77.1397,2423.0,62.1,16.7,90.58,1.29,58.54,66.09,100.0,60.16,2,high,Himachal Pradesh
31.19086,77.17966,2310.7,43.63,48.07,116.45,6.7,43.36,48.0,68.62,49.4,1,moderate,Himachal Pradesh
25.68199,94.00683,1642.2,38.1,160.56,449.2,19.48,94.22,73.25,84.76,98.13,3,critical,Nagaland
31.10583,77.20842,2181.1,62.21,115.06,280.41,25.07,78.4,65.79,82.64,95.71,3,critical,Himachal Pradesh
23.3744,93.41404,1691.3,59.1,106.65,297.24,15.22,94.58,72.19,68.27,88.35,3,critical,Mizoram
25.21297,91.73851,1391.8,60.03,61.37,97.82,7.85,57.44,35.92,70.79,56.78,1,moderate,Meghalaya
27.04181,93.71594,663.2,36.75,77.88,276.73,8.77,74.3,67.41,55.88,62.11,2,high,Arunachal Pradesh
26.91267,88.19021,2143.5,41.5,25.29,27.5,1.74,13.01,24.93,93.47,26.47,0,low,West Bengal
26.32803,91.83166,287.5,36.96,15.59,20.09,0.71,10.0,19.39,72.88,22.0,0,low,Assam
24.64806,93.96777,650.3,42.15,46.38,46.38,3.44,50.42,47.41,69.67,43.0,1,moderate,Manipur
31.09547,77.19508,2407.8,39.74,25.03,74.67,2.08,68.79,48.31,91.95,49.31,1,moderate,Himachal Pradesh
27.18542,93.57629,798.5,31.15,41.68,100.28,2.66,41.65,41.87,73.21,39.52,0,low,Arunachal Pradesh
23.33139,93.35525,1564.7,33.72,149.19,348.71,17.57,75.57,67.68,72.15,77.2,2,high,Mizoram
31.1112,77.27816,2213.1,54.31,192.56,588.33,43.68,94.29,77.3,77.5,100.0,3,critical,Himachal Pradesh
31.23489,77.178,2163.2,53.09,2.49,40.5,0.12,25.64,25.11,79.8,37.31,0,low,Himachal Pradesh
27.23428,88.41559,1595.1,51.43,124.29,294.17,18.9,92.95,71.95,81.93,93.21,3,critical,Sikkim
11.63426,76.06395,1108.0,44.65,6.86,23.33,0.31,32.46,29.22,82.88,32.95,0,low,Kerala
31.3757,77.13419,2420.6,49.57,80.12,288.08,17.66,65.0,66.46,85.68,74.22,2,high,Himachal Pradesh
27.1457,88.12007,2096.1,35.64,45.01,96.33,5.35,40.29,55.12,76.29,43.17,1,moderate,West Bengal
27.04649,88.26587,1668.7,51.56,56.32,126.4,4.72,75.0,52.1,78.64,60.62,2,high,West Bengal
30.57212,79.08468,3500.8,68.92,3.53,39.18,0.27,22.13,36.62,97.63,47.76,1,moderate,Uttarakhand
23.57806,93.39607,1622.6,46.8,138.48,245.9,13.98,86.07,76.9,71.01,90.83,3,critical,Mizoram
11.5272,76.03391,971.2,46.59,9.28,13.22,0.48,17.04,18.29,92.82,26.75,0,low,Kerala
24.82764,93.97426,741.8,35.1,254.68,512.7,55.0,98.03,88.39,65.95,100.0,3,critical,Manipur
24.93727,93.75325,628.9,52.46,17.69,24.95,0.91,16.99,33.18,78.24,29.71,0,low,Manipur
25.50701,91.75361,2106.8,43.15,39.12,89.56,3.82,58.63,31.05,78.39,45.0,1,moderate,Meghalaya
27.27819,88.5836,1294.6,50.42,53.51,115.36,8.16,50.63,65.4,96.39,59.75,1,moderate,Sikkim
25.22647,91.71698,1436.1,39.98,4.77,10.94,0.39,24.87,23.17,97.93,24.94,0,low,Meghalaya
24.77014,93.88829,724.5,35.99,97.08,250.45,20.45,83.99,77.3,91.59,75.81,2,high,Manipur
31.01492,77.23201,2348.1,42.67,0.16,31.72,0.01,37.25,17.44,100.0,24.66,0,low,Himachal Pradesh
25.76686,94.13953,1470.9,40.81,3.66,13.1,0.16,24.62,27.52,78.24,26.81,0,low,Nagaland
25.60152,94.02914,1158.4,58.1,9.32,19.93,0.52,23.14,26.52,79.69,35.39,0,low,Nagaland
24.77378,93.90712,629.0,38.55,64.04,133.11,4.07,47.38,55.56,82.03,47.95,1,moderate,Manipur
31.12386,77.11164,2310.5,62.95,58.83,111.25,5.74,65.5,39.16,96.18,66.56,2,high,Himachal Pradesh
25.67935,94.08357,1739.7,59.33,4.06,20.22,0.18,24.13,26.93,84.92,33.38,0,low,Nagaland
24.8004,93.81701,764.0,29.08,109.32,278.29,10.96,76.93,90.0,79.46,75.81,2,high,Manipur
27.40054,88.6553,1572.8,43.66,264.39,531.47,75.21,96.93,94.74,78.43,100.0,3,critical,Sikkim
11.78395,76.13608,1182.5,60.57,46.07,103.28,3.51,46.26,38.14,86.4,52.05,1,moderate,Kerala
27.06097,88.31223,1983.2,54.05,70.13,116.67,9.71,53.15,52.52,67.32,56.25,1,moderate,West Bengal
25.05914,91.73027,1479.2,55.39,46.29,99.57,6.23,45.53,40.04,83.89,54.54,1,moderate,Meghalaya
27.31955,88.64691,1584.6,55.71,3.6,5.72,0.22,40.83,29.52,93.44,36.07,0,low,Sikkim
23.37633,93.32672,1518.2,36.28,141.58,255.37,32.01,74.37,90.0,85.45,79.95,2,high,Mizoram
26.14391,91.65533,355.3,39.86,198.07,614.96,48.32,91.97,86.57,75.53,100.0,3,critical,Assam
26.98011,88.24883,2009.8,30.41,124.65,462.35,38.02,87.23,86.11,67.13,92.49,3,critical,West Bengal
30.73143,79.02147,3562.6,55.58,41.67,98.04,6.38,68.72,38.99,97.2,66.05,2,high,Uttarakhand
27.46481,88.44841,1813.7,54.0,36.74,75.32,3.82,42.48,36.82,96.39,50.59,1,moderate,Sikkim
25.69421,94.10104,1437.5,41.85,28.22,73.53,2.87,64.81,32.8,65.4,40.73,1,moderate,Nagaland
25.64816,92.03795,1954.8,59.27,108.59,348.26,20.25,76.14,69.41,85.73,91.28,3,critical,Meghalaya
27.4612,88.56973,1730.0,40.36,0.07,18.47,0.0,32.91,28.96,87.48,25.38,0,low,Sikkim
27.24492,93.60612,690.1,34.29,116.79,301.21,20.66,82.56,69.47,52.96,73.99,2,high,Arunachal Pradesh
24.84026,93.89669,707.2,38.09,25.53,120.82,1.71,56.71,54.97,81.8,38.53,0,low,Manipur
26.97365,88.26031,1960.0,54.92,7.29,17.25,0.45,45.09,35.67,74.81,43.36,1,moderate,West Bengal
26.04123,91.6591,71.8,43.52,133.68,245.96,19.19,82.87,81.47,63.87,87.3,3,critical,Assam
23.52817,93.27822,1872.8,36.55,180.88,409.08,29.27,79.17,73.24,89.06,92.76,3,critical,Mizoram
27.04661,93.59606,638.6,43.27,118.96,309.5,14.29,91.54,78.56,64.24,84.37,3,critical,Arunachal Pradesh
27.01508,88.20456,2246.3,43.79,111.09,255.93,17.03,81.17,90.0,75.5,80.1,3,critical,West Bengal
27.14734,88.59293,1720.3,53.22,51.56,133.45,5.08,54.0,46.08,98.86,57.78,1,moderate,Sikkim
11.60923,76.17788,1020.5,68.42,70.43,125.41,9.35,57.46,62.37,94.7,70.67,2,high,Kerala
25.62887,94.01485,1458.1,40.27,129.06,280.65,26.14,76.64,75.08,85.94,83.23,3,critical,Nagaland
24.828,93.84655,733.3,28.46,115.09,290.45,20.02,65.0,74.01,74.94,68.54,2,high,Manipur
31.08276,77.20057,2167.2,51.33,11.79,22.88,0.57,12.38,17.65,92.12,26.96,0,low,Himachal Pradesh
25.26608,91.71717,1479.6,59.61,28.84,101.98,2.38,64.94,38.88,99.04,58.84,1,moderate,Meghalaya
23.39797,93.33439,1603.3,42.22,126.51,280.23,21.79,80.92,59.43,61.89,82.89,3,critical,Mizoram
25.69096,93.98615,1408.1,50.61,17.1,72.61,1.57,64.06,64.94,83.4,50.81,1,moderate,Nagaland
24.81622,93.99117,1030.3,33.03,8.92,12.05,0.65,34.97,31.58,68.04,23.6,0,low,Manipur
27.27053,88.3016,2167.0,47.02,136.31,344.16,26.44,81.56,66.16,83.64,100.0,3,critical,West Bengal
23.41068,93.23567,1462.9,41.58,48.84,136.83,3.62,51.98,62.85,79.32,44.39,1,moderate,Mizoram
27.28568,88.62426,1860.1,55.65,8.25,16.15,0.39,50.0,38.3,82.57,39.87,0,low,Sikkim
27.48002,88.61836,1739.7,44.2,14.83,16.41,0.66,24.74,33.26,95.14,28.15,0,low,Sikkim
25.66976,94.14892,1470.6,55.84,182.62,469.12,52.32,85.04,88.07,79.93,100.0,3,critical,Nagaland
23.44756,93.34758,1672.5,41.08,131.97,315.89,22.56,71.37,82.47,64.71,82.95,3,critical,Mizoram
27.19854,93.52171,919.5,31.31,44.52,114.93,3.82,53.97,62.15,51.16,42.24,1,moderate,Arunachal Pradesh
11.70132,76.13139,876.8,45.75,154.1,319.94,24.66,79.55,64.79,91.62,97.56,3,critical,Kerala
26.08021,91.77483,50.0,20.99,8.28,29.79,0.39,34.88,25.68,75.07,18.18,0,low,Assam
27.01567,88.32643,1906.6,54.24,20.17,27.53,1.65,16.26,33.05,87.74,35.04,0,low,West Bengal
24.93395,93.88434,935.9,49.27,0.8,25.25,0.04,29.21,30.14,85.77,28.43,0,low,Manipur
24.80338,93.9738,516.2,33.3,7.12,35.3,0.45,19.95,25.67,79.27,20.59,0,low,Manipur
30.89968,78.95551,3618.4,47.8,93.75,183.01,10.56,75.2,72.34,86.5,72.98,2,high,Uttarakhand
23.51636,93.48199,1504.8,50.9,39.87,94.89,5.67,72.25,40.51,76.39,54.03,1,moderate,Mizoram
25.67394,91.79793,1809.1,27.92,104.89,277.29,20.65,86.02,71.29,81.43,69.97,2,high,Meghalaya
30.78746,79.12112,3508.7,53.81,5.15,9.55,0.35,32.75,29.27,92.93,34.82,0,low,Uttarakhand
26.94818,88.19191,1720.9,60.81,47.61,128.99,4.0,61.77,43.32,66.39,61.31,2,high,West Bengal
26.23928,91.79771,50.0,36.95,153.39,280.58,28.1,88.96,86.14,68.66,86.42,3,critical,Assam
24.79607,94.02152,865.2,41.32,0.23,2.24,0.01,35.21,17.35,85.59,26.99,0,low,Manipur
26.08708,91.80898,146.4,24.65,48.82,97.37,4.15,66.45,45.0,80.02,39.18,0,low,Assam
25.27676,91.64446,1573.4,66.6,8.02,35.61,0.33,35.05,10.43,91.86,43.9,1,moderate,Meghalaya
27.04301,93.65442,961.9,45.48,16.66,25.47,0.75,42.55,24.92,54.54,36.68,0,low,Arunachal Pradesh
24.77715,93.84338,878.9,43.69,41.5,94.89,6.24,60.07,56.98,75.83,47.94,1,moderate,Manipur
31.13901,77.19348,2378.3,43.33,231.25,563.99,88.22,94.93,75.0,87.14,100.0,3,critical,Himachal Pradesh
24.9231,94.02245,793.4,55.71,6.9,27.44,0.32,30.22,24.16,80.83,42.27,1,moderate,Manipur
27.06178,93.75365,620.9,39.91,43.11,62.15,2.7,54.42,59.04,59.42,38.91,0,low,Arunachal Pradesh
25.33877,91.73638,1600.9,44.9,283.92,549.24,59.11,85.91,92.17,83.21,100.0,3,critical,Meghalaya
25.70421,94.08114,1340.1,49.8,122.26,336.14,24.28,85.47,63.72,75.41,92.0,3,critical,Nagaland
27.22749,88.60426,1514.4,58.32,4.75,30.11,0.34,10.97,23.06,95.52,35.16,0,low,Sikkim
11.81358,76.12299,713.8,49.32,257.41,552.12,46.08,96.57,93.74,95.53,100.0,3,critical,Kerala
27.00596,93.5598,847.0,42.17,37.49,105.36,5.46,47.74,46.79,59.89,41.74,1,moderate,Arunachal Pradesh
31.12232,77.10298,2022.9,44.09,45.49,120.02,3.0,74.85,62.95,100.0,57.4,1,moderate,Himachal Pradesh
27.10564,93.67237,642.1,37.1,2.21,5.6,0.16,46.43,29.51,63.19,27.9,0,low,Arunachal Pradesh
25.62318,94.021,1384.8,39.15,92.97,316.62,10.0,88.76,64.51,85.76,74.53,2,high,Nagaland
26.11968,91.77794,81.1,47.51,1.05,31.11,0.07,34.81,32.35,64.4,33.09,0,low,Assam
27.30904,88.42311,1910.2,43.44,215.44,636.18,43.36,82.0,92.59,91.62,100.0,3,critical,Sikkim
25.63717,94.00925,1261.6,39.85,139.74,363.13,20.58,75.77,90.0,91.51,91.39,3,critical,Nagaland
25.41124,91.7624,1240.9,55.34,60.49,105.87,4.45,39.64,54.44,100.0,57.76,1,moderate,Meghalaya
25.61093,94.11899,1455.8,48.23,43.94,80.18,3.56,40.04,54.83,71.27,42.68,1,moderate,Nagaland
26.14383,91.70746,78.8,37.96,2.13,9.25,0.13,23.57,27.38,74.42,26.79,0,low,Assam
24.91577,93.85832,868.2,39.68,65.36,128.19,5.19,63.17,41.95,78.19,44.81,1,moderate,Manipur
27.10754,88.28956,2119.1,47.45,142.7,352.43,19.34,78.55,90.0,79.29,92.49,3,critical,West Bengal
23.6013,93.35862,1587.9,60.46,213.04,465.97,56.19,94.79,98.0,76.66,100.0,3,critical,Mizoram
30.57208,78.89603,3831.6,54.08,87.95,254.65,16.08,80.06,79.96,95.72,84.12,3,critical,Uttarakhand
11.64503,76.07083,950.4,43.86,73.0,121.25,7.07,51.95,53.47,86.47,53.7,1,moderate,Kerala
25.60162,94.00764,1631.9,39.13,34.8,109.49,4.69,44.96,54.99,83.31,45.05,1,moderate,Nagaland
25.75364,94.10901,1462.6,56.25,34.08,136.13,2.74,61.88,61.98,78.89,61.68,2,high,Nagaland
25.22889,91.63408,1697.7,48.11,31.07,117.48,4.03,57.03,56.0,90.2,54.72,1,moderate,Meghalaya
27.35647,88.7443,1453.5,55.85,142.77,336.68,31.98,82.48,87.98,100.0,100.0,3,critical,Sikkim
25.23382,91.53609,1192.4,54.08,132.76,311.8,28.68,75.43,74.96,98.29,91.35,3,critical,Meghalaya
27.2715,88.41629,1671.3,59.48,31.94,97.31,2.11,40.83,52.89,97.13,56.79,1,moderate,Sikkim
24.84574,93.96097,900.0,48.01,24.45,56.17,1.26,14.62,12.35,75.77,32.29,0,low,Manipur
25.34144,91.87637,1368.5,53.7,35.74,59.01,3.07,45.59,46.28,100.0,50.56,1,moderate,Meghalaya
25.63204,94.07825,1497.4,45.13,0.76,0.94,0.03,34.3,21.99,84.48,24.1,0,low,Nagaland
25.33007,91.78235,1575.8,47.89,73.24,265.63,8.0,85.29,65.34,87.2,73.84,2,high,Meghalaya
25.25157,91.65606,1563.5,56.28,31.06,74.49,2.87,47.05,40.78,77.23,45.46,1,moderate,Meghalaya
23.27074,93.35725,1998.0,40.99,55.16,128.63,4.29,74.85,57.07,60.23,52.05,1,moderate,Mizoram
27.0713,88.23718,2132.4,51.39,137.96,311.71,16.56,81.05,71.3,87.81,90.83,3,critical,West Bengal
23.40948,93.31377,1630.1,33.14,24.11,71.88,1.63,51.75,59.53,67.43,41.12,1,moderate,Mizoram
23.49576,93.24529,1982.4,44.9,15.98,18.79,0.83,18.77,25.56,65.97,25.93,0,low,Mizoram
27.3897,88.68206,1754.1,35.15,165.82,336.63,25.11,74.68,67.61,98.55,86.23,3,critical,Sikkim
25.27125,91.80218,1293.8,60.15,150.92,367.98,27.02,71.21,76.72,96.09,100.0,3,critical,Meghalaya
24.78529,93.95766,660.1,43.91,0.73,28.15,0.05,10.0,35.09,100.0,25.08,0,low,Manipur
25.50995,91.76561,2027.2,30.53,13.4,64.01,0.9,50.15,30.35,78.3,27.6,0,low,Meghalaya
30.7664,79.03958,3492.2,50.2,7.97,13.5,0.38,41.27,38.83,96.86,38.01,0,low,Uttarakhand
25.51529,93.98047,1692.2,58.02,28.27,104.41,1.95,65.37,34.93,84.03,52.34,1,moderate,Nagaland
31.01891,77.13083,2075.9,53.11,127.97,302.76,15.62,72.74,79.91,87.21,84.67,3,critical,Himachal Pradesh
25.66458,94.00193,1684.3,61.42,14.38,20.41,0.68,16.13,29.36,74.37,38.85,0,low,Nagaland
25.60842,91.89114,2158.1,41.88,0.53,7.7,0.03,27.86,32.78,78.06,29.83,0,low,Meghalaya
31.1018,77.21092,2207.5,43.91,3.69,24.65,0.23,44.83,32.0,91.82,34.43,0,low,Himachal Pradesh
25.78314,94.00931,1534.6,41.53,45.95,98.1,5.95,74.04,52.63,92.22,53.17,1,moderate,Nagaland
27.20591,93.55426,1044.1,40.66,37.25,79.57,4.04,58.3,36.91,61.47,44.66,1,moderate,Arunachal Pradesh
31.15715,77.15737,2007.4,53.02,57.94,120.2,8.57,75.0,34.52,84.61,65.63,2,high,Himachal Pradesh
27.14667,88.32513,2010.5,29.81,189.55,526.1,88.98,95.06,96.45,71.8,100.0,3,critical,West Bengal
24.7448,94.14582,755.2,39.95,17.56,58.6,1.84,62.23,37.31,97.56,41.7,1,moderate,Manipur
30.69293,79.12027,3528.0,38.2,236.62,624.21,53.74,82.0,81.97,100.0,100.0,3,critical,Uttarakhand
27.02343,93.61379,801.4,23.34,1.86,4.81,0.1,20.41,31.85,61.44,16.92,0,low,Arunachal Pradesh
24.68928,93.93077,713.5,35.88,110.02,318.85,27.49,95.0,79.26,80.62,86.97,3,critical,Manipur
23.37948,93.20243,1418.5,49.26,129.28,276.34,13.8,74.04,76.3,62.36,79.37,2,high,Mizoram
30.77565,79.02083,3572.8,42.67,2.96,11.17,0.13,24.5,31.11,99.36,30.89,0,low,Uttarakhand
25.58243,91.89436,1802.4,46.99,0.94,13.37,0.07,32.14,21.61,84.07,28.56,0,low,Meghalaya
23.45592,93.48383,1739.0,41.68,257.35,579.91,120.49,93.2,92.45,91.2,100.0,3,critical,Mizoram
31.07425,77.21312,2076.2,54.93,0.92,57.06,0.08,31.28,30.51,78.33,38.88,0,low,Himachal Pradesh
11.75227,76.16057,807.9,51.97,160.08,462.68,30.08,96.03,75.0,100.0,100.0,3,critical,Kerala
31.05075,77.21722,2230.8,56.68,40.8,110.01,3.14,54.95,42.72,82.04,56.57,1,moderate,Himachal Pradesh
31.05797,77.04306,2169.9,57.53,152.48,389.8,27.97,65.0,77.62,84.07,95.73,3,critical,Himachal Pradesh
31.11202,77.25234,2226.6,61.36,121.0,283.78,20.49,74.47,70.34,84.7,90.87,3,critical,Himachal Pradesh
31.10847,77.19993,2285.4,64.05,8.48,22.74,0.36,28.62,25.91,83.47,42.92,1,moderate,Himachal Pradesh
25.58617,91.85576,1984.3,38.81,3.51,22.45,0.27,31.51,29.79,85.94,30.9,0,low,Meghalaya
24.93059,93.85821,403.6,34.71,263.56,691.15,44.45,86.07,89.15,72.33,100.0,3,critical,Manipur
11.71435,76.2673,874.1,53.41,13.43,20.82,0.99,38.13,18.45,100.0,38.85,0,low,Kerala
27.10171,93.53437,967.1,29.85,112.97,293.31,27.49,86.12,74.02,50.11,81.17,3,critical,Arunachal Pradesh
26.27708,91.60041,172.2,37.27,20.0,27.57,1.32,35.8,9.01,62.51,31.38,0,low,Assam
27.05646,88.30641,1681.7,42.37,189.63,415.01,19.47,95.0,78.64,77.07,100.0,3,critical,West Bengal
11.76789,76.10288,1176.9,59.06,5.14,5.87,0.38,24.41,24.09,100.0,36.33,0,low,Kerala
23.47265,92.96275,1566.5,46.68,47.78,134.4,7.37,60.39,58.09,64.8,53.22,1,moderate,Mizoram
27.19501,93.87113,619.0,38.74,180.93,343.99,18.65,73.86,82.55,56.95,85.77,3,critical,Arunachal Pradesh
25.77857,94.06918,1599.5,47.99,137.06,350.57,14.0,87.75,77.55,86.94,92.38,3,critical,Nagaland
24.80249,94.00655,765.4,24.38,8.02,11.56,0.58,20.25,26.39,94.03,18.5,0,low,Manipur
26.23509,91.86299,309.5,46.54,37.5,74.05,3.13,63.92,33.12,67.13,47.13,1,moderate,Assam
25.40514,91.86359,1613.6,46.42,19.93,102.46,2.0,62.79,40.27,89.08,49.49,1,moderate,Meghalaya
26.25412,91.62981,50.0,28.76,44.06,126.22,2.89,48.81,51.41,57.98,39.2,0,low,Assam
25.59308,94.01969,1497.9,46.62,204.42,477.3,70.9,87.58,95.81,87.16,100.0,3,critical,Nagaland
27.13022,93.69354,1037.2,31.72,54.92,118.35,5.95,53.5,45.18,49.04,44.54,1,moderate,Arunachal Pradesh
27.05033,88.42018,1848.0,39.21,18.72,32.19,1.14,27.82,33.74,67.31,28.13,0,low,West Bengal
25.65825,94.13831,1320.6,56.35,100.88,245.94,10.09,72.18,66.95,70.21,71.79,2,high,Nagaland
25.54179,91.79107,2055.0,41.61,78.61,141.25,6.67,61.86,48.55,77.09,56.39,1,moderate,Meghalaya
25.63816,91.74355,2147.7,59.85,1.27,5.09,0.07,37.71,28.94,74.43,41.47,1,moderate,Meghalaya
25.49191,91.96327,1711.0,30.04,0.48,23.16,0.03,30.25,29.25,86.09,26.51,0,low,Meghalaya
27.04671,88.23467,2045.9,46.18,6.22,20.45,0.27,28.43,31.51,72.79,31.76,0,low,West Bengal
23.37122,93.37655,1879.9,47.24,69.53,138.37,5.36,46.54,32.0,57.63,49.24,1,moderate,Mizoram
11.77406,75.90718,1085.7,44.35,227.65,566.56,48.29,89.36,95.88,82.4,100.0,3,critical,Kerala
11.79932,76.01938,1118.3,47.07,26.11,77.59,2.27,67.19,41.09,92.7,50.56,1,moderate,Kerala
25.68408,94.17935,1395.4,38.73,117.33,311.2,20.02,84.04,66.29,83.74,83.89,3,critical,Nagaland
25.68196,94.06044,1287.3,49.92,21.49,102.88,3.03,48.88,34.12,77.34,39.53,0,low,Nagaland
11.65651,76.12558,871.1,61.47,10.1,33.38,0.73,50.0,32.15,90.68,40.35,1,moderate,Kerala
25.59873,91.74698,2045.7,47.48,183.09,458.82,37.92,82.25,75.99,77.96,100.0,3,critical,Meghalaya
11.76134,76.01979,975.7,47.56,64.28,107.73,4.27,62.0,51.61,85.54,55.6,1,moderate,Kerala
24.99718,93.92165,1139.4,54.85,39.85,72.58,6.52,55.86,59.31,88.18,47.27,1,moderate,Manipur
26.15964,91.77468,208.6,23.73,2.82,48.65,0.21,33.03,22.33,76.59,18.52,0,low,Assam
26.22274,91.71462,50.0,22.6,144.0,619.38,53.24,97.2,93.92,62.41,100.0,3,critical,Assam
25.54318,91.75617,2030.2,34.61,49.41,112.59,5.72,46.65,67.65,81.39,53.21,1,moderate,Meghalaya
24.71789,93.84985,797.9,44.53,91.53,285.0,13.89,85.81,76.84,74.86,78.23,2,high,Manipur
26.10397,91.69168,120.9,36.03,139.59,238.36,24.97,77.29,72.97,53.2,77.18,2,high,Assam
25.29227,91.68926,1303.0,43.32,50.39,84.22,8.04,75.0,53.96,88.17,56.85,1,moderate,Meghalaya
30.79686,79.16743,3597.4,63.31,53.57,142.21,5.65,62.48,64.35,96.12,64.57,2,high,Uttarakhand
24.83113,94.01038,529.4,45.21,44.93,87.67,3.52,35.0,49.12,91.52,41.06,1,moderate,Manipur
25.39246,91.8275,1398.0,59.93,204.83,491.01,82.41,89.95,83.71,93.19,100.0,3,critical,Meghalaya
25.16131,91.64362,1126.7,47.19,176.5,417.25,40.99,82.0,96.12,87.21,100.0,3,critical,Meghalaya
25.28802,91.70044,1410.3,54.61,71.8,252.43,9.35,79.31,62.08,88.51,78.93,2,high,Meghalaya
25.57605,94.17039,1206.8,35.33,2.24,3.96,0.15,32.66,36.9,72.93,26.98,0,low,Nagaland
11.75857,76.06976,990.3,41.54,22.58,34.09,1.08,42.78,14.77,94.26,34.02,0,low,Kerala
25.93793,91.76934,51.0,38.68,155.89,313.24,18.07,85.66,68.8,62.83,86.37,3,critical,Assam
23.55485,93.42339,1791.9,41.02,68.53,141.16,4.58,56.13,42.19,72.47,47.85,1,moderate,Mizoram
26.96677,88.20242,2214.9,44.12,118.81,306.47,26.39,79.34,58.3,97.05,86.77,3,critical,West Bengal
30.89567,79.14047,3736.2,65.01,2.42,55.36,0.11,34.64,28.46,100.0,49.44,1,moderate,Uttarakhand
25.49243,91.83619,1764.1,43.93,62.69,123.71,8.0,57.52,61.11,87.6,57.51,1,moderate,Meghalaya
30.80265,78.97388,3882.2,75.0,2.49,14.27,0.11,42.96,14.02,99.34,53.69,1,moderate,Uttarakhand
23.50033,93.4042,1833.6,35.98,140.07,485.23,42.67,91.03,75.0,79.91,100.0,3,critical,Mizoram
31.13064,77.13882,1941.6,44.07,83.59,188.61,12.51,95.0,77.32,80.35,74.81,2,high,Himachal Pradesh
11.66173,76.13005,1118.9,42.49,4.37,9.68,0.32,32.91,30.9,95.63,29.93,0,low,Kerala
24.7861,94.05346,894.1,28.76,193.12,428.47,41.23,92.86,92.33,71.28,100.0,3,critical,Manipur
25.19393,91.75548,1281.2,42.94,128.92,272.35,15.1,75.39,59.62,93.51,78.6,2,high,Meghalaya
27.37443,88.67881,1706.9,45.31,59.22,102.85,3.97,53.66,65.08,87.55,53.71,1,moderate,Sikkim
27.01903,93.6803,583.0,45.4,97.5,295.36,22.24,91.67,67.9,52.3,77.54,2,high,Arunachal Pradesh
30.82108,79.05261,3690.1,62.9,8.25,9.16,0.59,34.32,14.78,86.45,43.14,1,moderate,Uttarakhand
25.55415,94.23472,1379.5,63.83,43.4,90.75,4.96,35.0,38.9,91.82,56.86,1,moderate,Nagaland
31.07882,77.23341,2403.8,42.39,153.19,404.37,20.57,74.8,71.89,88.59,93.3,3,critical,Himachal Pradesh
30.81758,78.98252,3607.8,56.24,30.58,57.9,4.84,51.1,50.74,98.57,53.99,1,moderate,Uttarakhand
25.69136,94.24319,1313.1,41.55,112.32,254.23,12.07,79.33,55.0,80.28,71.95,2,high,Nagaland
24.98343,94.02816,874.7,55.47,118.13,304.36,15.05,87.48,89.23,81.42,83.65,3,critical,Manipur
23.51384,93.26547,1783.6,49.23,107.77,308.48,14.41,86.63,78.28,77.79,83.54,3,critical,Mizoram
27.11804,93.77407,732.6,39.0,14.03,21.53,1.04,35.13,7.61,64.22,26.2,0,low,Arunachal Pradesh
25.76218,94.07426,1463.0,40.01,63.52,110.67,4.32,65.55,52.88,62.81,52.41,1,moderate,Nagaland
30.65247,79.01297,3639.4,41.61,272.26,582.14,48.14,99.0,88.14,95.58,100.0,3,critical,Uttarakhand
25.55154,91.89646,1973.7,47.48,45.99,141.26,2.89,65.36,52.65,87.5,53.95,1,moderate,Meghalaya
27.33435,88.67104,1422.2,65.22,65.4,121.0,7.98,63.87,65.9,93.2,75.5,2,high,Sikkim
30.98807,77.11411,2196.0,40.19,67.01,210.28,7.63,69.52,85.13,94.32,63.76,2,high,Himachal Pradesh
24.81227,93.89496,937.8,48.93,97.09,215.37,12.64,91.91,74.97,91.65,80.66,3,critical,Manipur
31.1278,77.16103,2217.6,53.24,74.28,288.41,7.7,77.17,78.7,90.24,76.68,2,high,Himachal Pradesh
23.34419,93.32371,1977.1,45.26,17.81,41.36,1.31,30.21,31.2,72.86,32.01,0,low,Mizoram
30.70565,79.09453,3581.9,60.8,147.07,304.01,16.34,95.0,81.96,92.63,100.0,3,critical,Uttarakhand
27.37076,88.52676,1431.4,65.81,208.11,416.3,40.96,91.86,90.56,93.64,100.0,3,critical,Sikkim
27.34176,88.50095,1693.1,36.17,55.87,122.84,4.56,56.84,54.42,94.55,46.85,1,moderate,Sikkim
30.77692,78.83588,3339.1,60.58,37.67,98.3,3.09,75.0,49.17,81.91,62.73,2,high,Uttarakhand
25.39276,91.81979,1361.0,52.35,275.35,577.91,60.48,89.03,92.11,92.03,100.0,3,critical,Meghalaya
26.14599,91.75188,50.0,36.26,92.88,342.55,13.39,72.81,57.59,70.57,69.98,2,high,Assam
27.06788,93.63023,715.2,31.48,63.32,221.71,6.71,74.4,71.36,45.27,51.17,1,moderate,Arunachal Pradesh
25.35563,91.83175,1413.4,44.89,50.07,115.19,4.24,60.8,53.81,91.55,54.15,1,moderate,Meghalaya
11.79323,76.15125,1101.8,35.01,10.07,52.21,0.98,71.73,54.44,92.18,42.87,1,moderate,Kerala
25.25388,91.72948,1519.8,53.35,122.46,358.32,14.39,83.32,75.84,86.13,96.03,3,critical,Meghalaya
30.80383,78.99816,3576.7,52.28,27.17,108.25,3.66,58.11,57.36,100.0,52.81,1,moderate,Uttarakhand
25.25503,91.80886,1608.1,68.72,13.15,16.26,0.59,33.26,26.35,96.64,52.59,1,moderate,Meghalaya
30.65272,79.01351,3801.4,48.26,23.54,69.71,2.02,49.45,34.81,91.6,38.39,0,low,Uttarakhand
27.1275,93.52828,861.6,30.12,177.22,286.75,22.94,80.02,76.11,65.59,83.72,3,critical,Arunachal Pradesh
27.05356,88.27716,2080.6,50.17,62.85,221.47,10.55,88.54,83.83,79.24,79.2,2,high,West Bengal
24.83425,93.95635,679.8,43.86,31.1,108.75,2.24,62.03,57.91,69.36,48.03,1,moderate,Manipur
25.27447,91.70523,1601.9,25.3,116.83,363.52,21.64,76.71,78.56,91.87,83.39,3,critical,Meghalaya
30.94955,77.13558,2330.2,32.94,32.82,76.72,4.93,66.07,49.95,91.44,47.36,1,moderate,Himachal Pradesh
26.97145,93.62272,879.3,46.65,13.84,27.7,0.71,23.1,26.34,70.39,28.42,0,low,Arunachal Pradesh
25.58737,94.08436,1239.6,38.5,25.78,42.29,1.13,24.86,39.81,82.73,32.88,0,low,Nagaland
25.26282,91.84521,1328.5,62.41,8.72,13.42,0.4,15.69,21.43,91.68,33.59,0,low,Meghalaya
24.9433,94.06503,657.5,31.2,14.62,15.37,0.92,32.58,27.43,89.83,22.87,0,low,Manipur
27.10249,93.68012,758.0,44.04,58.32,85.0,5.65,62.14,70.0,41.69,50.71,1,moderate,Arunachal Pradesh
25.5339,91.98975,1869.3,40.07,50.61,107.86,3.23,37.31,53.15,71.39,42.34,1,moderate,Meghalaya
27.23909,88.62853,1551.6,60.89,140.38,334.88,22.18,88.99,90.0,100.0,100.0,3,critical,Sikkim
24.96969,93.94979,638.4,34.28,55.26,125.77,4.94,53.61,43.22,93.78,41.91,1,moderate,Manipur
27.14154,88.22807,1984.9,33.34,48.7,73.91,3.39,59.6,55.84,89.8,46.18,1,moderate,West Bengal
24.75243,93.98184,831.4,45.04,6.76,12.12,0.52,23.19,30.01,85.12,31.19,0,low,Manipur
23.53947,93.19369,1626.8,46.25,12.84,15.37,0.74,30.79,21.18,70.05,25.69,0,low,Mizoram
27.08096,88.26229,2116.3,31.97,11.66,14.92,0.66,11.25,15.32,70.12,12.1,0,low,West Bengal
23.4533,93.22926,1514.3,31.27,274.24,605.26,72.24,85.32,87.92,78.14,100.0,3,critical,Mizoram
24.77528,93.94335,953.6,45.8,51.72,105.76,6.05,71.05,51.88,71.79,56.5,1,moderate,Manipur
30.77955,79.15028,3562.6,63.43,11.8,21.36,0.59,29.38,29.32,91.76,42.71,1,moderate,Uttarakhand
25.42602,91.853,1915.7,54.7,124.98,310.25,20.29,81.2,63.9,88.2,91.91,3,critical,Meghalaya
27.12678,93.60748,468.3,43.66,0.71,6.53,0.04,20.33,16.2,43.4,22.17,0,low,Arunachal Pradesh
25.22859,91.7479,1427.5,57.51,104.07,337.03,14.07,70.95,80.84,100.0,87.92,3,critical,Meghalaya
23.30948,93.37459,1672.2,40.26,132.99,366.98,17.79,74.42,76.37,59.61,85.0,3,critical,Mizoram
25.73363,94.16496,1418.2,42.59,39.6,112.92,3.99,68.49,51.2,87.34,50.09,1,moderate,Nagaland
27.04077,88.36786,2002.1,45.01,234.66,502.96,52.07,91.5,89.72,92.42,100.0,3,critical,West Bengal
30.76609,79.12817,3577.2,35.46,21.93,34.05,1.32,10.0,15.51,100.0,27.48,0,low,Uttarakhand
31.08821,77.08461,2407.9,48.07,31.58,80.3,1.93,26.07,26.45,68.15,38.72,0,low,Himachal Pradesh
25.58503,91.85898,2078.0,32.61,294.15,596.18,68.77,99.0,93.58,82.15,100.0,3,critical,Meghalaya
11.69005,76.07656,1283.9,61.09,0.48,43.48,0.03,28.98,12.81,84.85,34.65,0,low,Kerala
27.1262,93.55098,768.8,51.68,24.3,62.29,2.41,35.0,66.15,49.26,40.18,1,moderate,Arunachal Pradesh
25.60123,91.95587,2035.8,26.46,85.33,312.13,11.31,77.83,78.42,83.76,65.29,2,high,Meghalaya
25.6826,94.02952,1468.1,56.72,9.95,10.06,0.59,33.22,38.75,80.09,35.68,0,low,Nagaland
24.94543,93.79402,659.3,37.65,141.33,277.52,19.2,87.92,58.36,82.19,85.94,3,critical,Manipur
27.06207,88.19886,2178.6,53.31,199.24,456.65,41.37,87.54,88.65,87.38,100.0,3,critical,West Bengal
11.68417,76.21667,944.2,64.11,230.12,645.07,49.29,89.96,87.13,87.76,100.0,3,critical,Kerala
11.57496,76.04569,966.8,53.07,115.11,307.54,12.0,75.98,90.0,100.0,91.43,3,critical,Kerala
27.0283,88.29709,2115.7,49.94,12.01,12.87,0.84,47.06,23.05,90.06,35.86,0,low,West Bengal
11.52266,76.06939,1249.5,41.63,91.81,251.68,11.94,66.69,72.02,97.53,69.91,2,high,Kerala
25.64322,94.03492,1415.5,38.15,101.83,291.86,10.48,65.0,76.71,82.21,70.04,2,high,Nagaland
25.33052,91.57688,1528.9,41.57,41.28,82.49,2.74,68.89,48.42,94.46,49.86,1,moderate,Meghalaya
25.11506,91.66909,1298.3,48.8,2.09,5.14,0.16,44.97,34.2,95.85,37.77,0,low,Meghalaya
31.03773,77.23448,2278.3,51.52,172.93,465.21,48.24,96.02,95.97,89.97,100.0,3,critical,Himachal Pradesh
31.03173,77.10278,2099.7,50.14,10.75,43.59,0.47,34.2,15.62,98.27,37.63,0,low,Himachal Pradesh
25.62126,94.2053,1439.5,34.42,85.8,222.87,9.75,76.9,62.69,96.48,63.63,2,high,Nagaland
25.35181,91.92518,1637.6,52.51,258.4,563.24,45.27,93.96,82.72,96.76,100.0,3,critical,Meghalaya
23.64749,93.36619,1754.1,36.69,15.18,121.31,1.06,49.06,30.0,67.36,35.97,0,low,Mizoram
30.78313,79.1655,3380.6,50.08,4.1,33.82,0.19,40.81,24.53,100.0,45.1,1,moderate,Uttarakhand
30.71972,79.08836,3459.5,62.04,56.53,144.16,4.25,51.72,48.28,87.74,64.37,2,high,Uttarakhand
25.68594,94.10446,1603.6,42.68,39.54,87.17,4.24,37.01,46.38,62.15,43.92,1,moderate,Nagaland
24.95044,93.75976,785.7,36.85,86.26,248.49,12.1,76.51,56.66,66.67,67.24,2,high,Manipur
27.02537,93.63424,1030.8,33.28,42.88,75.48,3.85,59.75,42.99,66.55,38.44,0,low,Arunachal Pradesh
26.1448,91.70916,237.5,33.85,23.57,23.81,1.48,46.71,26.32,60.45,30.69,0,low,Assam
27.24763,88.49815,2039.6,42.96,135.51,347.95,29.97,87.5,75.61,84.85,93.04,3,critical,Sikkim
26.09355,91.80211,105.7,24.62,0.0,86.39,0.0,54.22,33.57,64.21,28.03,0,low,Assam
27.00776,93.61482,712.6,35.85,16.82,20.19,0.8,16.88,8.83,52.73,12.62,0,low,Arunachal Pradesh
30.76369,78.9541,3696.0,60.87,24.08,39.79,1.42,41.66,16.48,100.0,41.78,1,moderate,Uttarakhand
24.65019,93.8646,546.1,40.52,55.95,90.03,4.32,46.1,49.06,72.79,41.26,1,moderate,Manipur
31.10175,77.29957,2212.5,53.63,4.59,17.99,0.2,33.89,25.6,94.83,40.0,1,moderate,Himachal Pradesh
26.05991,91.85803,331.5,30.73,44.94,133.91,3.72,61.2,62.78,84.27,48.58,1,moderate,Assam
11.59407,76.22053,1050.7,41.94,129.26,379.07,17.89,76.78,80.66,100.0,90.49,3,critical,Kerala
26.19031,91.72604,251.2,32.42,31.26,79.9,2.02,47.46,69.83,72.26,45.22,1,moderate,Assam
31.0704,77.08545,2183.9,52.73,120.82,311.08,16.27,95.0,68.83,87.61,96.25,3,critical,Himachal Pradesh
11.66547,76.14136,974.2,59.11,62.65,156.04,4.59,69.88,54.88,97.51,71.89,2,high,Kerala
25.33601,91.66063,1331.3,45.57,95.42,316.52,10.2,74.69,83.51,81.23,77.3,2,high,Meghalaya
26.25073,91.69495,290.9,32.55,85.89,268.75,9.07,67.48,62.72,71.4,62.45,2,high,Assam
25.65306,93.89498,1209.4,48.38,32.02,65.92,3.22,55.03,35.01,66.2,41.51,1,moderate,Nagaland
26.18552,91.61695,386.7,44.64,7.78,17.05,0.49,22.13,23.93,66.04,27.27,0,low,Assam
25.51695,91.90448,1944.0,41.55,2.64,37.39,0.12,43.45,41.97,81.98,36.55,0,low,Meghalaya
25.69016,94.08894,1325.4,48.58,34.65,78.04,2.36,66.17,48.14,74.48,49.16,1,moderate,Nagaland
30.64208,79.07128,3255.7,55.95,8.75,48.32,0.53,35.63,28.34,95.63,39.39,0,low,Uttarakhand
25.33084,91.59056,1338.9,60.55,148.16,260.89,27.18,77.64,85.1,100.0,98.91,3,critical,Meghalaya
11.61304,76.16122,899.1,42.05,190.26,509.22,32.96,92.67,97.58,91.78,100.0,3,critical,Kerala
25.36529,91.66451,1593.8,43.62,55.86,158.15,6.7,59.5,45.9,81.31,56.69,1,moderate,Meghalaya
24.95192,93.88273,932.7,58.9,38.94,106.41,5.26,62.21,45.26,94.52,60.54,2,high,Manipur
30.61954,79.12682,3613.8,65.37,112.16,314.94,14.59,86.39,64.1,100.0,92.2,3,critical,Uttarakhand
25.23278,91.72152,1826.7,35.98,52.02,104.78,3.73,58.36,56.22,94.03,47.02,1,moderate,Meghalaya
25.69019,94.06676,1402.6,49.67,46.82,87.18,3.76,46.01,62.46,74.54,51.49,1,moderate,Nagaland
31.13148,77.20724,2238.7,54.41,44.34,105.82,5.73,59.08,69.22,73.15,57.03,1,moderate,Himachal Pradesh
30.64922,78.99003,3832.7,62.06,0.92,8.25,0.05,17.47,17.28,88.8,42.72,1,moderate,Uttarakhand
23.39437,93.4055,1571.4,32.04,13.73,26.29,0.8,31.81,24.95,84.27,27.89,0,low,Mizoram
31.16926,77.20045,2223.4,42.92,25.96,33.81,1.33,29.14,22.98,100.0,27.66,0,low,Himachal Pradesh
25.75189,94.01009,1526.2,45.36,43.46,86.91,4.83,59.78,49.61,73.52,46.64,1,moderate,Nagaland
25.73461,94.07526,1717.3,49.46,87.71,233.38,18.81,76.02,64.35,82.24,78.47,2,high,Nagaland
26.94355,93.68004,666.0,35.04,41.34,107.07,4.9,75.0,45.04,55.01,47.87,1,moderate,Arunachal Pradesh
25.79086,94.11181,1353.9,34.59,50.65,123.19,6.0,61.44,43.14,66.48,46.76,1,moderate,Nagaland
25.54972,91.89512,1947.0,42.07,33.73,72.7,4.83,35.0,51.03,80.31,38.9,0,low,Meghalaya
27.28685,88.68492,1314.0,40.46,166.54,372.32,37.44,80.59,63.03,88.14,100.0,3,critical,Sikkim
26.26498,91.7174,156.3,37.19,0.57,17.48,0.03,24.24,28.8,82.7,28.73,0,low,Assam
24.83068,93.9944,936.3,43.96,101.5,309.11,22.66,89.36,78.01,94.22,87.24,3,critical,Manipur
23.37143,93.37433,1544.7,35.02,54.3,101.43,6.5,44.24,54.01,67.17,48.41,1,moderate,Mizoram
31.12923,77.18325,2329.3,46.54,87.18,238.98,10.64,92.82,77.7,90.02,85.87,3,critical,Himachal Pradesh
24.81855,94.04068,877.6,53.59,0.48,48.33,0.03,28.83,31.14,77.21,40.82,1,moderate,Manipur
25.47085,91.99716,1848.4,24.7,28.43,97.15,2.35,62.19,37.91,88.67,37.46,0,low,Meghalaya
25.73658,94.09622,1333.5,45.83,5.51,11.5,0.25,15.46,27.63,81.38,25.83,0,low,Nagaland
25.73133,94.11483,1421.1,46.02,113.73,290.43,21.08,89.96,59.94,77.64,87.23,3,critical,Nagaland
24.76589,93.97427,792.6,44.57,54.46,138.35,8.65,46.82,45.16,83.99,51.3,1,moderate,Manipur
11.53684,76.17898,853.4,44.78,61.58,113.29,5.05,36.18,48.0,96.9,46.6,1,moderate,Kerala
27.52534,88.57255,1762.0,51.72,178.51,509.52,37.76,88.45,98.0,82.58,100.0,3,critical,Sikkim
25.58081,91.81805,2005.3,40.09,72.28,130.93,7.43,69.3,70.0,81.72,57.45,1,moderate,Meghalaya
30.72972,79.01097,3432.8,63.38,137.26,368.83,20.05,90.37,64.4,100.0,100.0,3,critical,Uttarakhand
24.77872,93.84853,869.1,25.26,48.34,175.72,8.61,81.42,90.0,75.14,59.06,1,moderate,Manipur
24.89895,93.87879,674.5,51.41,56.7,133.48,4.61,75.0,39.27,83.29,61.59,2,high,Manipur
30.66547,78.97204,3725.2,58.15,55.46,123.34,7.88,75.0,45.16,97.6,70.83,2,high,Uttarakhand
26.2566,91.7849,306.1,26.74,51.44,117.1,3.45,58.69,49.18,67.39,43.58,1,moderate,Assam
27.09954,93.72545,760.5,18.63,202.73,338.75,32.02,81.36,70.19,48.16,86.05,3,critical,Arunachal Pradesh
11.74019,76.16514,985.9,64.69,147.78,298.94,14.88,92.05,68.23,88.38,100.0,3,critical,Kerala
25.65399,94.17118,1521.0,48.11,157.11,408.66,28.33,71.61,60.95,78.32,93.79,3,critical,Nagaland
23.33966,93.212,1812.7,52.23,56.12,115.8,7.07,73.09,44.23,73.91,61.19,2,high,Mizoram
24.8228,93.86553,884.7,54.41,0.48,8.83,0.03,21.05,25.42,74.14,32.02,0,low,Manipur
25.61876,94.13359,1492.6,55.1,1.39,13.84,0.11,50.0,26.85,81.58,40.91,1,moderate,Nagaland
25.58953,91.83996,1862.6,52.15,128.82,235.24,16.24,82.29,63.12,81.02,85.35,3,critical,Meghalaya
31.13809,77.09004,2428.9,52.13,33.26,93.87,4.64,44.42,48.35,87.14,51.08,1,moderate,Himachal Pradesh
24.80219,93.89592,672.7,38.86,14.23,30.77,1.0,45.81,32.22,84.63,37.32,0,low,Manipur
26.06179,91.81231,50.0,33.88,11.64,33.49,0.8,33.42,17.91,74.88,25.97,0,low,Assam
26.99077,93.69098,710.7,39.7,47.36,112.06,5.02,60.95,30.0,62.06,44.41,1,moderate,Arunachal Pradesh
31.01349,77.14938,2231.9,55.01,7.55,10.04,0.45,41.5,19.54,96.42,41.67,1,moderate,Himachal Pradesh
25.08437,91.79261,1426.4,57.62,24.7,191.13,4.12,89.33,90.0,83.24,72.33,2,high,Meghalaya
25.32937,91.75394,1625.3,60.49,13.37,24.14,0.66,22.47,22.08,92.26,40.94,1,moderate,Meghalaya
30.60538,79.09453,3597.7,50.4,32.99,105.42,4.6,37.83,47.14,100.0,53.08,1,moderate,Uttarakhand
24.70129,93.75965,454.6,60.69,1.24,38.81,0.1,45.25,27.45,81.49,45.8,1,moderate,Manipur
27.10937,93.53242,652.4,39.73,1.86,34.89,0.13,19.84,18.09,63.79,17.96,0,low,Arunachal Pradesh
25.5084,91.89472,2174.6,53.31,47.09,129.53,3.06,60.15,46.77,84.77,60.48,2,high,Meghalaya
27.2062,88.57157,1706.9,47.74,4.7,6.48,0.28,37.4,22.61,89.16,37.43,0,low,Sikkim
27.35046,88.66001,1944.2,38.72,253.44,470.7,55.59,88.97,98.0,95.61,100.0,3,critical,Sikkim
25.70891,94.01954,1320.9,50.31,104.53,329.99,24.4,65.0,72.98,72.59,83.24,3,critical,Nagaland
30.7465,78.9712,3431.7,63.68,0.23,4.13,0.01,27.11,29.23,100.0,40.89,1,moderate,Uttarakhand
26.04806,91.81251,168.3,28.75,36.14,98.92,5.36,57.32,32.79,75.53,36.42,0,low,Assam
26.20427,91.5983,302.9,27.76,48.73,98.23,4.37,39.01,66.42,61.17,36.67,0,low,Assam
26.17527,91.74164,172.9,38.43,49.0,116.76,5.0,54.41,54.02,77.05,47.41,1,moderate,Assam
27.27031,93.70239,755.6,37.76,131.8,346.66,16.8,79.41,65.21,54.33,78.76,2,high,Arunachal Pradesh
31.02903,77.14486,2315.1,52.61,52.22,190.49,10.54,89.54,90.0,100.0,75.66,2,high,Himachal Pradesh
30.80461,79.11764,3637.6,69.89,52.47,121.27,4.62,58.35,49.29,100.0,62.77,2,high,Uttarakhand
25.29787,91.65817,1356.8,56.59,182.25,403.61,32.56,91.74,74.47,95.97,100.0,3,critical,Meghalaya
27.08166,93.6068,723.5,48.35,137.89,328.46,17.38,77.49,71.16,54.07,80.81,3,critical,Arunachal Pradesh
25.58593,94.12314,1524.8,46.97,5.89,20.39,0.27,35.95,24.05,73.5,27.0,0,low,Nagaland
25.68789,91.76539,2002.0,54.53,4.45,23.42,0.23,31.76,21.49,89.79,33.4,0,low,Meghalaya
24.8609,93.96862,732.0,56.16,9.79,35.37,0.54,13.91,28.99,78.05,34.66,0,low,Manipur
31.12542,77.27993,2145.4,39.89,159.97,287.18,21.29,71.47,68.63,96.65,82.59,3,critical,Himachal Pradesh
27.31208,88.60359,1692.0,54.12,13.99,33.43,0.61,42.86,31.14,77.57,41.88,1,moderate,Sikkim
27.21795,88.57119,1714.2,49.77,206.22,398.18,42.28,89.49,73.36,76.64,100.0,3,critical,Sikkim
24.7124,94.06818,513.1,37.63,30.21,105.0,2.24,58.16,61.12,79.91,39.71,0,low,Manipur
30.82977,79.08313,3403.5,52.61,147.82,343.68,15.85,66.84,80.44,87.86,87.74,3,critical,Uttarakhand
25.7673,94.05274,1561.6,37.5,1.31,4.1,0.08,28.18,31.85,75.79,24.21,0,low,Nagaland
25.51912,91.87075,2006.4,37.29,213.52,538.07,79.03,83.15,89.14,86.54,100.0,3,critical,Meghalaya
25.29479,91.62811,1367.8,40.04,72.02,163.1,11.89,35.0,52.19,96.4,51.27,1,moderate,Meghalaya
27.22934,88.63662,1560.7,53.11,183.9,380.0,41.31,85.2,88.6,97.43,100.0,3,critical,Sikkim
27.36914,88.64775,1592.5,49.38,143.05,298.57,14.45,68.4,68.43,83.17,78.65,2,high,Sikkim
26.13411,91.67335,50.0,27.41,28.09,90.54,1.78,63.52,55.56,64.56,38.43,0,low,Assam
30.84955,79.00996,3614.7,52.87,7.32,9.29,0.47,47.52,39.32,95.97,38.82,0,low,Uttarakhand
25.312,91.91357,2269.1,43.18,4.3,24.61,0.2,23.57,15.76,73.67,28.76,0,low,Meghalaya
25.53396,94.10242,1484.9,33.94,225.23,612.63,38.71,93.34,90.89,84.42,100.0,3,critical,Nagaland
25.50398,91.80952,1994.6,26.43,166.18,296.11,22.93,72.18,81.35,76.06,78.89,2,high,Meghalaya
25.70583,93.93846,1597.9,66.54,207.07,615.65,44.76,82.0,98.0,61.29,100.0,3,critical,Nagaland
23.57321,93.42395,1483.0,39.64,8.3,13.79,0.55,23.73,32.65,77.79,26.75,0,low,Mizoram
26.07628,91.69306,216.4,21.6,61.3,164.39,4.54,49.28,58.69,66.36,36.92,0,low,Assam
24.81253,94.02798,796.5,46.77,102.89,220.8,11.67,77.4,61.13,84.19,74.32,2,high,Manipur
24.84245,93.89367,1013.3,33.5,9.81,34.53,0.49,23.51,27.02,89.69,31.82,0,low,Manipur
26.99535,93.52806,705.2,25.08,152.79,462.89,56.3,91.72,92.56,42.8,100.0,3,critical,Arunachal Pradesh
24.88517,93.98419,778.6,43.27,2.1,4.24,0.09,30.08,32.27,90.59,27.29,0,low,Manipur
11.69638,76.02346,1133.8,56.26,20.41,26.23,0.89,29.56,30.82,96.93,38.7,0,low,Kerala
23.52619,93.24629,1790.1,56.8,69.06,128.37,11.13,63.73,41.24,83.66,63.42,2,high,Mizoram
27.29839,88.6039,1600.7,40.75,43.54,87.5,2.82,56.13,63.35,84.63,44.68,1,moderate,Sikkim
27.06059,88.31519,2439.0,53.72,52.66,129.13,4.22,65.34,70.0,79.48,57.83,1,moderate,West Bengal
31.04958,77.19548,2471.1,41.68,10.55,13.17,0.65,44.76,30.12,74.89,35.01,0,low,Himachal Pradesh
26.90372,88.24362,2031.2,38.2,34.1,78.42,3.39,37.36,47.55,75.72,36.64,0,low,West Bengal
26.16862,91.72204,142.3,25.23,15.12,80.3,1.22,47.09,47.63,72.45,31.83,0,low,Assam
11.55153,76.09158,771.0,39.3,82.06,254.36,12.21,80.67,85.31,97.76,75.93,2,high,Kerala
25.21653,91.72511,1271.2,28.02,54.13,99.19,3.44,55.52,46.49,93.6,36.43,0,low,Meghalaya
25.68198,94.17883,1607.7,56.24,52.57,123.63,3.69,52.07,58.21,63.05,55.57,1,moderate,Nagaland
26.21042,91.72363,407.2,26.34,100.07,259.19,15.2,74.56,83.92,60.33,60.79,2,high,Assam
27.09269,93.50144,801.1,35.43,4.02,11.18,0.22,36.63,25.65,62.28,23.1,0,low,Arunachal Pradesh
31.11858,77.15386,2245.4,39.95,14.94,16.46,0.85,26.49,23.02,100.0,33.17,0,low,Himachal Pradesh
24.83766,93.87597,858.8,41.54,6.58,23.64,0.47,42.63,33.4,75.26,33.19,0,low,Manipur
25.62987,91.92416,1989.9,54.15,64.57,151.57,4.54,75.0,49.48,88.36,66.7,2,high,Meghalaya
25.567,91.84894,1937.4,32.32,58.15,122.05,5.59,67.64,49.39,97.73,49.24,1,moderate,Meghalaya
24.78401,93.8896,780.8,40.12,113.97,284.66,11.71,65.0,86.95,84.2,73.68,2,high,Manipur
25.24437,91.76393,1508.4,43.41,77.13,118.47,4.83,64.04,50.38,91.81,56.92,1,moderate,Meghalaya
24.72423,94.05504,776.1,19.42,44.51,87.89,4.1,55.47,52.21,79.58,39.32,0,low,Manipur
31.11995,77.19824,2132.4,48.54,46.88,95.4,3.36,48.01,53.56,90.13,49.79,1,moderate,Himachal Pradesh
24.79682,94.00352,596.9,44.34,62.19,113.57,6.08,49.51,67.43,86.49,55.36,1,moderate,Manipur
26.20063,91.74358,326.1,26.94,62.56,112.57,3.96,50.32,49.57,80.74,40.2,1,moderate,Assam
27.13675,93.55138,641.9,32.89,37.28,93.03,3.98,52.39,54.85,54.93,41.01,1,moderate,Arunachal Pradesh
24.89627,93.9123,719.4,38.76,30.13,71.11,2.31,64.5,55.5,79.98,45.18,1,moderate,Manipur
27.05468,93.61001,635.6,31.07,16.76,60.39,1.35,29.21,23.23,52.28,26.51,0,low,Arunachal Pradesh
11.60831,75.99522,798.9,53.45,149.77,208.6,21.97,83.4,88.53,93.65,88.92,3,critical,Kerala
27.0336,88.23874,1852.1,41.84,46.29,104.09,4.81,50.82,55.58,74.67,48.62,1,moderate,West Bengal
11.70344,76.10756,904.6,52.0,8.86,34.13,1.1,58.91,70.0,85.89,37.5,0,low,Kerala
23.42466,93.27554,1730.4,59.53,128.69,394.77,21.48,90.93,88.36,59.67,98.3,3,critical,Mizoram
27.16664,93.48014,947.3,51.2,3.36,36.45,0.18,40.74,32.16,66.27,34.34,0,low,Arunachal Pradesh
23.44118,93.24681,1786.8,41.12,14.93,19.01,1.16,17.14,8.9,65.84,20.65,0,low,Mizoram
26.97179,88.28752,2094.8,47.75,47.66,112.8,5.23,50.38,53.37,69.22,48.89,1,moderate,West Bengal
26.11419,91.74188,50.0,41.08,101.83,329.67,12.72,92.71,71.76,62.03,76.12,2,high,Assam
27.34628,88.49714,1703.5,69.9,40.73,126.82,2.99,49.77,50.77,78.37,66.28,2,high,Sikkim
23.43006,93.35114,1913.7,40.26,2.0,15.1,0.16,50.0,22.13,84.31,34.58,0,low,Mizoram
26.09815,91.66832,118.8,22.1,64.15,273.24,12.26,87.68,76.12,71.15,62.25,2,high,Assam
23.45131,93.30356,1641.5,40.94,93.76,313.15,10.44,85.7,84.05,60.19,73.01,2,high,Mizoram
27.09266,88.20427,2239.3,55.42,50.56,92.11,5.76,39.94,55.15,81.1,54.37,1,moderate,West Bengal
11.70353,76.14361,1034.0,52.33,263.5,603.55,55.57,94.23,92.95,100.0,100.0,3,critical,Kerala
24.79883,93.9682,543.6,40.9,53.58,115.01,8.08,35.0,46.19,91.72,51.03,1,moderate,Manipur
25.2968,91.75529,1500.4,35.72,138.37,314.48,28.95,75.97,74.61,98.05,85.75,3,critical,Meghalaya
27.09726,88.34949,1925.2,48.66,3.82,5.19,0.19,40.88,19.49,89.84,31.58,0,low,West Bengal
11.79808,76.14139,954.3,43.29,212.45,558.5,60.87,83.93,89.45,88.32,100.0,3,critical,Kerala
27.36832,88.54171,1689.6,53.93,144.97,292.36,18.02,86.5,80.25,87.5,91.31,3,critical,Sikkim
23.53113,93.45168,1909.4,32.74,7.05,39.41,0.31,47.96,31.63,80.13,33.52,0,low,Mizoram
26.18487,91.65662,80.2,46.53,60.92,120.59,4.68,35.0,44.62,65.08,49.56,1,moderate,Assam
11.73441,76.18565,878.1,55.31,107.49,262.81,18.46,81.78,74.59,86.4,80.77,3,critical,Kerala
25.26211,91.73151,1536.2,49.87,128.61,310.95,26.5,74.04,74.67,99.63,90.06,3,critical,Meghalaya
11.66113,76.18582,929.2,56.49,4.17,100.94,0.21,34.82,34.33,93.22,39.95,0,low,Kerala
31.02444,77.04745,2198.0,21.19,245.74,528.61,71.59,96.7,98.0,95.8,100.0,3,critical,Himachal Pradesh
31.11707,77.37532,2078.2,48.59,2.61,18.55,0.15,22.23,24.33,87.57,33.76,0,low,Himachal Pradesh
27.0677,88.36875,2122.6,40.76,133.0,341.48,25.31,78.98,75.91,83.39,89.61,3,critical,West Bengal
27.21553,88.25125,1739.9,38.11,1.49,4.5,0.07,21.63,20.33,82.35,27.86,0,low,West Bengal
27.13629,88.21889,2061.7,57.52,43.68,94.06,4.8,72.45,61.36,83.17,63.68,2,high,West Bengal
25.29673,91.71758,1143.8,41.12,9.52,13.89,0.5,48.88,33.66,88.69,33.0,0,low,Meghalaya
25.72724,94.09017,1403.2,43.85,6.69,29.63,0.31,36.53,26.64,78.11,34.76,0,low,Nagaland
26.22839,91.71489,251.7,25.14,177.79,544.91,29.68,89.65,76.18,72.0,100.0,3,critical,Assam
27.09851,93.58523,776.6,40.97,25.04,28.74,1.21,38.36,17.29,54.64,30.77,0,low,Arunachal Pradesh
31.23701,77.23539,2326.1,57.67,12.37,32.11,0.57,32.23,36.51,99.19,43.22,1,moderate,Himachal Pradesh
23.44725,93.44217,1573.4,43.58,36.89,99.43,3.48,75.0,54.39,83.23,54.83,1,moderate,Mizoram
26.8317,88.35383,2167.9,61.55,137.07,522.64,37.71,88.66,83.38,76.18,100.0,3,critical,West Bengal
23.55859,93.23932,1599.4,44.97,143.17,396.09,31.6,85.67,84.55,100.0,100.0,3,critical,Mizoram
27.00443,88.33899,2226.9,39.84,157.65,322.35,38.02,84.2,84.16,67.03,90.52,3,critical,West Bengal
30.72723,79.02732,3747.6,70.41,0.62,15.72,0.03,20.66,28.49,81.36,46.41,1,moderate,Uttarakhand
27.31814,88.72136,1583.0,59.72,254.14,612.65,63.22,92.02,75.0,82.55,100.0,3,critical,Sikkim
25.32262,91.72444,1252.0,56.46,1.55,3.21,0.09,20.64,21.66,87.29,35.18,0,low,Meghalaya
24.81161,93.89697,1053.0,30.83,142.32,314.93,16.0,72.88,88.12,88.0,82.14,3,critical,Manipur
30.82756,78.94325,3899.5,59.98,26.94,51.47,2.18,35.18,17.33,96.03,46.79,1,moderate,Uttarakhand
25.41411,91.89977,1793.7,39.77,2.38,14.59,0.11,32.81,20.51,82.02,26.47,0,low,Meghalaya
27.08345,93.72011,647.6,44.95,54.7,84.45,3.63,75.0,40.51,59.41,51.11,1,moderate,Arunachal Pradesh
27.25723,93.72889,860.7,39.75,11.8,43.2,0.87,52.06,70.0,67.84,35.78,0,low,Arunachal Pradesh
30.79745,79.07945,3474.8,61.24,10.18,71.14,0.73,18.96,18.88,85.41,38.63,0,low,Uttarakhand
11.72553,76.13866,749.1,58.93,0.29,4.64,0.02,37.86,17.57,89.91,34.72,0,low,Kerala
31.02053,77.13845,2393.0,28.91,148.88,343.58,35.17,78.79,55.0,87.99,87.52,3,critical,Himachal Pradesh
30.7195,79.1287,3823.1,68.24,9.49,28.51,0.41,50.0,24.07,88.45,50.76,1,moderate,Uttarakhand
27.18024,93.57831,1008.5,25.61,19.77,21.46,0.87,27.61,35.78,59.31,17.32,0,low,Arunachal Pradesh
24.85225,93.90721,697.2,42.81,10.03,72.71,1.37,42.99,42.42,78.35,36.91,0,low,Manipur
27.49288,88.57665,1493.8,56.67,156.31,474.26,34.34,88.53,85.35,87.85,100.0,3,critical,Sikkim
25.60558,91.85436,2005.6,55.34,51.2,92.17,3.9,75.0,49.68,68.01,59.36,1,moderate,Meghalaya
23.52546,93.28258,1661.1,45.59,157.82,436.96,31.97,85.47,95.48,67.08,99.12,3,critical,Mizoram
25.22571,91.63417,1724.7,48.28,126.42,340.47,14.89,75.04,69.69,86.4,83.55,3,critical,Meghalaya
25.38465,91.8697,1722.5,36.68,7.55,12.68,0.39,38.09,27.64,77.78,25.21,0,low,Meghalaya
11.59271,76.20683,932.0,47.02,63.62,111.44,10.41,67.43,52.7,93.14,59.7,1,moderate,Kerala
30.8794,79.08633,3562.7,62.69,210.13,465.64,49.57,94.48,81.81,85.15,100.0,3,critical,Uttarakhand
25.27252,91.78521,1593.2,53.53,6.88,9.41,0.48,20.02,17.16,94.18,27.84,0,low,Meghalaya
25.41044,91.85584,1360.1,46.79,9.34,41.26,0.41,25.48,15.96,91.41,34.28,0,low,Meghalaya
27.24438,93.73173,655.4,27.06,4.6,28.17,0.26,16.3,28.0,66.42,21.94,0,low,Arunachal Pradesh
27.28093,88.54541,1877.4,40.59,27.71,83.94,4.44,53.61,46.39,72.46,41.43,1,moderate,Sikkim
24.73654,93.91198,664.6,49.91,178.75,446.52,39.82,85.06,64.39,92.26,100.0,3,critical,Manipur
30.992,77.25406,2217.9,57.61,1.41,7.74,0.11,29.85,11.32,85.2,34.77,0,low,Himachal Pradesh
25.22091,91.7457,1511.9,30.63,124.74,359.73,16.47,77.48,72.84,91.94,82.87,3,critical,Meghalaya
27.4248,88.75538,1859.5,58.88,10.24,35.58,0.49,25.91,29.29,80.97,42.59,1,moderate,Sikkim
25.36648,91.79219,1500.0,60.17,71.21,125.81,5.52,62.13,41.75,84.41,62.52,2,high,Meghalaya
24.89913,93.89133,595.0,33.18,241.67,592.09,55.01,96.58,93.17,80.14,100.0,3,critical,Manipur
24.84152,93.96986,950.1,45.49,12.19,16.34,0.98,28.69,24.52,90.41,26.58,0,low,Manipur
30.86349,79.02838,3365.1,54.43,63.92,96.65,5.32,43.92,55.74,91.47,53.24,1,moderate,Uttarakhand
26.23234,91.72014,429.0,31.42,14.46,21.26,0.66,20.25,27.33,85.98,22.19,0,low,Assam
27.13654,93.70208,695.1,29.49,49.6,143.26,3.38,62.54,66.55,68.66,45.79,1,moderate,Arunachal Pradesh
26.23513,91.61702,474.1,42.02,209.91,537.83,86.19,82.16,87.15,55.78,100.0,3,critical,Assam
27.35401,88.45165,1629.4,56.51,2.61,17.05,0.2,23.66,43.46,87.7,35.28,0,low,Sikkim
25.44488,91.90534,1987.3,40.78,63.48,110.62,4.39,66.58,42.02,91.47,56.19,1,moderate,Meghalaya
26.128,91.78434,50.0,32.51,6.51,19.01,0.34,22.82,26.5,79.25,24.58,0,low,Assam
25.8345,94.24515,1534.8,49.44,73.5,238.01,15.89,85.43,55.0,80.64,72.91,2,high,Nagaland
27.16225,93.6823,646.0,34.94,74.16,125.13,8.28,51.22,35.41,58.88,37.25,0,low,Arunachal Pradesh
11.77561,76.04348,910.9,47.25,138.75,270.58,22.16,80.91,68.34,95.68,85.36,3,critical,Kerala
25.52855,94.01559,1689.7,47.97,5.85,19.13,0.25,27.17,15.63,79.7,31.11,0,low,Nagaland
24.79167,94.07348,735.3,50.72,11.51,30.8,0.58,24.47,25.39,85.1,38.27,0,low,Manipur
25.258,91.61535,1351.3,51.95,11.71,17.41,0.92,18.93,13.83,100.0,35.89,0,low,Meghalaya
27.18062,88.23006,2098.7,30.69,96.8,252.1,12.51,88.54,80.07,68.04,69.41,2,high,West Bengal
26.03447,91.71743,50.0,37.69,35.77,96.41,5.43,67.97,63.79,64.25,48.24,1,moderate,Assam
23.31969,93.47078,1768.2,45.82,48.71,98.52,6.38,46.77,37.42,82.0,44.27,1,moderate,Mizoram
30.83111,79.1037,3718.0,53.82,11.09,38.01,0.53,44.82,38.41,100.0,45.35,1,moderate,Uttarakhand
31.14937,77.17724,2225.9,54.77,233.48,653.51,47.25,89.9,91.2,91.51,100.0,3,critical,Himachal Pradesh
25.1871,91.71372,1424.5,53.28,33.78,112.92,2.3,48.01,46.73,100.0,52.53,1,moderate,Meghalaya
24.79711,93.92451,810.8,33.66,12.36,18.6,0.64,32.81,20.53,67.01,29.46,0,low,Manipur
31.17038,77.00187,2466.8,43.89,9.34,23.95,0.66,50.0,31.35,82.71,34.79,0,low,Himachal Pradesh
23.42464,93.149,1642.5,55.75,13.41,74.95,1.23,55.55,55.23,64.76,49.89,1,moderate,Mizoram
26.09609,91.69108,219.6,36.78,17.73,71.09,1.1,30.83,31.12,54.79,23.79,0,low,Assam
24.73019,93.97162,894.3,39.2,56.95,119.17,4.25,75.0,64.0,88.95,60.5,2,high,Manipur
27.05559,88.31247,1785.4,59.66,17.89,102.83,2.85,56.34,49.02,82.02,54.31,1,moderate,West Bengal
30.80163,79.17958,3543.5,53.75,53.63,145.11,6.36,60.4,44.01,100.0,65.81,2,high,Uttarakhand
31.26601,77.30975,2505.8,66.28,37.13,61.38,5.7,54.54,52.44,79.92,55.25,1,moderate,Himachal Pradesh
31.10827,77.18583,2266.8,46.48,16.57,95.05,1.82,39.91,45.57,97.05,45.38,1,moderate,Himachal Pradesh
25.58568,91.80485,2046.6,49.96,180.41,355.02,19.84,80.92,59.77,94.76,95.36,3,critical,Meghalaya
26.14377,91.61805,50.0,22.76,120.95,284.79,15.4,66.83,84.28,72.88,67.8,2,high,Assam
30.70187,79.04539,3670.7,50.84,11.34,29.62,0.9,30.49,25.65,100.0,37.08,0,low,Uttarakhand
26.91405,93.64276,706.5,29.98,40.89,177.12,4.33,66.14,60.89,51.96,49.09,1,moderate,Arunachal Pradesh
25.73141,94.05114,1426.5,29.11,141.29,380.76,25.1,89.08,89.79,85.78,85.88,3,critical,Nagaland
27.10902,88.28218,2313.3,37.04,2.48,3.37,0.12,39.41,36.82,65.82,26.87,0,low,West Bengal
11.64313,76.21291,820.0,46.35,221.78,541.22,43.49,92.87,98.0,100.0,100.0,3,critical,Kerala
11.70753,76.18184,760.9,46.41,4.63,7.55,0.34,27.18,21.22,92.49,32.59,0,low,Kerala
25.00044,93.94286,820.0,52.56,48.71,65.41,3.12,45.99,59.07,80.81,45.87,1,moderate,Manipur
31.12451,77.09613,2275.9,55.89,70.7,120.36,5.22,69.15,45.95,95.65,61.59,2,high,Himachal Pradesh
25.36168,91.66781,1663.8,35.76,0.6,5.95,0.03,26.27,21.36,100.0,22.33,0,low,Meghalaya
27.46194,88.67887,1573.8,41.27,64.74,140.24,10.62,65.3,63.21,75.54,52.27,1,moderate,Sikkim
25.70015,94.04312,1534.8,44.73,0.89,34.9,0.04,22.87,28.49,70.88,30.97,0,low,Nagaland
30.71213,79.07189,3717.4,49.97,45.74,108.98,6.65,71.07,70.0,100.0,57.37,1,moderate,Uttarakhand
27.03141,88.25612,1794.1,38.05,4.63,16.9,0.27,10.0,16.76,87.5,24.96,0,low,West Bengal
31.31819,77.20458,2259.7,60.31,221.9,641.34,74.17,94.43,84.32,87.24,100.0,3,critical,Himachal Pradesh
11.84893,75.97962,902.4,34.57,46.15,98.15,5.07,54.49,46.41,96.52,38.75,0,low,Kerala
25.24899,91.70309,1574.0,51.7,125.17,365.92,14.52,85.27,75.6,82.57,93.0,3,critical,Meghalaya
27.19243,93.73179,870.3,37.65,279.68,563.65,64.25,89.31,81.6,51.0,100.0,3,critical,Arunachal Pradesh
31.22896,77.07507,2307.0,52.3,64.49,100.15,4.95,62.39,63.21,83.75,62.58,2,high,Himachal Pradesh
24.87654,94.02402,483.0,43.37,59.82,132.96,5.4,57.65,46.62,79.94,57.38,1,moderate,Manipur
31.05204,77.18203,2074.6,36.24,226.85,460.87,76.32,83.94,87.5,83.01,100.0,3,critical,Himachal Pradesh
23.56045,93.45875,1691.7,45.15,46.1,110.38,3.03,57.63,51.36,78.21,47.49,1,moderate,Mizoram
27.0019,93.5544,822.3,41.58,59.21,130.74,4.86,35.89,56.34,59.76,43.46,1,moderate,Arunachal Pradesh
26.95726,88.13742,1700.9,59.34,137.76,309.96,22.67,80.28,74.35,76.44,91.47,3,critical,West Bengal
30.73769,79.09849,3534.2,54.18,107.78,285.51,18.7,87.9,75.21,94.24,95.2,3,critical,Uttarakhand
27.23101,88.56738,1777.5,56.82,1.84,21.72,0.1,18.62,19.5,88.67,32.01,0,low,Sikkim
25.63831,91.90689,1998.6,48.47,33.39,90.91,4.28,50.53,44.84,82.89,53.77,1,moderate,Meghalaya
27.01191,93.55285,755.6,36.28,1.94,6.01,0.13,27.0,8.99,53.57,19.09,0,low,Arunachal Pradesh
31.1103,77.07097,2073.0,67.8,1.49,14.42,0.07,26.89,44.09,89.96,46.99,1,moderate,Himachal Pradesh
25.59784,94.08527,1646.3,44.0,140.77,465.75,28.3,89.88,93.57,73.25,100.0,3,critical,Nagaland
25.43837,91.96238,2316.1,38.98,201.69,626.07,55.34,92.43,80.2,74.67,100.0,3,critical,Meghalaya
11.68811,76.14478,1045.6,49.31,3.39,8.92,0.21,40.2,29.87,97.87,35.8,0,low,Kerala
25.72478,94.13168,1400.4,46.89,48.65,109.3,5.19,41.47,63.12,90.79,45.73,1,moderate,Nagaland
23.47533,93.33932,1868.1,42.43,24.43,101.02,2.74,55.11,44.52,68.73,38.94,0,low,Mizoram
27.03471,88.31143,1998.7,20.39,12.63,54.24,1.1,46.81,59.56,69.24,28.9,0,low,West Bengal
31.20488,77.20819,2310.1,53.81,31.83,97.36,4.24,61.51,50.84,100.0,53.72,1,moderate,Himachal Pradesh
27.12783,88.26767,2241.5,47.82,10.87,11.04,0.76,26.45,31.34,74.14,30.03,0,low,West Bengal
31.026,77.20935,2130.6,42.12,192.4,528.39,62.11,86.12,94.9,89.97,100.0,3,critical,Himachal Pradesh
25.72863,94.08407,1548.6,44.23,41.41,91.36,4.04,35.0,41.17,86.85,39.32,0,low,Nagaland
24.75031,93.99545,961.1,31.07,64.79,142.11,10.64,84.55,82.27,84.16,63.95,2,high,Manipur
11.71059,76.19302,907.1,42.59,41.9,104.01,6.53,35.99,42.66,94.92,42.79,1,moderate,Kerala
23.48356,93.30444,1618.4,53.29,41.09,45.47,3.34,26.16,6.18,52.32,36.68,0,low,Mizoram
24.84917,93.88205,713.4,41.58,66.51,272.09,8.58,74.14,87.56,78.51,66.48,2,high,Manipur
27.50691,88.70079,1557.4,47.05,29.83,80.31,1.97,64.67,43.7,96.65,54.55,1,moderate,Sikkim
24.81686,93.95534,779.4,44.8,143.21,249.89,14.79,71.24,83.42,80.26,80.91,3,critical,Manipur
26.95002,88.32038,1805.7,49.19,37.09,86.12,3.88,62.3,49.92,84.7,48.82,1,moderate,West Bengal
30.76615,79.02288,3369.0,61.98,12.17,25.18,0.65,27.38,18.52,85.17,38.81,0,low,Uttarakhand
25.27655,91.72209,1567.9,45.68,129.65,289.37,20.2,78.11,80.37,94.14,83.4,3,critical,Meghalaya
26.04806,91.77144,50.0,32.68,4.14,6.57,0.21,44.13,23.61,76.17,26.03,0,low,Assam
27.27764,88.66036,1641.2,37.27,3.63,43.79,0.27,48.82,51.48,98.03,28.46,0,low,Sikkim
25.57934,94.06812,1398.3,54.08,98.39,302.61,11.42,92.56,76.3,70.79,88.56,3,critical,Nagaland
25.08045,93.96806,930.9,33.33,66.97,159.09,10.83,63.93,49.2,71.14,56.58,1,moderate,Manipur
27.27102,88.79222,1922.9,55.74,119.83,408.7,45.94,87.83,86.35,98.11,100.0,3,critical,Sikkim
23.35487,93.3103,1704.0,36.94,56.95,134.44,7.71,56.41,51.8,67.03,47.97,1,moderate,Mizoram
23.61648,93.35146,1793.8,52.58,75.94,139.07,9.33,52.08,40.88,77.35,58.81,1,moderate,Mizoram
31.02049,77.09598,2183.9,67.34,159.12,552.6,44.62,87.6,95.21,89.53,100.0,3,critical,Himachal Pradesh
30.67503,79.13728,3719.4,62.71,212.19,421.26,61.85,95.09,87.41,97.42,100.0,3,critical,Uttarakhand
27.57773,88.61229,1671.3,62.06,121.14,297.46,16.95,81.07,69.44,96.32,96.21,3,critical,Sikkim
24.80127,93.85763,817.7,41.32,124.5,277.17,23.55,88.35,84.24,81.77,83.89,3,critical,Manipur
11.75344,76.25559,1085.9,60.98,113.25,284.27,18.88,81.75,90.0,87.9,91.54,3,critical,Kerala
30.77387,79.07869,3660.9,43.85,33.86,85.18,2.19,54.2,64.1,100.0,48.35,1,moderate,Uttarakhand
25.24314,91.86352,1391.1,35.97,40.91,117.0,4.25,53.11,68.49,90.03,50.28,1,moderate,Meghalaya
31.0017,77.10426,2205.4,61.31,26.57,49.47,1.4,31.35,25.67,89.69,40.52,1,moderate,Himachal Pradesh
24.866,93.84634,689.6,41.97,135.87,275.16,23.7,77.69,62.28,85.29,78.63,2,high,Manipur
27.02562,93.48263,703.3,43.15,97.44,315.12,9.94,80.95,59.8,64.19,74.15,2,high,Arunachal Pradesh
30.67778,79.11936,3523.0,57.64,47.47,129.99,3.6,35.0,30.0,99.29,53.49,1,moderate,Uttarakhand
31.18696,77.14547,2373.9,38.71,193.64,392.95,44.16,70.75,86.08,93.83,100.0,3,critical,Himachal Pradesh
26.07271,91.86935,118.2,34.71,53.54,164.03,6.53,44.55,47.11,74.42,45.54,1,moderate,Assam
30.78058,78.84782,3734.2,38.77,103.41,239.84,21.82,95.0,66.55,93.85,79.36,2,high,Uttarakhand
23.45297,93.29063,1986.2,33.48,8.54,16.4,0.38,10.0,13.78,71.64,13.42,0,low,Mizoram
25.78631,94.26495,1287.1,46.94,41.2,94.75,2.82,35.0,42.71,88.58,44.66,1,moderate,Nagaland
25.2766,91.6134,1383.6,41.98,65.11,132.65,6.53,52.83,52.13,94.55,50.96,1,moderate,Meghalaya
27.0143,88.30317,2026.7,40.14,7.87,20.69,0.37,42.18,30.11,76.83,33.58,0,low,West Bengal
25.74394,94.07324,1410.0,35.38,192.81,420.78,27.9,74.2,78.36,94.57,97.33,3,critical,Nagaland
23.36617,93.21603,1949.6,55.94,60.7,276.08,13.46,83.31,79.52,65.18,76.14,2,high,Mizoram
27.12556,88.23811,1899.2,41.33,28.89,76.93,4.2,62.21,42.8,72.38,41.25,1,moderate,West Bengal
30.72894,79.06644,3635.4,51.91,253.26,542.48,76.27,95.73,91.5,84.96,100.0,3,critical,Uttarakhand
26.96444,88.25349,2247.2,55.59,19.15,118.57,2.43,37.18,49.62,67.48,41.14,1,moderate,West Bengal
23.47988,93.37886,1439.9,40.97,174.22,469.17,79.91,85.31,84.47,69.84,100.0,3,critical,Mizoram
31.12976,77.08757,2376.7,56.79,131.85,328.03,21.02,95.0,79.87,91.77,100.0,3,critical,Himachal Pradesh
25.63315,91.94405,1966.2,39.1,3.03,13.81,0.19,36.75,24.34,92.58,32.73,0,low,Meghalaya
27.06766,93.59625,694.5,37.98,156.95,402.89,23.77,80.23,59.43,61.49,90.51,3,critical,Arunachal Pradesh
30.9825,77.05624,2161.8,56.81,49.48,122.38,4.45,49.57,51.54,85.85,58.95,1,moderate,Himachal Pradesh
27.31892,88.70362,1649.2,48.45,53.28,87.58,8.39,40.99,54.86,76.8,55.07,1,moderate,Sikkim
11.6822,76.05518,1110.5,43.84,1.39,3.67,0.06,40.72,37.26,93.19,30.19,0,low,Kerala
27.40917,88.56526,1811.4,53.17,2.79,4.21,0.16,33.65,24.34,93.09,38.66,0,low,Sikkim
31.07826,77.25694,2194.5,59.71,6.01,8.69,0.36,26.88,27.12,91.05,41.86,1,moderate,Himachal Pradesh
25.25505,91.69482,1647.0,49.57,75.43,201.45,18.19,84.68,75.82,100.0,82.16,3,critical,Meghalaya
26.00185,91.85797,180.2,36.1,124.42,240.71,12.81,72.66,60.99,81.79,75.08,2,high,Assam
26.99016,88.28248,2061.4,45.9,37.04,105.25,2.65,43.98,54.47,82.18,44.12,1,moderate,West Bengal
27.00911,88.14384,2130.7,47.67,4.77,89.8,0.37,26.14,29.04,82.13,31.19,0,low,West Bengal
26.21185,91.78965,143.2,41.14,3.71,13.48,0.3,37.88,23.06,75.71,23.03,0,low,Assam
25.69302,91.76401,2258.6,48.06,13.88,20.1,0.68,20.15,24.09,88.34,30.27,0,low,Meghalaya
27.11234,88.21019,1933.2,42.08,45.76,48.16,4.33,65.92,46.21,85.36,43.54,1,moderate,West Bengal
27.13938,88.52189,1555.9,61.66,125.41,274.36,13.92,95.0,70.25,82.49,93.79,3,critical,Sikkim
23.47141,93.25472,1536.5,49.33,66.69,128.52,10.13,65.0,81.75,65.34,55.62,1,moderate,Mizoram
27.28269,88.72104,1555.1,63.25,18.16,72.7,1.25,35.0,30.0,92.54,50.04,1,moderate,Sikkim
26.99823,88.23534,2074.9,40.43,174.24,445.9,33.63,85.65,83.81,83.53,100.0,3,critical,West Bengal
23.29015,93.32296,1617.7,38.42,45.94,88.12,2.93,52.67,57.31,71.84,46.05,1,moderate,Mizoram
27.34579,88.6191,1684.8,52.58,25.23,103.36,1.87,65.01,53.07,78.81,46.56,1,moderate,Sikkim
27.26344,88.65756,1627.8,65.68,115.41,364.11,14.93,82.73,82.99,98.3,100.0,3,critical,Sikkim
27.04909,88.38029,1953.1,41.77,54.85,115.52,5.05,39.08,48.14,82.57,45.89,1,moderate,West Bengal
30.62242,79.03763,3634.6,62.32,34.46,96.6,5.18,53.59,48.29,93.2,53.61,1,moderate,Uttarakhand
11.66216,76.15422,1051.3,53.34,49.29,107.22,7.5,63.58,56.53,96.91,62.27,2,high,Kerala
31.12848,77.15561,2106.3,50.41,35.39,88.78,2.35,71.1,40.37,81.66,54.72,1,moderate,Himachal Pradesh
26.93584,93.65108,564.3,29.95,114.36,230.96,18.13,68.12,79.58,58.31,64.02,2,high,Arunachal Pradesh
25.57041,91.91569,1845.4,54.17,67.95,160.32,4.52,51.19,50.34,82.48,57.25,1,moderate,Meghalaya
27.09123,88.24842,1779.7,36.45,41.13,99.61,3.81,68.68,43.05,74.38,45.04,1,moderate,West Bengal
24.84363,93.99434,1060.5,47.35,54.8,115.8,8.69,36.95,34.9,72.54,42.73,1,moderate,Manipur
27.09418,88.40204,2124.6,63.22,300.27,623.66,53.17,92.55,86.82,81.61,100.0,3,critical,West Bengal
23.47834,93.28313,1473.3,51.63,22.46,80.26,2.22,64.35,42.99,71.33,49.67,1,moderate,Mizoram
30.69378,79.07824,3705.0,45.32,136.78,315.88,22.52,88.09,74.18,96.22,93.76,3,critical,Uttarakhand
26.13727,91.89926,50.0,36.56,15.97,17.87,0.95,32.8,31.77,77.25,22.94,0,low,Assam
24.75762,93.92994,709.6,40.71,9.89,9.92,0.56,20.42,27.84,86.82,27.78,0,low,Manipur
24.68485,94.04388,744.3,44.07,141.89,340.83,15.2,92.61,72.89,66.11,86.37,3,critical,Manipur
24.80918,93.83332,830.9,49.02,0.12,33.62,0.01,30.59,29.52,86.75,32.98,0,low,Manipur
31.16761,77.19866,2371.3,46.8,149.38,414.88,26.75,92.13,82.97,94.27,100.0,3,critical,Himachal Pradesh
26.11986,91.76822,126.5,33.94,8.79,45.21,0.38,30.78,22.2,67.15,22.02,0,low,Assam
27.19429,88.6387,1823.6,61.2,86.12,234.12,13.96,93.71,83.88,94.35,93.47,3,critical,Sikkim
31.06893,77.21409,2205.9,57.54,2.33,12.12,0.19,26.81,28.58,89.59,37.3,0,low,Himachal Pradesh
30.78978,78.97068,3528.7,55.5,139.31,306.91,14.8,77.98,73.1,95.02,99.09,3,critical,Uttarakhand
11.65394,76.08963,1050.4,42.76,47.41,92.9,3.94,68.3,62.82,100.0,56.45,1,moderate,Kerala
25.10205,91.78466,1412.8,52.53,12.63,24.22,0.7,29.51,31.46,86.74,34.23,0,low,Meghalaya
31.05914,77.24683,2268.7,43.61,1.84,15.43,0.13,36.56,33.26,82.34,29.96,0,low,Himachal Pradesh
27.20147,88.65043,1475.5,63.25,89.54,161.76,14.8,59.18,50.2,82.42,75.88,2,high,Sikkim
23.38621,93.40305,1667.9,31.05,39.45,53.8,2.31,34.38,17.5,59.74,28.18,0,low,Mizoram
27.16988,88.35645,1973.9,42.88,258.12,541.42,43.19,99.0,80.5,97.78,100.0,3,critical,West Bengal
25.50996,91.92596,1679.7,51.44,224.38,527.83,53.47,83.47,93.47,93.42,100.0,3,critical,Meghalaya
26.27506,91.68152,101.1,37.61,21.41,28.12,1.1,28.12,33.98,62.52,29.45,0,low,Assam
27.01067,93.49558,591.6,40.0,54.96,122.66,8.89,45.81,43.85,61.61,48.1,1,moderate,Arunachal Pradesh
27.03099,88.24934,2070.6,54.4,0.06,5.65,0.0,27.33,40.58,92.53,40.63,1,moderate,West Bengal
11.7791,76.10426,823.1,55.5,57.29,106.66,4.08,75.0,46.96,100.0,63.1,2,high,Kerala
11.48098,76.075,1035.5,47.32,266.89,661.92,56.26,84.73,82.61,100.0,100.0,3,critical,Kerala
27.02832,88.29934,1911.3,49.07,43.28,104.39,4.16,43.4,52.65,88.6,48.52,1,moderate,West Bengal
23.49448,93.30029,1589.6,44.61,56.77,144.18,5.95,69.61,51.66,69.58,52.67,1,moderate,Mizoram
24.82762,93.88808,787.6,48.66,44.95,115.7,5.48,68.48,59.5,84.1,53.39,1,moderate,Manipur
30.79172,79.02549,3696.0,61.72,8.82,27.0,0.53,27.07,10.74,89.7,41.12,1,moderate,Uttarakhand
11.64997,76.11274,996.1,50.92,0.65,9.32,0.04,28.78,17.63,86.54,22.93,0,low,Kerala
25.59838,91.79552,1967.5,47.49,76.82,185.35,4.84,48.1,49.18,68.48,58.32,1,moderate,Meghalaya
25.45762,91.83128,1960.4,41.67,19.64,24.11,1.33,10.0,23.28,91.0,17.66,0,low,Meghalaya
27.34146,88.54946,1871.3,40.43,34.56,95.0,5.04,40.13,50.27,86.32,40.24,1,moderate,Sikkim
27.00049,88.28667,2114.6,39.07,199.89,570.14,61.74,92.76,78.28,78.73,100.0,3,critical,West Bengal
25.07926,91.78961,1450.1,51.43,108.47,344.76,15.89,70.33,79.31,86.31,81.18,3,critical,Meghalaya
26.2476,91.68093,263.2,45.04,5.28,6.45,0.25,21.1,27.88,64.13,30.37,0,low,Assam
27.06353,88.25346,2136.5,51.46,1.55,47.75,0.08,27.75,18.64,87.69,31.85,0,low,West Bengal
30.97959,77.13506,2189.7,49.8,32.9,83.07,2.11,70.33,58.15,86.2,53.74,1,moderate,Himachal Pradesh
27.01939,88.00027,1951.5,41.59,4.26,34.15,0.21,35.48,23.66,82.48,25.98,0,low,West Bengal
27.25967,88.5992,1770.2,57.15,139.57,365.27,22.01,77.24,81.56,82.11,97.33,3,critical,Sikkim
27.10765,93.57082,741.7,27.81,135.43,350.86,14.88,74.74,72.85,51.72,73.27,2,high,Arunachal Pradesh
26.95242,88.26399,1997.5,39.99,236.9,441.97,40.26,89.97,85.11,82.31,100.0,3,critical,West Bengal
11.80862,75.93883,1019.8,43.73,42.97,108.15,4.22,55.33,43.39,92.66,48.79,1,moderate,Kerala
11.53813,76.07565,813.1,55.07,0.18,2.97,0.01,49.34,34.79,96.43,40.03,1,moderate,Kerala
31.03508,77.16181,2245.7,49.67,202.45,505.49,41.15,84.91,89.9,86.45,100.0,3,critical,Himachal Pradesh
27.19489,93.60309,749.6,38.53,78.42,239.51,18.31,87.75,55.0,56.58,73.8,2,high,Arunachal Pradesh
27.12189,93.56677,659.3,38.93,45.44,117.18,6.33,51.54,42.52,60.31,43.02,1,moderate,Arunachal Pradesh
27.16632,93.5352,918.4,51.84,44.25,116.36,4.31,53.47,57.54,46.39,50.22,1,moderate,Arunachal Pradesh
24.87666,93.88035,695.4,47.64,16.4,87.88,0.87,37.83,26.9,66.24,39.18,0,low,Manipur
23.46784,93.42076,1934.9,32.86,143.09,356.05,20.79,89.28,78.4,81.8,86.41,3,critical,Mizoram
30.47685,79.15402,3444.9,51.53,75.48,120.91,5.9,63.91,33.77,100.0,64.11,2,high,Uttarakhand
25.29969,91.68168,1443.0,46.75,15.86,19.24,1.14,32.54,28.16,100.0,34.29,0,low,Meghalaya
30.69128,79.01918,3370.5,62.82,59.48,278.65,12.82,79.97,77.75,97.09,90.92,3,critical,Uttarakhand
26.88659,88.17897,2133.1,48.81,40.99,120.41,2.57,48.45,55.56,77.98,47.24,1,moderate,West Bengal
25.55259,91.94812,1650.2,40.36,98.94,309.16,18.35,81.67,76.14,80.49,79.66,2,high,Meghalaya
27.16294,93.52411,734.1,47.73,5.5,5.65,0.28,50.0,16.35,62.0,32.79,0,low,Arunachal Pradesh
27.22822,88.66704,1357.9,51.29,195.18,518.77,67.83,96.48,83.77,97.9,100.0,3,critical,Sikkim
25.45378,91.89745,2054.4,47.13,175.98,528.45,75.56,96.46,98.0,78.7,100.0,3,critical,Meghalaya
25.73737,94.23602,1224.4,55.65,59.48,221.27,10.87,82.51,81.68,91.16,76.11,2,high,Nagaland
23.41516,93.3,1577.8,39.49,141.48,215.05,14.9,79.45,59.66,78.53,77.6,2,high,Mizoram
31.02525,77.23605,2297.0,52.51,74.79,230.5,17.95,93.28,73.48,100.0,87.03,3,critical,Himachal Pradesh
26.18164,91.72684,50.0,29.2,155.95,382.02,34.24,96.33,97.21,72.32,100.0,3,critical,Assam
26.08239,91.73566,62.9,36.34,145.18,308.74,17.36,81.85,71.12,77.03,79.19,2,high,Assam
25.655,94.27254,1378.7,58.11,39.66,260.85,5.73,83.29,58.32,78.44,70.32,2,high,Nagaland
30.93843,77.2437,2215.1,55.27,47.89,138.9,3.77,35.0,42.74,97.36,56.94,1,moderate,Himachal Pradesh
30.63931,79.10088,3375.2,71.96,9.95,24.1,0.64,23.75,17.15,100.0,48.37,1,moderate,Uttarakhand
31.25909,77.21069,2200.5,45.42,151.98,337.69,18.07,81.03,62.14,77.44,90.14,3,critical,Himachal Pradesh
26.93682,88.27658,1937.0,40.43,225.17,580.7,83.67,94.51,95.09,74.99,100.0,3,critical,West Bengal
27.04101,93.73184,768.8,44.49,19.67,31.28,0.86,27.37,32.68,68.62,35.73,0,low,Arunachal Pradesh
24.79438,94.05891,733.1,50.15,144.65,322.26,23.3,90.95,68.36,86.35,99.54,3,critical,Manipur
30.68988,79.28225,3722.0,47.42,25.41,97.14,1.88,75.0,47.54,82.45,49.25,1,moderate,Uttarakhand
31.02986,77.19218,2063.9,50.7,23.84,83.85,1.88,52.99,58.75,90.86,50.36,1,moderate,Himachal Pradesh
31.19905,77.16234,2160.8,55.33,0.88,2.69,0.04,36.56,32.65,81.02,38.78,0,low,Himachal Pradesh
27.04345,93.67566,786.9,49.15,117.56,310.39,20.29,83.19,72.78,63.76,85.19,3,critical,Arunachal Pradesh
24.92923,93.88948,820.8,32.57,10.03,10.75,0.7,33.87,28.54,81.2,27.71,0,low,Manipur
23.40794,93.26251,1884.4,54.85,93.33,263.68,10.37,65.0,90.0,76.59,78.34,2,high,Mizoram
11.72979,76.11454,725.8,40.51,128.17,337.74,20.62,85.82,90.0,73.8,85.27,3,critical,Kerala
27.12115,88.28157,1975.5,62.06,77.71,210.86,8.68,89.24,73.35,74.91,79.97,2,high,West Bengal
23.44921,93.39719,1852.2,56.52,5.59,15.43,0.26,27.75,12.05,66.18,31.6,0,low,Mizoram
27.47665,88.49167,1483.5,43.97,129.7,328.8,19.21,88.25,90.0,81.45,89.82,3,critical,Sikkim
31.08298,77.21078,2319.8,65.04,136.59,314.59,19.6,79.21,65.76,82.16,94.99,3,critical,Himachal Pradesh
27.30376,88.61884,1877.3,58.11,36.41,86.47,4.27,66.27,57.03,79.07,61.33,2,high,Sikkim
27.2743,88.67922,1754.4,63.77,152.71,317.84,19.2,67.0,90.0,96.26,96.97,3,critical,Sikkim
27.31587,88.67375,1830.7,51.12,17.95,20.67,1.42,45.3,20.11,100.0,38.25,0,low,Sikkim
26.10458,91.67956,50.0,34.18,242.06,623.56,41.52,91.02,87.43,74.6,100.0,3,critical,Assam
26.26293,91.68508,98.5,26.64,31.1,107.47,3.07,35.0,62.46,64.53,34.85,0,low,Assam
24.85227,93.90881,767.0,54.08,2.28,3.52,0.13,42.38,13.4,71.85,39.27,0,low,Manipur
27.36647,88.56552,1503.9,46.59,280.9,598.16,81.73,97.22,79.75,72.34,100.0,3,critical,Sikkim
30.83038,79.01858,3542.4,53.27,8.31,29.29,0.4,30.91,29.49,100.0,39.0,0,low,Uttarakhand
25.16438,91.87652,1606.9,44.25,280.92,617.46,72.5,93.39,76.84,78.29,100.0,3,critical,Meghalaya
11.6374,76.06196,1030.9,29.39,17.68,92.81,1.51,36.84,49.92,92.89,37.45,0,low,Kerala
25.67017,94.13739,1394.6,49.08,63.36,150.18,4.37,60.18,51.39,74.5,58.67,1,moderate,Nagaland
25.32726,91.92155,1757.8,42.51,8.32,9.71,0.49,33.83,31.62,100.0,35.48,0,low,Meghalaya
30.78261,79.11092,3717.5,57.57,191.79,360.77,42.22,78.44,75.18,92.36,100.0,3,critical,Uttarakhand
27.07434,93.46767,762.9,46.64,123.86,269.53,20.92,86.19,69.13,43.64,84.8,3,critical,Arunachal Pradesh
25.62799,94.17638,1536.4,54.29,39.88,98.58,3.79,75.0,45.31,84.79,61.56,2,high,Nagaland
27.09785,93.61984,506.1,54.66,4.38,44.61,0.21,34.38,35.41,59.86,42.66,1,moderate,Arunachal Pradesh
24.85949,94.02153,670.3,28.8,158.19,379.9,23.27,72.4,90.0,79.16,88.26,3,critical,Manipur
25.57105,94.09585,1723.4,53.88,1.2,3.71,0.05,30.3,14.63,73.65,29.28,0,low,Nagaland
27.04545,88.34489,2067.0,43.22,12.42,17.78,0.82,26.18,24.79,86.68,28.11,0,low,West Bengal
30.52988,79.20219,3694.5,44.04,130.92,342.14,19.24,78.49,83.21,97.96,88.79,3,critical,Uttarakhand
24.88839,93.86031,1053.6,51.97,3.39,21.85,0.2,14.62,23.78,86.29,29.84,0,low,Manipur
27.10913,93.8466,878.3,45.92,43.03,112.64,4.72,54.37,44.87,58.54,47.42,1,moderate,Arunachal Pradesh
27.15255,93.60366,795.1,42.73,12.14,15.07,0.6,42.4,8.36,63.35,29.68,0,low,Arunachal Pradesh
27.35994,88.63943,1703.9,55.32,112.81,226.99,16.02,79.49,79.3,69.94,79.98,2,high,Sikkim
26.92608,88.17369,1993.8,48.3,29.21,114.57,1.89,35.0,40.35,93.72,41.87,1,moderate,West Bengal
25.2476,91.62768,1507.3,41.33,2.38,3.02,0.15,35.71,33.93,100.0,31.67,0,low,Meghalaya
27.09353,93.50978,666.8,31.89,153.02,311.3,26.06,81.54,83.04,50.13,82.48,3,critical,Arunachal Pradesh
25.71399,94.04754,1430.4,48.44,15.81,30.23,1.24,13.9,21.91,62.47,30.36,0,low,Nagaland
23.49682,93.27281,1917.3,49.55,35.93,80.08,4.46,57.57,42.86,77.45,51.01,1,moderate,Mizoram
23.47104,93.288,1882.1,39.77,58.82,129.04,6.25,49.99,56.75,76.13,48.0,1,moderate,Mizoram
27.10175,88.18752,2293.1,41.88,34.83,101.08,2.9,72.86,58.37,84.07,48.98,1,moderate,West Bengal
26.19737,91.68485,50.0,30.69,150.85,388.42,26.67,81.33,90.0,63.61,89.02,3,critical,Assam
30.72306,79.012,3434.4,62.98,4.87,5.9,0.29,49.23,19.97,100.0,47.95,1,moderate,Uttarakhand
26.08298,91.73052,248.1,33.15,29.91,91.36,2.08,48.0,67.46,76.41,35.22,0,low,Assam
27.04466,88.32084,2030.5,32.32,133.44,500.28,23.24,89.49,88.87,75.43,99.83,3,critical,West Bengal
11.7369,76.1901,988.4,56.14,55.06,127.01,4.26,47.21,41.39,94.7,56.34,1,moderate,Kerala
24.80337,94.00354,904.1,41.05,88.91,133.13,7.48,73.49,63.97,100.0,55.79,1,moderate,Manipur
25.27364,91.77467,1708.5,44.15,17.94,54.42,1.14,50.98,49.94,94.6,45.51,1,moderate,Meghalaya
11.48473,76.06734,1125.2,47.39,11.23,12.55,0.88,22.93,34.29,80.39,34.62,0,low,Kerala
25.29348,91.62147,1500.0,47.71,1.64,5.47,0.11,41.65,26.6,79.08,36.34,0,low,Meghalaya
31.10165,77.22733,2057.6,48.85,185.48,405.96,21.32,80.34,74.39,83.58,99.42,3,critical,Himachal Pradesh
25.5611,91.8253,2031.1,37.65,22.2,60.03,1.7,57.44,48.58,80.96,42.54,1,moderate,Meghalaya
27.00568,93.48457,651.7,33.06,44.29,100.1,4.05,50.15,70.0,55.71,36.56,0,low,Arunachal Pradesh
30.69313,79.0002,3660.6,66.02,49.67,116.87,4.11,39.59,39.05,95.12,58.7,1,moderate,Uttarakhand
27.04154,88.29445,2116.2,47.34,124.86,365.42,15.7,83.47,64.97,70.0,83.83,3,critical,West Bengal
25.40081,91.83494,1266.2,45.97,13.32,19.1,0.74,34.89,36.54,89.24,33.15,0,low,Meghalaya
25.3249,91.60098,1359.2,56.71,87.67,289.65,19.43,69.83,75.46,92.51,82.4,3,critical,Meghalaya
27.29285,88.72391,1825.7,52.86,164.83,416.17,57.26,92.35,83.85,78.77,100.0,3,critical,Sikkim
25.56612,94.13092,1426.3,52.02,1.55,13.96,0.08,23.64,40.13,82.01,36.02,0,low,Nagaland
23.48071,93.25462,1425.2,44.85,4.85,24.01,0.31,35.27,19.67,73.12,28.79,0,low,Mizoram
25.72532,93.91898,1255.3,46.73,181.18,333.88,26.13,82.68,69.81,69.95,95.82,3,critical,Nagaland
11.69107,76.09105,877.4,54.41,155.32,434.26,74.55,99.0,75.0,92.75,100.0,3,critical,Kerala
25.248,91.54585,1202.7,58.93,2.91,21.65,0.13,27.51,45.0,100.0,44.92,1,moderate,Meghalaya
23.44689,93.35518,1837.9,48.87,242.49,541.5,94.95,86.57,92.83,55.75,100.0,3,critical,Mizoram
26.98716,93.66679,650.7,24.54,26.13,53.67,2.53,46.14,40.37,61.44,27.12,0,low,Arunachal Pradesh
27.07218,93.52911,666.9,36.55,143.96,348.73,20.27,83.92,56.19,68.04,84.29,3,critical,Arunachal Pradesh
27.0171,93.57021,805.6,31.12,58.35,75.65,6.65,48.64,52.44,51.44,37.94,0,low,Arunachal Pradesh
25.38222,91.61785,1518.0,65.52,8.94,25.92,0.73,24.34,12.59,84.08,42.32,1,moderate,Meghalaya
27.39029,88.44809,1417.0,60.04,4.68,24.85,0.2,34.02,41.88,76.96,39.31,0,low,Sikkim
26.09085,91.71647,50.0,31.98,8.87,19.46,0.44,30.06,18.47,59.06,16.72,0,low,Assam
23.53097,93.21191,1494.5,30.41,2.41,21.35,0.15,26.59,27.18,72.51,18.26,0,low,Mizoram
23.46809,93.35496,1826.4,37.96,30.29,49.92,2.23,23.05,29.76,67.53,32.67,0,low,Mizoram
24.88658,93.87333,556.0,54.65,257.37,530.89,71.46,82.0,94.63,88.39,100.0,3,critical,Manipur
27.28999,88.65256,1495.5,71.57,42.11,106.8,3.94,61.41,37.74,96.49,68.81,2,high,Sikkim
24.8219,94.02449,1078.1,43.93,134.92,269.15,30.21,67.53,66.62,77.28,82.54,3,critical,Manipur
23.47026,93.38455,1600.3,33.34,163.15,318.87,25.38,84.94,72.18,59.79,85.03,3,critical,Mizoram
25.3526,91.89397,1900.1,46.3,47.93,123.27,3.59,62.45,49.03,92.55,56.46,1,moderate,Meghalaya
23.42144,93.25124,1655.0,51.93,49.23,137.24,6.06,50.24,58.57,74.48,56.66,1,moderate,Mizoram
27.00782,93.80895,614.3,48.14,5.99,9.56,0.33,50.0,45.0,61.12,37.44,0,low,Arunachal Pradesh
26.95828,93.65032,652.8,28.99,112.35,300.03,17.29,70.21,90.0,68.68,74.29,2,high,Arunachal Pradesh
26.95858,88.27209,1965.2,32.8,260.97,622.09,75.46,88.56,87.74,69.75,100.0,3,critical,West Bengal
25.67041,91.89963,1872.6,31.97,43.24,119.47,5.0,64.9,59.25,88.17,48.75,1,moderate,Meghalaya
27.33162,88.48742,1609.5,54.02,132.08,278.67,28.27,95.0,90.0,100.0,100.0,3,critical,Sikkim
23.47873,93.25952,1285.1,43.35,62.67,106.64,4.09,60.26,59.34,76.14,48.02,1,moderate,Mizoram
24.82003,94.01143,972.4,31.44,75.88,139.61,7.44,47.08,35.08,90.9,45.89,1,moderate,Manipur
25.48507,91.80234,1920.8,36.33,154.75,359.36,15.87,93.15,70.03,78.45,86.27,3,critical,Meghalaya
30.73613,79.0632,3429.3,61.85,1.53,44.86,0.11,33.91,23.39,84.97,43.96,1,moderate,Uttarakhand
26.83084,88.23641,2170.0,40.07,26.87,49.58,1.81,42.67,43.67,83.89,34.87,0,low,West Bengal
31.02813,77.20287,2201.9,40.86,93.13,377.07,26.73,86.91,89.42,84.02,90.34,3,critical,Himachal Pradesh
11.62648,76.00854,928.1,38.97,44.62,103.21,3.02,45.89,42.71,95.18,45.18,1,moderate,Kerala
23.53636,93.08661,1744.1,45.28,51.09,152.71,4.91,69.01,48.14,56.91,56.9,1,moderate,Mizoram
26.09719,91.86524,50.0,37.27,6.18,15.46,0.28,29.23,29.3,76.79,28.03,0,low,Assam
31.01444,77.13521,2199.3,60.77,108.81,237.07,17.99,86.44,80.15,88.29,90.61,3,critical,Himachal Pradesh
25.53982,91.78461,1772.1,33.96,36.84,53.98,2.17,33.67,33.22,79.21,34.8,0,low,Meghalaya
27.32117,88.61389,1439.4,47.33,15.9,16.02,0.72,22.64,26.73,89.4,32.66,0,low,Sikkim
24.92754,93.91027,657.5,56.8,19.43,105.58,1.6,74.56,70.0,82.96,56.65,1,moderate,Manipur
31.11108,77.17409,2238.8,50.15,33.99,103.82,3.58,61.38,38.21,81.19,55.56,1,moderate,Himachal Pradesh
25.43722,91.84352,2029.2,41.47,15.61,38.58,1.17,19.34,25.82,87.07,29.83,0,low,Meghalaya
27.06431,88.56278,1637.7,56.51,50.22,88.13,5.23,35.0,48.13,86.85,55.09,1,moderate,Sikkim
11.63765,76.2214,1280.7,59.54,46.57,57.59,4.3,39.43,51.94,87.9,54.37,1,moderate,Kerala
26.93886,88.27623,2135.4,57.53,24.89,31.28,1.18,20.23,32.02,90.47,37.62,0,low,West Bengal
26.11975,91.63371,358.6,29.72,37.94,127.95,3.1,51.3,40.84,73.94,34.93,0,low,Assam
26.14657,91.66758,277.0,36.18,145.22,401.88,28.96,90.56,82.73,62.52,92.36,3,critical,Assam
27.07186,93.62778,566.0,35.22,2.44,14.37,0.13,28.4,36.33,52.03,27.61,0,low,Arunachal Pradesh
11.68306,76.08751,809.7,63.07,119.96,402.15,26.01,84.54,90.98,100.0,100.0,3,critical,Kerala
27.36368,88.60872,1626.7,61.51,53.8,109.51,6.51,47.8,49.18,83.77,64.84,2,high,Sikkim
31.09342,77.21218,2104.0,42.09,159.6,364.2,19.41,91.84,76.56,83.08,99.27,3,critical,Himachal Pradesh
27.13405,93.60046,979.4,29.37,12.63,18.5,0.72,21.62,28.32,61.32,17.32,0,low,Arunachal Pradesh
26.9808,88.26973,1905.0,48.36,30.24,87.8,3.43,58.79,46.27,72.22,44.24,1,moderate,West Bengal
11.6063,76.16817,755.0,68.47,67.17,106.43,4.38,75.0,49.38,95.9,74.0,2,high,Kerala
27.13408,93.56748,906.1,40.06,19.93,70.18,1.5,53.7,39.85,46.9,41.33,1,moderate,Arunachal Pradesh
11.69101,76.14075,999.0,45.21,89.04,255.4,14.95,81.59,80.69,86.39,73.3,2,high,Kerala
25.34919,91.82478,1689.2,34.39,42.95,103.78,5.1,41.27,45.85,59.89,42.25,1,moderate,Meghalaya
11.74582,76.07722,844.7,55.57,51.9,122.34,4.57,70.49,68.11,99.06,63.63,2,high,Kerala
27.06313,93.59066,823.6,42.19,130.33,355.64,17.39,90.62,70.35,55.07,90.43,3,critical,Arunachal Pradesh
24.69291,93.99994,783.9,46.98,2.95,6.07,0.22,16.1,22.44,75.19,25.74,0,low,Manipur
25.71412,94.13154,1433.0,50.88,49.53,247.65,7.35,82.69,67.69,69.1,68.42,2,high,Nagaland
27.46486,88.70862,1793.9,58.06,139.89,356.39,14.02,87.0,79.93,78.68,98.58,3,critical,Sikkim
31.10857,77.14388,1927.2,53.49,36.67,102.21,4.25,75.0,43.18,95.02,62.59,2,high,Himachal Pradesh
31.12855,77.04352,2216.5,40.29,30.13,96.91,3.02,56.12,54.68,94.05,43.33,1,moderate,Himachal Pradesh
30.83458,79.00645,3251.3,59.45,124.3,277.45,26.81,77.65,66.84,95.34,95.3,3,critical,Uttarakhand
25.59666,91.93205,2244.4,42.09,2.0,11.69,0.1,20.2,22.53,88.41,25.61,0,low,Meghalaya
30.78077,79.00652,3429.2,66.31,44.03,96.78,2.9,51.21,46.57,95.5,58.86,1,moderate,Uttarakhand
30.69104,78.93606,3593.5,60.86,57.9,124.13,6.8,45.59,66.83,75.6,59.13,1,moderate,Uttarakhand
30.62772,78.9946,3574.8,55.51,120.93,311.0,13.32,69.63,83.69,100.0,87.96,3,critical,Uttarakhand
26.98686,88.18671,2200.9,23.6,78.14,225.95,7.88,82.4,67.76,74.65,69.22,2,high,West Bengal
26.99121,93.45256,1072.1,28.11,63.42,128.54,5.53,38.18,45.53,52.51,37.5,0,low,Arunachal Pradesh
25.65417,94.10814,1384.6,42.65,174.9,424.87,67.67,99.0,85.22,79.24,100.0,3,critical,Nagaland
24.87921,93.81681,1017.7,41.49,13.7,50.24,0.72,24.28,21.04,79.78,30.05,0,low,Manipur
27.40572,88.67567,1650.8,39.78,35.01,125.32,4.19,53.44,55.62,98.67,49.57,1,moderate,Sikkim
26.95703,88.23194,1804.2,38.17,40.07,97.65,2.68,49.11,34.98,70.41,33.91,0,low,West Bengal
26.19683,91.64553,50.0,42.61,236.97,527.23,43.55,87.72,85.35,73.7,100.0,3,critical,Assam
26.05084,91.60343,50.0,40.0,29.35,120.77,4.47,63.78,34.91,70.02,44.45,1,moderate,Assam
27.51664,88.71367,1651.9,58.94,0.58,8.46,0.05,50.0,10.15,75.91,41.52,1,moderate,Sikkim
25.2501,91.85859,1503.6,53.88,7.88,70.54,0.34,41.73,28.2,97.3,41.15,1,moderate,Meghalaya
27.32102,88.61236,1620.9,71.7,53.8,135.18,3.52,46.46,61.42,86.55,66.5,2,high,Sikkim
31.01506,77.1612,2466.5,70.66,8.68,11.15,0.54,38.28,14.1,76.34,48.25,1,moderate,Himachal Pradesh
25.55869,92.03934,1835.6,39.87,119.46,357.65,13.46,95.0,77.92,93.62,89.49,3,critical,Meghalaya
23.52951,93.29351,1711.0,45.89,97.92,244.49,12.16,73.52,72.39,69.39,69.96,2,high,Mizoram
30.74879,79.09203,3532.7,57.07,87.53,309.57,12.38,69.07,66.74,99.86,86.0,3,critical,Uttarakhand
31.15354,77.18331,2332.7,45.07,45.09,94.18,3.27,52.05,39.28,86.45,40.67,1,moderate,Himachal Pradesh
30.80505,79.10858,3624.9,55.92,91.18,253.56,12.67,83.63,55.0,90.35,82.37,3,critical,Uttarakhand
27.13652,93.66455,1000.6,27.88,132.8,469.92,26.62,92.1,89.69,68.47,92.71,3,critical,Arunachal Pradesh
27.42225,88.58546,1684.4,41.45,128.23,397.47,20.15,81.09,84.02,92.99,90.74,3,critical,Sikkim
24.83831,93.91374,790.8,39.57,58.22,133.65,6.27,53.02,51.8,88.03,50.84,1,moderate,Manipur
27.04155,88.29069,1956.8,40.82,36.26,111.5,2.46,35.0,50.78,81.18,38.46,0,low,West Bengal
30.65415,79.07794,3613.3,58.77,63.54,114.59,5.16,66.79,33.07,84.04,63.2,2,high,Uttarakhand
27.35491,88.64757,1716.2,50.58,31.24,100.72,3.12,59.93,38.7,73.36,48.79,1,moderate,Sikkim
25.70508,94.15103,1471.0,48.42,120.0,315.57,23.88,85.86,77.47,79.77,91.92,3,critical,Nagaland
23.51087,93.28351,1546.2,30.15,62.97,139.35,8.07,45.7,46.71,76.42,48.33,1,moderate,Mizoram
25.25446,91.66954,1587.3,61.24,18.01,73.16,1.32,23.88,28.93,88.13,43.69,1,moderate,Meghalaya
27.46446,88.60982,1527.3,52.98,8.33,18.85,0.58,23.83,24.82,84.6,35.37,0,low,Sikkim
27.32109,88.59319,1507.5,54.16,104.86,310.86,19.38,75.57,67.81,100.0,93.36,3,critical,Sikkim
27.23218,88.53675,1527.0,54.69,11.84,25.69,0.83,33.94,19.96,91.32,33.88,0,low,Sikkim
24.84715,94.01887,929.2,36.32,4.88,29.8,0.28,44.12,17.76,77.5,27.38,0,low,Manipur
23.55145,93.33028,1779.4,22.74,37.32,105.02,3.26,39.69,52.42,73.96,31.85,0,low,Mizoram
27.37705,88.50515,1648.9,49.51,48.42,118.87,3.17,72.01,33.65,94.29,54.59,1,moderate,Sikkim
31.01972,77.18276,2295.7,59.54,0.0,40.5,0.0,54.55,61.62,100.0,50.33,1,moderate,Himachal Pradesh
25.15266,91.68989,1576.3,52.13,52.83,122.47,5.5,46.65,38.03,99.83,56.92,1,moderate,Meghalaya
27.38716,88.63472,1670.1,47.11,46.11,81.59,5.28,60.22,45.08,85.02,57.37,1,moderate,Sikkim
27.41659,88.73928,1695.8,45.87,60.63,102.25,9.64,38.9,50.36,75.42,48.83,1,moderate,Sikkim
25.4455,91.82019,1692.6,50.06,110.19,307.98,12.8,67.79,68.02,95.17,75.59,2,high,Meghalaya
25.61204,94.19521,1491.6,40.53,33.95,104.22,2.85,57.6,37.85,74.66,47.21,1,moderate,Nagaland
11.74116,76.22878,1053.1,49.25,20.15,34.41,1.61,30.96,22.45,100.0,37.38,0,low,Kerala
26.11144,91.67259,122.1,30.53,5.62,19.29,0.44,15.13,12.17,70.8,16.37,0,low,Assam
30.65601,79.04295,3393.9,65.38,85.19,285.77,11.64,80.84,81.0,100.0,96.68,3,critical,Uttarakhand
27.42382,88.57192,1508.3,53.32,35.09,90.72,3.4,69.14,51.62,78.32,58.02,1,moderate,Sikkim
25.624,91.89597,1982.4,28.19,44.59,124.27,3.34,75.0,42.89,82.84,48.09,1,moderate,Meghalaya
27.07256,88.20288,2171.1,58.96,129.45,324.37,19.33,75.45,82.94,83.61,92.75,3,critical,West Bengal
26.18076,91.83738,50.0,28.57,53.57,127.84,5.05,75.0,48.23,65.8,49.02,1,moderate,Assam
27.43923,88.59374,1828.1,50.8,110.9,316.03,11.28,82.07,59.1,81.26,83.04,3,critical,Sikkim
11.62901,76.19933,1035.8,55.86,229.3,623.15,66.66,99.0,91.15,99.59,100.0,3,critical,Kerala
26.12211,91.58102,50.0,27.61,39.44,101.32,2.84,60.81,54.58,68.67,44.06,1,moderate,Assam
26.14046,91.73721,50.0,22.71,23.94,69.14,2.63,49.0,42.96,70.45,31.36,0,low,Assam
24.77419,93.90135,764.5,34.78,46.86,116.06,3.66,41.68,42.4,95.52,38.97,0,low,Manipur
25.739,94.12829,1404.5,42.1,1.35,6.63,0.07,28.5,22.16,84.73,30.56,0,low,Nagaland
25.67384,94.18699,1600.7,38.26,52.55,122.37,5.3,43.49,58.14,87.73,46.12,1,moderate,Nagaland
31.15325,77.15853,2456.3,54.37,6.15,10.6,0.4,42.71,20.83,100.0,39.43,0,low,Himachal Pradesh
27.12025,93.72298,816.0,30.12,81.28,144.43,9.48,61.54,58.72,60.5,51.65,1,moderate,Arunachal Pradesh
27.03028,93.66605,660.7,25.49,314.25,552.64,75.82,90.51,98.0,54.74,100.0,3,critical,Arunachal Pradesh
27.36504,88.58897,1844.1,49.67,39.99,107.7,5.05,43.9,38.06,97.44,48.47,1,moderate,Sikkim
25.65801,91.85453,1993.8,52.31,160.56,524.29,75.33,94.96,98.0,83.94,100.0,3,critical,Meghalaya
25.63391,94.18792,1527.7,38.0,9.11,9.52,0.47,22.24,23.78,76.88,30.8,0,low,Nagaland
27.34716,88.53603,1717.9,53.51,4.68,6.92,0.21,42.1,31.62,93.97,41.32,1,moderate,Sikkim
11.77272,76.05079,772.5,46.67,6.59,63.8,0.41,19.78,22.84,97.15,36.44,0,low,Kerala
11.75331,76.22031,966.2,23.48,27.03,95.37,2.03,75.0,61.35,86.89,50.84,1,moderate,Kerala
26.20523,91.74653,50.0,34.55,244.82,546.94,83.3,91.73,91.41,75.03,100.0,3,critical,Assam
23.43249,93.18674,1648.7,47.28,6.09,10.09,0.27,34.16,25.98,68.13,28.8,0,low,Mizoram
25.32717,91.566,1603.9,45.31,62.96,113.65,6.59,51.53,67.35,95.4,52.11,1,moderate,Meghalaya
25.50131,91.85026,1935.7,46.83,50.4,96.41,5.65,59.98,53.14,96.0,52.89,1,moderate,Meghalaya
27.0722,88.22901,2068.3,37.4,157.49,270.31,26.46,92.01,77.98,72.33,86.0,3,critical,West Bengal
27.1298,93.60969,637.7,36.95,72.75,121.95,8.34,75.0,60.72,60.72,58.92,1,moderate,Arunachal Pradesh
27.13602,93.59799,811.0,26.56,9.45,31.31,0.66,42.99,29.56,61.31,25.52,0,low,Arunachal Pradesh
30.74214,79.23535,3558.9,65.35,214.72,533.71,81.22,89.29,94.29,100.0,100.0,3,critical,Uttarakhand
27.10155,88.25572,2017.9,43.12,151.2,385.13,20.69,77.06,73.0,72.05,87.09,3,critical,West Bengal
25.74701,94.22325,1271.1,42.86,246.42,650.97,68.56,94.29,87.51,73.77,100.0,3,critical,Nagaland
11.6333,76.04106,660.6,61.5,3.59,17.74,0.2,11.98,32.38,90.63,39.98,0,low,Kerala
25.67334,94.06724,1441.7,60.11,152.78,289.18,20.09,72.9,80.4,82.84,92.83,3,critical,Nagaland
25.37221,91.68267,1512.1,46.38,152.96,316.65,16.25,82.09,88.05,90.26,90.73,3,critical,Meghalaya
25.79049,93.99572,1494.7,40.82,3.06,14.12,0.13,34.31,23.24,81.44,30.25,0,low,Nagaland
24.77206,94.01116,892.1,45.81,1.16,4.9,0.07,15.64,29.65,78.87,27.76,0,low,Manipur
30.76159,78.93304,3502.3,59.34,61.17,84.31,3.93,52.71,53.92,92.65,60.02,2,high,Uttarakhand
27.13637,93.65095,723.5,33.26,122.57,310.53,15.9,77.94,65.44,42.0,67.95,2,high,Arunachal Pradesh
24.83429,93.94984,642.3,36.16,27.92,82.24,2.82,55.7,57.88,87.55,41.34,1,moderate,Manipur
25.22771,91.77691,1615.7,48.17,70.53,92.55,6.05,55.94,57.53,94.47,57.11,1,moderate,Meghalaya
27.04003,88.10155,2337.8,30.12,43.54,292.44,5.26,73.62,73.07,79.34,65.13,2,high,West Bengal
31.1504,77.13325,2528.1,45.9,26.49,49.68,1.33,19.68,32.27,99.62,34.54,0,low,Himachal Pradesh
25.1414,91.74477,1469.0,54.25,80.39,285.09,17.84,89.74,77.93,82.1,84.61,3,critical,Meghalaya
30.58329,79.08543,3875.3,58.65,29.31,90.5,1.99,48.25,47.08,91.51,54.82,1,moderate,Uttarakhand
26.10236,91.61698,138.7,25.38,0.55,23.21,0.03,10.5,21.93,69.13,16.1,0,low,Assam
25.67445,94.0724,1397.0,40.68,138.27,279.18,26.05,70.2,72.79,69.43,79.82,2,high,Nagaland
26.9457,93.69705,828.6,41.66,10.74,27.44,0.77,14.84,38.27,61.1,30.46,0,low,Arunachal Pradesh
26.89596,88.25065,1992.3,40.71,156.01,304.81,30.52,90.11,82.0,81.2,94.3,3,critical,West Bengal
25.64353,94.12802,1286.6,39.61,21.12,39.47,0.94,34.7,22.68,72.63,27.38,0,low,Nagaland
25.38481,91.70222,1648.0,47.37,146.76,296.38,20.89,74.23,76.64,77.26,92.72,3,critical,Meghalaya
27.01111,88.28938,1856.9,31.28,34.65,84.39,3.75,75.0,56.98,71.68,45.34,1,moderate,West Bengal
30.78568,79.05114,3639.9,62.95,54.71,75.23,4.95,62.07,32.19,86.36,58.08,1,moderate,Uttarakhand
25.3567,91.78132,1725.5,44.69,36.93,89.19,4.94,54.92,65.08,80.85,45.54,1,moderate,Meghalaya
31.04795,77.12643,2252.0,41.3,58.86,87.02,3.74,58.28,40.53,100.0,49.5,1,moderate,Himachal Pradesh
25.66094,94.15496,1574.1,58.9,43.09,89.73,3.53,51.76,62.32,74.99,51.0,1,moderate,Nagaland
24.8392,93.95331,738.5,29.35,38.5,100.48,2.65,60.94,44.96,78.6,38.88,0,low,Manipur
30.71088,79.00559,3674.0,63.25,189.01,529.72,41.71,86.16,98.0,88.86,100.0,3,critical,Uttarakhand
30.67157,79.055,3585.6,47.55,13.5,65.3,0.92,42.52,49.69,90.43,44.7,1,moderate,Uttarakhand
24.98271,94.02437,698.6,29.09,242.91,588.2,57.61,83.27,76.97,72.0,100.0,3,critical,Manipur
25.62572,91.74948,1666.2,37.3,11.68,22.53,0.81,25.75,31.9,71.93,21.15,0,low,Meghalaya
24.8748,93.8243,306.2,39.93,15.98,21.36,1.09,21.18,17.1,77.12,23.82,0,low,Manipur
27.30453,88.61128,1784.9,59.32,9.25,16.31,0.57,14.91,27.61,87.15,41.45,1,moderate,Sikkim
26.79441,88.08613,2022.1,55.53,12.96,22.58,0.59,30.21,11.94,82.32,34.13,0,low,West Bengal
27.26156,88.70436,1727.6,57.03,15.74,57.39,0.74,38.34,13.66,84.94,43.72,1,moderate,Sikkim
27.06379,88.34671,2010.2,53.53,330.67,675.9,74.7,98.54,93.85,85.22,100.0,3,critical,West Bengal
26.19561,91.73123,50.0,30.83,38.51,111.18,5.25,35.0,65.51,77.04,40.72,1,moderate,Assam
23.38256,93.23893,1850.6,45.95,48.31,90.09,4.8,63.95,55.88,71.06,48.4,1,moderate,Mizoram
27.41931,88.6871,1428.3,54.48,3.89,42.14,0.17,33.3,21.19,90.17,37.79,0,low,Sikkim
30.65973,79.1047,3536.3,59.54,157.94,550.84,38.33,90.82,90.18,95.74,100.0,3,critical,Uttarakhand
31.09599,77.22197,2095.6,52.16,57.66,147.13,7.18,60.03,49.5,90.28,59.28,1,moderate,Himachal Pradesh
24.8572,93.95562,760.0,39.67,3.82,6.42,0.3,29.1,28.38,92.58,26.49,0,low,Manipur
27.29096,88.62461,1618.1,54.0,27.63,65.86,1.97,54.98,40.17,94.44,50.77,1,moderate,Sikkim
26.26521,91.77003,50.0,27.05,42.62,61.41,1.94,30.44,22.88,72.46,26.75,0,low,Assam
25.42509,91.91401,1841.0,41.86,37.09,105.34,2.33,45.43,66.25,84.72,41.01,1,moderate,Meghalaya
27.23101,88.33284,2184.6,54.88,108.04,247.72,14.12,77.91,88.09,83.64,81.47,3,critical,West Bengal
11.70791,76.28902,817.3,43.85,8.48,19.78,0.43,32.26,12.34,98.88,33.27,0,low,Kerala
30.81166,79.11955,3774.8,45.25,152.93,349.94,17.9,76.47,78.34,95.6,92.32,3,critical,Uttarakhand
25.3382,91.63167,1647.8,48.11,16.93,24.06,1.3,27.01,15.58,87.23,38.61,0,low,Meghalaya
25.63488,94.00006,1244.9,36.58,123.63,326.11,21.11,85.35,70.58,76.35,84.3,3,critical,Nagaland
31.04752,77.09394,2304.9,54.32,130.7,247.63,14.98,76.08,74.17,100.0,88.35,3,critical,Himachal Pradesh
26.05885,91.6876,50.0,25.2,223.35,526.23,91.65,89.41,92.86,65.25,100.0,3,critical,Assam
25.2106,91.6244,1338.2,47.7,188.84,495.63,67.82,82.0,77.47,88.57,100.0,3,critical,Meghalaya
24.71915,93.99101,1091.5,36.22,116.94,318.47,14.28,91.27,56.88,69.26,75.46,2,high,Manipur
25.54118,91.90089,1937.8,47.71,0.33,26.12,0.02,24.78,19.77,85.79,33.22,0,low,Meghalaya
25.28943,91.56343,1513.0,43.61,33.38,102.25,3.52,35.0,30.0,100.0,42.15,1,moderate,Meghalaya
26.89408,88.20106,2169.2,42.57,26.8,66.42,2.27,52.68,43.64,89.71,42.21,1,moderate,West Bengal
25.50328,91.91654,1993.8,40.67,30.33,109.35,2.54,43.15,42.1,84.9,43.56,1,moderate,Meghalaya
23.43379,93.35694,1876.2,22.47,252.61,577.3,82.35,87.77,82.44,75.5,100.0,3,critical,Mizoram
31.24787,77.20242,2458.2,54.46,0.07,26.64,0.0,21.29,31.53,88.27,33.88,0,low,Himachal Pradesh
23.44593,93.18884,1731.5,42.64,259.69,685.44,63.78,90.54,85.41,76.44,100.0,3,critical,Mizoram
25.37236,91.55265,1505.4,28.05,1.73,46.45,0.08,46.29,20.35,84.27,23.83,0,low,Meghalaya
25.62465,91.90764,1962.8,34.15,170.39,358.73,23.65,76.26,59.74,90.92,84.15,3,critical,Meghalaya
26.25205,91.74758,241.0,40.97,219.48,650.27,107.97,85.49,91.22,52.25,100.0,3,critical,Assam
24.71984,93.8977,504.4,28.03,34.51,147.98,3.42,67.82,49.01,95.77,46.12,1,moderate,Manipur
25.40566,91.88178,1453.5,56.19,24.95,75.19,3.68,64.85,49.09,93.4,55.25,1,moderate,Meghalaya
25.6264,94.01663,1233.1,58.33,4.98,24.44,0.34,10.0,21.41,72.57,30.36,0,low,Nagaland
25.58446,94.13756,1623.5,43.08,38.79,77.31,3.99,35.12,66.32,73.23,39.19,0,low,Nagaland
24.73367,93.7959,655.0,30.78,48.44,107.26,3.72,56.87,30.7,86.31,44.41,1,moderate,Manipur
24.86912,93.89579,870.5,50.33,365.03,686.48,70.67,90.94,86.73,77.95,100.0,3,critical,Manipur
26.24386,91.85945,222.5,34.76,99.57,261.74,11.89,76.67,73.45,82.92,65.7,2,high,Assam
27.0488,93.61455,769.6,25.57,45.51,83.32,6.44,62.75,60.14,60.61,41.85,1,moderate,Arunachal Pradesh
25.43368,91.81061,2040.0,42.06,125.44,352.05,18.37,79.35,70.99,92.54,88.15,3,critical,Meghalaya
24.81026,93.90982,984.2,58.15,1.01,4.51,0.05,50.0,30.28,82.56,40.25,1,moderate,Manipur
30.76801,79.05878,3695.6,52.86,73.13,130.9,7.01,54.26,54.08,100.0,64.71,2,high,Uttarakhand
27.37667,88.66409,1825.9,52.14,252.31,517.64,45.41,87.42,89.2,95.37,100.0,3,critical,Sikkim
31.15196,77.19149,2142.9,52.63,36.58,91.5,3.99,46.17,37.17,91.11,45.61,1,moderate,Himachal Pradesh
30.89368,79.03227,3785.7,55.45,0.99,16.98,0.06,27.89,39.9,100.0,37.22,0,low,Uttarakhand
24.84013,93.85849,760.0,37.33,124.73,266.48,20.7,71.09,72.48,76.44,74.32,2,high,Manipur
25.58547,94.15964,1452.5,47.33,0.65,11.9,0.04,22.44,20.75,83.0,25.59,0,low,Nagaland
27.15043,88.2302,1829.7,53.45,110.44,269.6,12.85,74.5,80.65,82.02,82.78,3,critical,West Bengal
25.51592,91.81949,2147.5,51.82,2.36,2.71,0.1,12.06,19.74,82.32,27.29,0,low,Meghalaya
30.69343,79.08868,3528.4,38.34,155.1,303.22,24.68,73.79,68.89,99.07,85.38,3,critical,Uttarakhand
25.10861,91.50341,1552.1,49.03,161.67,332.33,31.37,95.0,58.83,90.19,100.0,3,critical,Meghalaya
26.99161,88.29901,2035.9,40.27,35.04,71.07,4.83,35.0,44.88,89.35,39.66,0,low,West Bengal
31.13489,77.20244,2146.9,61.45,55.96,103.75,9.29,43.58,60.79,89.54,65.79,2,high,Himachal Pradesh
31.09603,77.27449,2185.2,53.52,6.88,51.27,0.29,36.88,22.92,95.92,36.75,0,low,Himachal Pradesh
30.74402,79.17401,3553.8,53.65,7.98,9.71,0.48,17.37,13.57,100.0,27.22,0,low,Uttarakhand
25.18266,91.69903,1534.3,54.79,117.85,295.44,21.78,83.64,83.9,89.65,94.31,3,critical,Meghalaya
25.12227,91.69571,1584.4,45.3,2.9,40.93,0.15,39.26,44.05,85.23,37.81,0,low,Meghalaya
25.65424,94.09131,1365.6,44.3,67.86,121.3,8.15,49.62,50.25,71.17,50.75,1,moderate,Nagaland
25.68018,94.05889,1378.6,47.76,260.72,522.23,51.12,90.41,93.49,78.39,100.0,3,critical,Nagaland
25.34612,91.70068,1174.4,40.6,2.19,47.56,0.16,27.26,40.23,100.0,36.89,0,low,Meghalaya
30.89973,78.8718,3450.5,62.67,34.12,60.6,2.61,35.0,64.66,100.0,55.09,1,moderate,Uttarakhand
27.32093,88.62052,1603.4,50.62,46.8,68.01,2.12,33.56,33.31,76.32,42.89,1,moderate,Sikkim
11.7127,76.33782,1090.8,56.21,40.4,118.23,5.4,57.69,55.4,93.34,61.42,2,high,Kerala
26.1272,91.68595,100.5,35.13,4.11,26.22,0.31,36.31,25.66,62.82,26.33,0,low,Assam
24.68943,93.89365,735.8,38.69,4.18,15.19,0.18,22.74,23.23,77.72,24.55,0,low,Manipur
25.60326,91.86824,1695.8,65.94,17.21,25.79,1.34,37.23,20.65,98.97,52.33,1,moderate,Meghalaya
25.52069,91.98734,2036.8,45.49,3.78,5.64,0.25,36.79,23.23,75.47,25.86,0,low,Meghalaya
27.41127,88.49264,1651.3,64.88,147.93,288.57,15.56,84.17,66.9,87.08,95.98,3,critical,Sikkim
25.75746,93.99036,1338.8,43.36,48.28,135.67,4.76,74.04,35.69,83.7,57.21,1,moderate,Nagaland
27.11548,93.66985,860.2,45.21,78.75,166.05,9.25,73.25,55.0,69.84,62.8,2,high,Arunachal Pradesh
31.1241,77.09874,2445.4,53.56,0.11,39.12,0.01,30.91,36.63,76.59,36.13,0,low,Himachal Pradesh
26.06173,91.6855,335.2,25.9,126.54,291.37,14.92,65.67,72.57,73.75,70.25,2,high,Assam
25.55961,91.92814,1866.8,52.29,3.36,8.1,0.15,32.78,18.17,82.94,31.68,0,low,Meghalaya
25.2462,91.83496,1478.1,49.55,2.21,6.47,0.14,32.87,42.0,81.84,37.68,0,low,Meghalaya
31.1075,77.17801,2413.7,54.54,151.86,318.98,17.42,80.63,75.51,82.63,96.7,3,critical,Himachal Pradesh
25.36331,91.77248,1103.3,43.76,52.19,158.95,3.38,52.17,61.82,87.51,59.85,1,moderate,Meghalaya
27.12219,88.25651,1894.0,46.9,54.8,86.56,3.86,43.05,37.72,75.37,45.74,1,moderate,West Bengal
25.13456,91.72213,1281.7,39.17,65.88,156.17,7.55,64.28,40.18,93.44,55.06,1,moderate,Meghalaya
27.13328,93.69752,780.2,26.46,107.79,305.71,12.68,76.35,65.09,56.23,67.64,2,high,Arunachal Pradesh
27.27162,88.29213,1945.8,31.89,9.17,12.22,0.49,30.11,17.6,66.35,23.86,0,low,West Bengal
25.69155,94.04301,1537.7,27.44,6.18,10.83,0.49,31.54,31.06,74.4,18.45,0,low,Nagaland
25.94078,91.67668,50.0,32.74,132.12,284.38,30.62,65.43,75.04,55.15,75.83,2,high,Assam
25.41381,91.78127,1344.3,52.58,27.52,28.32,1.49,39.25,30.59,100.0,43.69,1,moderate,Meghalaya
25.59842,94.21607,1507.2,46.23,1.3,24.26,0.06,18.18,17.52,87.71,29.96,0,low,Nagaland
27.21354,93.61821,731.3,37.88,21.48,25.59,1.16,19.6,26.1,56.31,21.6,0,low,Arunachal Pradesh
27.05802,88.40831,1813.8,35.84,0.29,1.91,0.01,41.27,28.36,81.85,28.53,0,low,West Bengal
26.02569,91.74262,52.5,39.06,30.64,44.46,1.56,23.95,5.0,64.08,30.68,0,low,Assam
27.10221,88.30854,2231.2,49.46,42.05,118.57,4.39,46.28,56.0,74.98,55.3,1,moderate,West Bengal
23.46296,93.40368,1569.8,34.75,46.91,85.16,4.29,75.0,38.18,70.96,49.18,1,moderate,Mizoram
25.23293,91.69274,1466.3,32.69,36.57,88.0,3.78,46.09,64.66,78.2,39.07,0,low,Meghalaya
27.00763,88.3241,1895.0,45.11,34.87,58.6,2.63,52.06,52.8,83.65,41.92,1,moderate,West Bengal
25.63691,91.82956,1884.4,48.97,22.0,25.71,1.09,29.11,36.02,93.55,43.49,1,moderate,Meghalaya
30.74829,79.04984,3437.1,55.54,30.07,104.38,2.02,52.77,57.85,89.12,57.19,1,moderate,Uttarakhand
23.47811,93.34635,1699.3,30.33,51.67,119.23,3.92,53.87,39.31,72.21,43.77,1,moderate,Mizoram
25.77483,91.78777,1704.4,38.86,3.13,32.73,0.24,15.08,17.36,72.46,24.98,0,low,Meghalaya
11.60538,76.08586,853.6,43.75,120.18,279.65,23.39,78.33,86.22,86.39,86.16,3,critical,Kerala
23.54546,93.27797,1859.9,49.84,43.17,118.08,6.32,55.64,63.17,77.07,43.51,1,moderate,Mizoram
25.73341,94.12419,1450.6,40.06,171.42,485.32,48.46,82.59,79.77,77.09,100.0,3,critical,Nagaland
26.10557,91.83946,255.2,47.99,103.96,241.4,15.74,70.63,74.85,83.23,72.2,2,high,Assam
30.81597,79.01932,3622.1,65.0,11.93,96.97,0.81,49.74,21.95,98.05,60.08,2,high,Uttarakhand
25.28658,91.73555,1321.7,49.41,40.93,130.9,4.72,69.97,58.11,87.63,54.94,1,moderate,Meghalaya
25.67904,91.90432,2011.8,40.97,112.1,254.15,19.27,72.46,63.77,84.45,81.25,3,critical,Meghalaya
27.25516,93.61451,813.3,36.02,49.18,90.74,4.9,53.08,55.48,56.88,43.1,1,moderate,Arunachal Pradesh
11.69648,76.08869,822.3,43.88,39.27,103.11,2.69,55.27,57.81,100.0,47.58,1,moderate,Kerala
25.63095,94.16555,1481.6,52.61,27.35,86.04,1.82,69.97,70.0,93.1,57.14,1,moderate,Nagaland
30.79613,79.01944,3555.9,57.33,60.47,159.43,6.39,38.7,52.16,86.98,56.94,1,moderate,Uttarakhand
26.19635,91.80026,50.0,28.17,119.32,302.52,14.71,91.21,75.84,68.15,79.45,2,high,Assam
25.17451,91.80353,1580.1,42.64,112.5,219.73,15.01,74.45,88.04,100.0,71.89,2,high,Meghalaya
24.78191,94.03123,603.0,47.2,0.98,5.65,0.08,35.43,21.16,99.55,31.0,0,low,Manipur
11.54602,76.07275,937.6,42.77,176.06,325.59,28.58,76.69,67.88,100.0,96.39,3,critical,Kerala
25.78883,94.0972,1025.9,44.41,14.47,18.94,0.72,27.67,34.89,78.26,35.76,0,low,Nagaland
25.12456,91.79078,1415.8,51.36,158.38,392.25,28.31,76.21,90.0,85.09,100.0,3,critical,Meghalaya
24.75661,93.92076,795.6,45.0,139.51,250.01,18.23,81.43,73.27,86.53,78.14,2,high,Manipur
27.03329,88.25813,2160.5,43.61,24.07,73.43,1.59,42.97,59.33,79.19,36.43,0,low,West Bengal
11.61231,76.20992,982.1,54.68,179.4,483.39,34.13,99.0,85.47,97.86,100.0,3,critical,Kerala
24.88485,93.87469,972.7,23.61,83.52,341.6,10.17,65.0,59.05,81.29,59.74,1,moderate,Manipur
25.2236,91.63749,1557.5,51.34,1.12,26.25,0.06,33.87,35.36,92.86,38.2,0,low,Meghalaya
25.56058,91.84244,1848.6,44.7,301.75,644.38,85.53,87.27,87.22,80.64,100.0,3,critical,Meghalaya
31.07929,77.25108,2283.8,59.51,0.12,10.78,0.01,22.8,33.45,73.11,36.87,0,low,Himachal Pradesh
31.14681,77.15159,2252.1,58.99,128.28,304.41,15.79,91.52,67.48,97.04,97.47,3,critical,Himachal Pradesh
31.17404,77.05884,2106.8,50.95,49.28,114.65,3.37,55.25,50.82,73.11,54.84,1,moderate,Himachal Pradesh
25.59379,91.88333,2138.1,45.23,96.12,269.8,13.66,75.71,90.0,77.27,78.03,2,high,Meghalaya
26.16094,91.8713,100.1,43.04,0.55,2.57,0.03,27.62,13.28,71.84,27.09,0,low,Assam
26.10966,91.71657,50.0,21.6,160.63,317.81,16.6,80.13,76.79,65.92,74.68,2,high,Assam
24.75321,93.84136,810.8,31.08,37.66,103.49,2.55,56.07,53.8,58.76,41.27,1,moderate,Manipur
27.1121,93.69241,666.6,45.57,68.16,109.44,6.95,67.57,59.21,44.07,52.44,1,moderate,Arunachal Pradesh
25.58126,94.07681,1471.5,48.0,23.08,55.03,1.1,43.07,25.76,86.45,42.0,1,moderate,Nagaland
27.15688,93.69307,855.3,32.24,31.02,61.93,2.93,75.0,30.0,54.87,43.98,1,moderate,Arunachal Pradesh
25.58302,91.89451,1811.3,46.15,47.57,87.07,3.88,61.71,38.86,91.91,49.05,1,moderate,Meghalaya
23.38019,93.21981,1499.2,48.13,62.74,155.44,5.81,52.59,50.35,69.07,50.02,1,moderate,Mizoram
24.83974,93.88767,958.6,43.0,36.48,116.92,2.39,54.62,60.11,76.04,48.63,1,moderate,Manipur
25.64643,91.86035,1760.0,38.11,9.35,19.06,0.42,18.75,25.68,73.1,23.56,0,low,Meghalaya
31.00842,77.077,2018.6,47.93,60.18,84.68,6.95,50.1,35.2,85.3,50.12,1,moderate,Himachal Pradesh
24.77502,93.79162,1071.3,49.09,8.81,10.55,0.52,26.61,27.1,87.01,35.37,0,low,Manipur
27.42399,88.45968,1600.8,51.67,47.71,117.99,5.54,48.77,43.53,89.13,55.5,1,moderate,Sikkim
25.47539,91.85212,1804.3,56.27,9.01,31.19,0.41,21.16,31.49,98.45,39.71,0,low,Meghalaya
25.60383,91.72012,2057.9,33.21,1.39,13.6,0.06,31.61,10.98,95.02,21.93,0,low,Meghalaya
27.15087,93.57343,585.7,41.44,1.57,12.93,0.08,35.43,18.87,76.78,27.49,0,low,Arunachal Pradesh
24.73917,93.80707,934.1,39.25,164.13,279.62,29.43,76.61,85.72,92.17,84.71,3,critical,Manipur
11.69451,76.08282,1084.3,55.23,71.23,126.74,4.97,56.31,48.94,98.64,57.28,1,moderate,Kerala
26.09804,91.76533,50.0,29.68,18.68,40.96,2.11,75.0,52.87,76.07,44.32,1,moderate,Assam
24.81589,93.8654,571.1,31.41,7.41,10.7,0.51,28.58,22.79,91.4,19.46,0,low,Manipur
31.13344,77.09724,2239.5,43.63,87.89,298.91,16.01,68.28,83.52,87.06,77.88,2,high,Himachal Pradesh
25.94468,91.68269,50.0,39.46,54.58,81.67,3.65,47.94,58.45,68.73,37.83,0,low,Assam
25.54264,91.97776,2077.1,41.94,7.87,11.68,0.45,32.96,35.23,86.73,30.48,0,low,Meghalaya
25.52453,91.94174,2024.3,32.97,204.92,514.67,63.47,87.53,86.72,84.43,100.0,3,critical,Meghalaya
11.65054,76.19016,942.7,57.43,67.84,143.02,9.47,35.0,51.55,78.85,51.74,1,moderate,Kerala
26.0853,91.74592,50.0,37.42,36.29,87.52,4.33,75.0,50.63,75.41,50.07,1,moderate,Assam
25.98891,91.64913,226.2,41.51,57.25,124.31,4.25,59.04,58.65,68.31,46.02,1,moderate,Assam
27.01461,93.52609,882.0,43.4,140.28,303.22,16.37,77.87,75.95,62.45,84.62,3,critical,Arunachal Pradesh
24.80968,93.86407,984.0,41.79,125.33,276.21,13.96,78.6,90.0,79.19,76.81,2,high,Manipur
25.65235,91.88962,2103.4,28.28,119.77,235.2,12.52,95.0,66.27,90.42,72.68,2,high,Meghalaya
24.8703,93.96753,853.1,42.92,130.09,331.02,15.27,73.98,74.75,83.92,81.69,3,critical,Manipur
31.1403,77.22003,2115.2,40.54,264.0,636.28,50.86,97.01,98.0,78.29,100.0,3,critical,Himachal Pradesh
26.99416,88.19335,1920.9,43.92,31.02,70.12,1.99,68.29,56.66,76.07,49.53,1,moderate,West Bengal
27.03608,88.22634,2100.2,58.95,4.72,32.48,0.36,32.14,25.19,83.75,40.04,1,moderate,West Bengal
27.01218,88.10395,1822.0,37.39,45.02,221.05,7.85,88.23,86.64,84.93,63.76,2,high,West Bengal
25.39829,91.77161,1840.4,38.24,38.3,100.01,2.41,61.07,42.77,82.6,38.69,0,low,Meghalaya
11.68587,76.03945,921.4,50.56,61.25,104.44,5.09,63.63,52.61,100.0,62.07,2,high,Kerala
27.07375,93.60352,993.2,36.8,5.26,17.4,0.29,10.0,35.77,61.06,20.16,0,low,Arunachal Pradesh
30.69728,79.01777,3523.9,61.71,1.75,21.0,0.07,26.2,30.15,89.98,41.94,1,moderate,Uttarakhand
24.88843,93.77491,856.9,31.03,38.12,86.96,5.32,61.01,49.21,77.81,41.13,1,moderate,Manipur
30.71661,78.99599,3443.2,61.19,200.43,347.03,99.71,86.58,98.0,97.75,100.0,3,critical,Uttarakhand
27.02466,93.57751,573.2,35.55,141.78,270.68,28.71,89.57,81.15,66.72,84.1,3,critical,Arunachal Pradesh
27.02388,93.58739,929.4,33.76,0.83,18.15,0.05,34.18,19.68,60.04,26.97,0,low,Arunachal Pradesh
27.08725,93.61576,910.6,30.16,268.37,584.03,44.92,86.58,89.67,57.29,100.0,3,critical,Arunachal Pradesh
11.76505,76.12465,660.5,49.68,1.29,3.81,0.06,32.38,21.13,97.29,26.17,0,low,Kerala
27.24178,88.57521,1730.0,49.2,37.91,89.33,3.31,47.34,57.59,75.62,43.96,1,moderate,Sikkim
11.47297,76.04727,858.0,48.33,40.46,65.91,3.88,44.59,61.35,91.43,45.07,1,moderate,Kerala
23.46089,93.25122,1557.8,32.67,108.69,300.44,15.43,89.41,83.24,74.0,74.46,2,high,Mizoram
25.55329,91.77802,2009.7,33.71,40.9,92.26,4.02,41.65,60.18,78.16,35.62,0,low,Meghalaya
31.06169,77.25496,2368.8,59.99,59.67,225.2,14.49,65.0,72.85,85.11,77.48,2,high,Himachal Pradesh
11.5927,75.93091,809.3,52.02,35.92,72.9,4.22,60.72,70.0,99.06,60.77,2,high,Kerala
25.48772,91.83908,1865.7,43.67,31.34,101.1,3.66,75.0,41.83,87.88,53.33,1,moderate,Meghalaya
31.14414,77.11856,2364.0,48.44,138.88,261.17,18.42,77.66,73.81,86.05,82.85,3,critical,Himachal Pradesh
27.46841,88.47562,1691.4,68.7,164.41,469.45,31.56,86.35,93.79,90.03,100.0,3,critical,Sikkim
24.757,93.89744,753.0,34.02,9.86,33.14,0.65,27.98,31.99,90.43,24.03,0,low,Manipur
24.95697,93.98771,750.7,44.39,10.2,19.26,0.46,31.08,18.0,77.48,26.82,0,low,Manipur
23.43931,93.22588,1808.4,48.67,5.43,12.23,0.34,29.07,24.53,61.32,28.03,0,low,Mizoram
23.45668,93.21766,1912.3,42.15,19.14,20.57,0.8,32.0,14.15,46.23,25.84,0,low,Mizoram
24.77789,93.85139,651.5,50.85,60.91,102.78,3.96,62.66,43.98,86.96,52.26,1,moderate,Manipur
31.13623,77.13061,2349.8,45.7,9.3,37.14,0.64,28.12,24.63,100.0,25.53,0,low,Himachal Pradesh
25.55129,91.748,1940.9,35.12,83.59,154.98,10.37,55.63,46.39,90.55,54.97,1,moderate,Meghalaya
25.32456,91.70518,1478.6,46.96,53.93,78.09,5.81,49.64,61.58,92.78,53.37,1,moderate,Meghalaya
23.39326,93.28865,1790.1,46.85,41.58,112.17,6.51,73.07,37.52,80.01,54.12,1,moderate,Mizoram
25.57256,94.14511,1432.1,45.37,48.32,94.42,7.01,35.0,62.86,78.76,51.24,1,moderate,Nagaland
25.72765,91.75799,1945.4,32.56,102.37,287.96,18.52,84.59,90.0,97.74,81.5,3,critical,Meghalaya
24.78199,93.83506,1006.9,34.12,46.64,113.62,5.11,58.66,51.88,77.94,39.47,0,low,Manipur
25.36468,91.63576,1680.1,60.19,71.73,150.09,8.68,45.81,39.5,97.88,66.13,2,high,Meghalaya
25.50046,91.89271,2105.4,51.32,8.17,45.57,0.49,27.79,30.14,84.53,35.17,0,low,Meghalaya
25.65654,94.12183,1607.0,53.14,214.13,478.96,93.28,96.02,89.87,74.48,100.0,3,critical,Nagaland
11.70773,76.1248,902.9,52.23,1.34,9.59,0.07,10.0,26.54,100.0,27.03,0,low,Kerala
25.44152,91.78071,1126.2,49.49,57.79,102.35,7.47,74.94,45.25,86.71,58.16,1,moderate,Meghalaya
23.31483,93.24878,1741.4,55.53,2.91,29.45,0.18,17.86,34.59,72.43,33.67,0,low,Mizoram
25.57557,91.90471,1848.0,33.02,8.98,14.28,0.71,25.16,28.78,100.0,18.18,0,low,Meghalaya
25.56904,91.77611,1811.9,51.22,50.9,119.12,7.66,61.43,36.62,100.0,59.85,1,moderate,Meghalaya
27.33324,88.67089,1631.9,49.2,98.56,186.07,20.9,75.21,71.13,87.55,75.84,2,high,Sikkim
27.35473,88.55528,1650.8,64.22,15.72,65.66,1.37,39.79,43.47,81.21,56.86,1,moderate,Sikkim
30.70725,79.18147,3808.8,42.8,208.52,409.49,24.68,72.44,55.0,90.49,98.48,3,critical,Uttarakhand
25.27331,91.76544,1572.7,39.83,40.99,88.38,3.99,55.84,54.32,95.79,48.59,1,moderate,Meghalaya
25.57287,93.91926,1384.6,49.24,88.4,209.95,8.85,69.5,61.07,72.42,66.04,2,high,Nagaland
27.39729,88.7083,1802.6,53.0,117.56,333.22,24.33,83.55,78.34,83.41,92.2,3,critical,Sikkim
25.62137,94.2464,1397.1,54.3,84.75,259.86,12.37,82.57,81.01,58.03,79.86,2,high,Nagaland
25.51215,91.86401,1905.7,48.46,49.25,119.27,3.81,55.13,55.79,93.96,55.35,1,moderate,Meghalaya
27.21343,88.59709,1655.2,60.95,260.88,620.16,43.67,83.97,88.69,76.94,100.0,3,critical,Sikkim
24.70892,93.93758,591.1,50.36,40.68,81.26,2.78,51.68,49.75,91.85,50.11,1,moderate,Manipur
27.37854,88.52385,1760.6,54.2,11.32,17.29,0.64,44.24,29.75,76.33,40.0,0,low,Sikkim
24.96529,93.96956,871.3,38.34,130.52,343.38,15.44,79.34,73.38,83.44,82.21,3,critical,Manipur
23.36471,93.32595,1652.4,39.47,45.55,98.59,6.86,58.07,54.6,84.73,46.83,1,moderate,Mizoram
27.41067,88.61753,1549.7,40.84,165.99,296.6,17.79,68.39,88.16,88.68,75.44,2,high,Sikkim
30.63674,79.00522,3710.5,61.28,161.98,340.67,21.78,71.29,76.68,83.64,97.29,3,critical,Uttarakhand
25.61954,94.27122,1693.9,51.85,156.02,312.62,16.64,65.73,86.39,75.26,85.67,3,critical,Nagaland
31.11169,77.17192,1966.7,55.48,304.34,536.25,65.79,96.87,93.84,91.57,100.0,3,critical,Himachal Pradesh
26.21498,91.67754,372.5,27.03,59.27,143.27,5.49,51.75,60.03,59.23,43.51,1,moderate,Assam
31.08331,77.22248,2430.3,60.71,44.65,101.99,5.07,54.46,48.07,92.08,56.42,1,moderate,Himachal Pradesh
26.18681,91.71902,163.4,42.46,127.95,314.94,15.68,95.0,86.39,62.03,78.67,2,high,Assam
25.35831,91.76801,1429.6,43.29,57.52,134.25,4.08,57.87,65.9,83.26,55.2,1,moderate,Meghalaya
26.09449,91.65605,50.0,28.64,44.16,90.85,3.22,63.26,40.34,78.38,41.3,1,moderate,Assam
25.68049,94.06395,1558.0,44.11,90.23,260.74,21.77,77.1,68.67,83.74,80.19,3,critical,Nagaland
25.52005,91.77696,1899.0,42.26,111.29,320.5,27.09,81.93,89.34,96.7,89.74,3,critical,Meghalaya
27.0361,93.59678,747.8,27.32,106.81,326.71,15.94,79.45,64.71,65.88,73.11,2,high,Arunachal Pradesh
25.71914,94.11874,1379.2,49.18,43.5,148.28,3.4,48.43,35.1,70.57,51.67,1,moderate,Nagaland
25.6708,94.099,1343.2,36.06,108.24,274.04,22.04,66.73,86.66,75.31,76.4,2,high,Nagaland
24.84908,94.12825,894.9,48.74,0.2,40.34,0.01,38.5,20.59,97.01,39.72,0,low,Manipur
30.75951,79.08437,3554.6,75.0,84.12,153.8,13.86,75.0,45.99,96.54,88.34,3,critical,Uttarakhand
24.97311,93.77076,758.4,39.29,63.85,98.75,7.6,51.94,30.0,80.78,47.37,1,moderate,Manipur
24.95222,93.97484,659.4,43.44,144.46,349.35,20.59,78.13,78.1,84.01,89.14,3,critical,Manipur
23.33021,93.24725,2019.4,46.2,56.92,140.31,9.27,53.01,53.55,68.74,51.03,1,moderate,Mizoram
30.65568,78.98199,3561.4,58.75,30.05,33.66,1.98,50.0,24.77,83.36,40.32,1,moderate,Uttarakhand
30.69132,79.01302,3521.5,57.58,3.49,11.88,0.22,37.61,16.21,100.0,40.11,1,moderate,Uttarakhand
25.46593,91.86091,1939.5,40.68,122.27,236.1,22.61,71.72,90.0,85.25,75.3,2,high,Meghalaya
25.64855,94.15489,1305.6,26.37,5.08,15.61,0.32,31.66,38.19,83.66,23.15,0,low,Nagaland
24.8489,93.89195,954.1,27.11,5.9,6.95,0.33,38.41,29.11,85.47,27.19,0,low,Manipur
26.86716,88.35925,2162.0,51.47,160.01,309.03,21.91,82.32,68.36,80.77,98.11,3,critical,West Bengal
11.7468,76.06892,1063.5,52.78,154.7,355.44,26.14,72.42,66.47,100.0,95.38,3,critical,Kerala
26.11864,91.86408,115.5,37.65,38.94,157.35,4.63,57.12,65.68,70.34,49.53,1,moderate,Assam
23.32794,93.34973,1879.5,57.44,56.7,115.68,3.96,73.4,53.94,67.97,60.53,2,high,Mizoram
11.59245,76.31866,960.1,49.7,8.05,13.31,0.53,31.29,22.64,79.94,33.43,0,low,Kerala
26.21233,91.85557,169.9,35.81,56.21,127.31,4.3,45.32,45.33,56.55,40.2,1,moderate,Assam
25.76709,94.11889,1515.8,43.05,14.53,20.12,0.67,36.4,10.74,90.57,31.86,0,low,Nagaland
27.0967,93.6072,732.9,51.05,62.82,119.57,4.78,58.14,57.25,64.79,55.55,1,moderate,Arunachal Pradesh
25.59073,94.09872,1565.0,29.18,11.63,85.5,0.5,26.65,32.11,67.81,27.44,0,low,Nagaland
26.92484,88.20939,2186.2,44.83,111.14,288.48,15.18,95.0,90.0,79.94,89.66,3,critical,West Bengal
27.28043,88.38454,1618.1,49.7,135.86,275.83,18.6,88.34,71.59,87.0,96.48,3,critical,Sikkim
30.7182,79.02869,3757.7,51.28,120.71,250.09,22.66,81.16,72.98,100.0,84.38,3,critical,Uttarakhand
30.757,78.9734,3381.7,45.78,11.88,16.41,0.71,32.48,32.35,91.43,29.03,0,low,Uttarakhand
24.79948,93.8128,845.2,36.34,200.63,352.95,30.76,83.67,85.24,85.49,96.44,3,critical,Manipur
11.72551,76.04479,1062.1,40.46,199.47,534.73,82.87,90.08,83.13,86.49,100.0,3,critical,Kerala
26.11824,91.68023,243.3,37.14,2.15,55.25,0.12,36.75,28.12,66.07,26.87,0,low,Assam
30.66323,78.95918,3692.0,58.45,53.25,125.94,4.09,75.0,30.0,100.0,66.05,2,high,Uttarakhand
25.55844,94.08853,1316.1,54.87,7.66,26.41,0.46,26.86,25.43,82.85,39.0,0,low,Nagaland
25.78488,93.98352,1452.9,28.27,51.51,71.34,3.09,21.61,24.68,60.76,31.86,0,low,Nagaland
25.42363,91.63217,1440.7,37.65,31.23,117.97,2.23,69.19,70.0,86.43,45.79,1,moderate,Meghalaya
30.78244,79.05899,3795.5,54.36,34.44,87.61,2.57,46.99,47.61,94.73,50.19,1,moderate,Uttarakhand
27.01769,93.76308,568.1,34.32,135.2,282.15,15.42,76.66,59.58,68.44,75.29,2,high,Arunachal Pradesh
26.82691,88.29527,2008.9,45.59,14.91,37.11,0.73,22.38,18.02,81.05,28.19,0,low,West Bengal
25.53141,91.99845,1939.8,44.42,38.94,85.91,3.9,55.82,56.97,96.0,48.27,1,moderate,Meghalaya
27.08167,93.56393,711.6,31.51,76.69,238.34,13.78,73.38,65.52,52.66,56.73,1,moderate,Arunachal Pradesh
26.16559,91.80542,537.9,42.85,96.98,275.73,12.42,72.19,75.48,60.64,68.36,2,high,Assam
27.06798,93.72269,678.7,35.89,2.91,3.61,0.17,26.56,45.0,48.73,24.48,0,low,Arunachal Pradesh
25.27042,91.73376,1362.5,52.98,213.59,451.48,45.57,94.68,77.26,83.46,100.0,3,critical,Meghalaya
25.62852,91.76998,1897.6,50.22,118.56,292.87,21.94,87.39,90.0,87.52,89.43,3,critical,Meghalaya
24.85156,93.83578,706.8,42.61,8.11,22.38,0.47,42.86,22.68,91.17,35.35,0,low,Manipur
27.00745,88.15876,2081.2,59.58,5.13,19.13,0.39,36.58,21.23,92.1,44.21,1,moderate,West Bengal
25.4139,91.90158,2015.4,51.3,3.91,10.4,0.31,16.57,15.68,86.44,34.91,0,low,Meghalaya
25.52273,91.96103,1908.0,43.82,117.62,287.86,12.13,84.02,87.37,95.38,82.59,3,critical,Meghalaya
30.75345,79.14653,3794.3,53.63,10.99,21.21,0.61,23.58,15.57,94.58,33.69,0,low,Uttarakhand
27.3417,88.6573,1750.2,60.75,119.36,272.05,22.34,70.83,84.99,100.0,92.23,3,critical,Sikkim
26.02925,91.71337,105.3,25.14,128.39,301.83,13.47,85.45,77.02,72.94,73.81,2,high,Assam
27.03354,88.22756,2122.8,39.21,33.04,78.86,2.83,43.09,46.6,69.62,41.02,1,moderate,West Bengal
27.0606,88.33877,1930.6,41.27,220.41,603.31,45.57,91.19,86.62,72.29,100.0,3,critical,West Bengal
27.29184,88.66495,1754.4,53.53,31.15,114.47,3.18,51.26,48.97,89.06,50.68,1,moderate,Sikkim
31.19578,77.21923,1984.8,57.7,44.51,114.33,3.54,64.04,50.62,90.52,61.7,2,high,Himachal Pradesh
25.48841,91.81165,1882.4,31.07,178.47,332.32,41.57,83.07,86.77,78.72,100.0,3,critical,Meghalaya
23.45421,93.35514,1789.0,36.92,295.12,574.2,56.45,98.61,87.76,70.49,100.0,3,critical,Mizoram
26.09119,91.72579,224.8,21.77,85.82,301.21,19.16,78.59,78.28,78.87,70.76,2,high,Assam
27.40984,88.57773,1831.7,43.74,37.65,123.51,2.9,53.13,52.11,88.01,47.26,1,moderate,Sikkim
24.7946,94.02873,576.8,42.76,29.27,30.55,1.45,38.7,21.66,66.74,28.29,0,low,Manipur
27.42541,88.51429,1302.5,56.98,113.47,306.79,17.97,75.4,60.24,86.57,88.98,3,critical,Sikkim
26.05972,91.80911,50.0,50.58,29.09,83.02,1.82,35.0,37.64,70.22,39.93,0,low,Assam
30.62395,78.98743,3644.5,44.16,5.46,40.74,0.34,40.68,14.62,92.75,37.33,0,low,Uttarakhand
27.16141,93.58188,643.3,52.01,8.21,71.85,0.76,67.15,57.3,47.15,45.81,1,moderate,Arunachal Pradesh
25.52294,94.10877,1488.6,54.64,147.23,293.07,21.65,85.49,75.41,92.56,96.94,3,critical,Nagaland
25.57913,91.87441,1960.9,51.57,7.06,37.77,0.48,14.92,30.36,97.13,34.47,0,low,Meghalaya
27.04503,88.40576,2136.1,44.1,19.06,103.55,1.73,42.29,36.21,84.59,41.7,1,moderate,West Bengal
27.12534,88.23249,2332.9,50.53,20.62,63.71,1.39,67.95,52.23,89.24,47.49,1,moderate,West Bengal
25.2754,91.61602,1348.3,48.89,29.74,80.3,1.37,33.76,20.19,82.79,38.58,0,low,Meghalaya
25.65116,94.07901,1318.4,39.5,4.82,9.06,0.25,12.4,25.1,83.63,25.16,0,low,Nagaland
25.52032,91.90574,2049.1,42.05,32.87,70.59,3.6,71.14,39.53,89.34,50.78,1,moderate,Meghalaya
23.50119,93.39555,1814.1,56.65,39.35,93.99,3.63,49.35,43.46,67.18,55.02,1,moderate,Mizoram
25.7464,94.14438,1526.2,43.34,39.66,81.39,3.4,44.38,41.15,86.17,39.29,0,low,Nagaland
26.11165,91.90677,286.0,40.66,59.76,129.5,4.92,61.17,45.78,75.2,50.65,1,moderate,Assam
26.08391,91.76895,50.0,28.85,37.44,111.82,5.5,72.76,46.29,59.02,50.88,1,moderate,Assam
26.17112,91.78296,50.0,38.08,11.74,12.06,0.85,20.44,33.17,80.8,29.22,0,low,Assam
31.14481,77.07157,2446.4,63.17,46.16,130.58,4.09,65.02,66.03,95.01,63.08,2,high,Himachal Pradesh
23.35974,93.37696,1682.4,56.47,34.1,85.9,4.26,39.38,66.74,73.78,51.86,1,moderate,Mizoram
25.55213,91.7881,1866.0,26.75,78.16,171.5,5.99,58.69,69.74,84.29,53.25,1,moderate,Meghalaya
25.353,91.6892,1389.5,40.17,12.81,31.91,0.65,33.77,28.31,88.45,36.96,0,low,Meghalaya
26.12136,91.72543,50.0,37.51,47.71,110.45,3.06,73.13,70.0,68.23,50.43,1,moderate,Assam
24.92574,93.96558,901.1,32.76,144.31,380.53,17.78,72.76,76.29,83.97,83.99,3,critical,Manipur
23.43031,93.29093,1634.7,38.74,146.96,236.19,23.88,86.97,79.75,83.19,86.85,3,critical,Mizoram
23.59693,93.37018,1497.5,39.11,7.01,14.66,0.44,15.11,28.29,71.66,25.08,0,low,Mizoram
25.5817,91.70325,1877.3,46.9,14.23,15.66,0.78,42.72,23.54,81.63,33.31,0,low,Meghalaya
11.77452,76.14119,871.0,58.85,153.18,461.2,65.02,93.76,76.5,84.35,100.0,3,critical,Kerala
25.50885,91.97846,1955.8,34.74,201.79,491.41,65.31,96.98,98.0,89.47,100.0,3,critical,Meghalaya
26.98724,88.11239,2389.7,49.27,103.93,330.5,14.75,72.1,62.96,87.27,81.19,3,critical,West Bengal
27.03565,93.70595,618.0,22.26,25.15,31.69,1.9,29.11,18.61,49.56,23.03,0,low,Arunachal Pradesh
27.2676,88.56163,1986.1,45.5,29.34,92.38,2.12,59.65,36.2,82.38,43.89,1,moderate,Sikkim
24.6946,93.94601,658.8,43.18,42.67,85.51,6.58,66.18,59.56,96.42,46.26,1,moderate,Manipur
25.47134,91.8263,2045.4,41.14,159.4,410.17,36.66,65.0,72.19,84.39,94.51,3,critical,Meghalaya
26.31361,91.77942,138.2,37.91,59.96,83.2,4.29,71.85,60.17,71.17,51.01,1,moderate,Assam
25.27482,91.92706,1401.1,50.41,167.41,533.45,33.17,86.25,93.54,91.72,100.0,3,critical,Meghalaya
26.97152,93.67944,635.4,37.46,53.2,100.84,5.05,56.67,54.52,63.48,41.77,1,moderate,Arunachal Pradesh
27.29666,88.57882,1666.3,43.45,41.77,103.52,2.64,35.0,46.91,86.22,39.81,0,low,Sikkim
25.55978,91.94093,1743.3,34.61,135.99,354.71,15.11,65.0,66.0,94.71,76.76,2,high,Meghalaya
11.74296,76.12132,805.5,24.85,253.66,573.49,56.43,95.38,75.0,77.59,100.0,3,critical,Kerala
26.94776,88.1256,2027.5,33.01,152.05,272.56,25.87,91.24,68.71,70.66,89.55,3,critical,West Bengal
25.68182,94.03335,1207.3,39.75,35.3,108.19,4.88,43.41,55.94,69.78,42.71,1,moderate,Nagaland
30.87878,79.0472,3624.0,73.21,21.98,103.65,2.47,40.12,45.46,82.37,63.73,2,high,Uttarakhand
31.13351,77.17164,2278.8,58.8,147.08,275.57,19.03,84.84,79.42,100.0,96.04,3,critical,Himachal Pradesh
25.68349,94.06741,1423.5,45.46,1.18,19.2,0.09,50.0,21.77,76.56,36.13,0,low,Nagaland
25.62676,91.85305,1891.0,36.1,24.97,26.19,1.46,29.21,32.53,84.55,30.0,0,low,Meghalaya
27.06417,88.36897,1850.9,36.99,8.38,23.09,0.48,22.4,23.17,80.6,21.75,0,low,West Bengal
23.48357,93.32178,1608.1,49.96,112.9,296.72,19.36,77.92,81.05,74.79,85.28,3,critical,Mizoram
25.65291,91.93283,1912.0,57.88,23.95,107.91,1.62,54.79,47.98,72.58,51.68,1,moderate,Meghalaya
25.20423,91.63246,1344.6,47.01,44.85,129.03,3.2,47.06,46.08,83.49,45.83,1,moderate,Meghalaya
27.00893,88.13499,1901.7,48.6,99.92,261.72,10.32,95.0,77.18,72.83,82.62,3,critical,West Bengal
25.23421,91.83248,1440.2,54.82,94.61,307.96,10.03,76.58,71.65,95.88,82.44,3,critical,Meghalaya
25.73108,94.17679,1270.4,53.06,1.03,8.32,0.04,16.3,40.71,66.6,34.19,0,low,Nagaland
30.68453,79.03834,3620.0,52.6,37.46,76.47,4.84,66.38,55.57,85.73,56.38,1,moderate,Uttarakhand
27.26754,88.57094,1342.1,46.2,114.74,312.95,22.07,81.36,74.85,84.52,84.51,3,critical,Sikkim
24.81979,93.98196,558.0,47.93,13.12,18.71,0.71,39.84,30.9,72.97,37.51,0,low,Manipur
25.67225,94.23611,1574.9,42.49,107.55,257.58,13.29,90.21,70.61,66.96,74.3,2,high,Nagaland
24.83447,93.74056,783.1,36.77,57.74,118.64,8.25,47.34,59.6,75.3,44.18,1,moderate,Manipur
23.29792,93.22262,1652.9,42.62,51.95,119.49,4.24,52.86,60.67,76.1,48.7,1,moderate,Mizoram
27.09025,88.38303,2221.3,52.67,0.87,9.35,0.04,37.21,19.95,81.89,33.5,0,low,West Bengal
26.92859,88.26789,2103.1,46.07,18.53,20.42,0.94,16.1,20.06,81.87,29.83,0,low,West Bengal
11.73654,76.19908,993.2,36.84,67.03,229.38,9.89,83.02,66.81,92.24,62.93,2,high,Kerala
11.7517,75.99266,1192.0,46.31,103.77,328.17,10.76,65.0,62.97,87.61,75.73,2,high,Kerala
27.11614,88.38263,2145.0,53.09,46.88,114.96,7.66,73.7,60.37,78.26,65.1,2,high,West Bengal
25.63751,94.07468,1350.0,42.22,69.94,152.13,4.62,61.0,54.66,89.22,51.85,1,moderate,Nagaland
27.3432,88.70057,1624.8,53.2,57.04,142.01,4.53,53.26,54.46,88.25,55.97,1,moderate,Sikkim
25.99704,91.65819,50.0,32.95,40.66,97.62,4.0,57.45,60.24,67.7,40.38,1,moderate,Assam
24.8017,93.99409,739.0,56.74,5.8,21.52,0.39,23.15,5.0,78.51,31.83,0,low,Manipur
25.41039,91.73147,1463.8,53.54,171.08,430.67,26.04,82.81,82.75,81.85,100.0,3,critical,Meghalaya
25.32036,91.66565,1564.3,42.95,256.92,648.47,114.21,91.4,84.38,94.03,100.0,3,critical,Meghalaya
31.24917,77.28792,2637.9,52.84,41.23,98.37,4.15,62.86,68.09,96.45,58.54,1,moderate,Himachal Pradesh
11.70731,76.25165,820.4,52.36,142.98,392.18,33.24,88.38,83.04,89.17,100.0,3,critical,Kerala
25.64756,94.16314,1304.9,35.36,17.01,20.84,0.89,15.36,35.39,79.83,24.8,0,low,Nagaland
11.71664,76.16346,1033.9,55.53,155.06,374.63,29.43,95.0,85.15,94.99,100.0,3,critical,Kerala
25.57427,91.90135,1964.0,49.13,50.05,101.58,4.06,36.29,42.4,79.62,44.0,1,moderate,Meghalaya
24.89849,93.85323,606.8,34.63,130.67,349.89,13.87,86.54,90.0,82.39,84.24,3,critical,Manipur
11.72669,76.09181,780.1,62.21,28.82,43.86,1.34,27.22,34.65,100.0,42.05,1,moderate,Kerala
26.25541,91.85503,98.8,36.9,71.65,334.71,10.67,73.45,86.72,70.65,71.87,2,high,Assam
27.11306,88.32233,2073.2,40.19,70.61,288.38,12.96,76.16,71.37,84.51,73.12,2,high,West Bengal
25.67756,94.15594,1446.3,31.31,91.45,349.24,10.23,71.38,83.12,72.76,64.77,2,high,Nagaland
25.61871,91.88007,1889.5,31.56,7.0,31.27,0.4,13.59,34.59,77.85,22.42,0,low,Meghalaya
27.06654,93.48635,733.3,41.96,113.47,306.16,15.53,79.88,74.91,50.53,75.32,2,high,Arunachal Pradesh
25.49214,91.8005,2053.0,41.74,31.41,83.41,4.68,35.0,43.63,91.64,42.71,1,moderate,Meghalaya
25.29584,91.72512,1505.0,43.73,31.85,115.87,2.27,58.4,42.04,100.0,50.42,1,moderate,Meghalaya
24.81209,93.91288,645.7,45.18,113.13,250.87,13.49,74.06,68.73,77.9,73.04,2,high,Manipur
27.26081,88.71202,1472.1,58.66,30.39,67.61,2.53,65.86,70.0,95.56,55.46,1,moderate,Sikkim
30.92817,77.30013,2232.7,48.51,32.92,101.53,2.92,41.27,43.03,89.72,49.59,1,moderate,Himachal Pradesh
27.05331,88.20103,1979.4,46.66,137.08,318.45,15.61,79.36,84.39,88.7,80.72,3,critical,West Bengal
23.48908,93.33889,1552.0,40.03,11.41,28.42,0.59,22.73,22.62,73.01,29.29,0,low,Mizoram
25.50867,91.7194,2034.8,32.95,6.53,39.32,0.35,30.0,15.97,77.3,28.45,0,low,Meghalaya
24.85641,93.95522,810.2,54.09,4.27,9.79,0.26,25.82,34.07,84.16,32.87,0,low,Manipur
24.71244,93.94787,763.1,41.42,2.59,8.32,0.12,32.41,7.66,89.57,26.71,0,low,Manipur
25.19281,91.78488,1588.8,33.93,128.23,460.24,24.97,82.0,98.0,82.53,88.99,3,critical,Meghalaya
27.10475,88.28097,2218.9,47.91,33.71,89.01,2.75,68.51,62.51,75.58,50.94,1,moderate,West Bengal
27.09979,88.26648,1937.9,47.84,239.7,556.66,61.98,82.0,87.9,75.23,100.0,3,critical,West Bengal
23.35494,93.26716,1928.6,46.78,160.41,319.61,29.31,83.46,61.89,72.52,91.23,3,critical,Mizoram
31.09905,77.10998,2257.3,46.34,162.85,353.63,18.63,91.37,79.34,90.03,97.56,3,critical,Himachal Pradesh
23.63045,93.25305,1592.0,46.89,101.46,260.51,11.33,95.0,79.63,65.77,81.95,3,critical,Mizoram
27.15604,93.50838,571.8,24.52,93.2,287.05,10.84,81.77,67.37,59.67,63.22,2,high,Arunachal Pradesh
27.47251,88.65533,1745.7,58.96,156.3,384.26,28.92,87.0,64.94,100.0,100.0,3,critical,Sikkim
25.48953,91.84617,2076.4,37.78,1.51,7.34,0.08,33.99,30.72,84.96,26.51,0,low,Meghalaya
31.07843,77.29305,2200.1,47.23,118.12,240.14,21.73,79.75,76.79,100.0,84.45,3,critical,Himachal Pradesh
27.31026,88.57713,1638.0,53.54,103.05,246.45,15.89,70.32,55.33,80.75,73.11,2,high,Sikkim
27.05921,88.35726,1872.9,49.58,82.81,151.72,7.22,62.03,47.14,90.63,64.69,2,high,West Bengal
27.0995,93.64459,769.5,35.9,61.6,112.1,4.55,65.32,42.4,56.94,48.79,1,moderate,Arunachal Pradesh
25.42183,91.82918,2126.4,43.42,57.07,83.82,6.32,37.04,33.62,80.76,42.46,1,moderate,Meghalaya
25.7395,94.04894,1533.9,59.15,127.24,326.33,13.38,91.39,80.13,71.88,92.64,3,critical,Nagaland
30.75581,78.94413,3575.8,60.94,0.46,2.52,0.03,36.28,25.94,100.0,44.14,1,moderate,Uttarakhand
11.57051,76.15243,680.9,48.47,6.84,21.97,0.44,21.1,12.24,75.96,28.81,0,low,Kerala
25.60902,91.80359,1918.7,36.9,19.7,28.61,0.86,15.8,10.93,97.34,25.98,0,low,Meghalaya
26.1713,91.67763,88.2,29.32,98.11,260.92,10.24,71.2,88.68,70.3,64.84,2,high,Assam
23.56861,93.31999,1688.0,38.46,172.15,408.32,17.72,70.85,70.0,80.54,89.69,3,critical,Mizoram
26.97993,88.14255,2138.2,38.94,201.6,508.07,50.79,88.45,79.87,94.62,100.0,3,critical,West Bengal
25.47164,91.83775,2001.8,41.54,24.91,84.47,1.91,45.62,60.85,89.38,42.48,1,moderate,Meghalaya
27.00683,88.34413,2127.2,40.49,122.56,336.6,16.32,75.44,80.32,76.7,78.08,2,high,West Bengal
24.86099,93.95611,725.4,30.05,18.86,65.45,1.43,64.38,53.56,83.3,37.22,0,low,Manipur
25.37958,91.64312,1618.3,55.57,10.66,11.27,0.56,18.67,10.75,84.8,27.02,0,low,Meghalaya
27.03813,88.2412,2156.4,48.75,150.29,228.79,31.73,85.44,86.39,79.28,95.57,3,critical,West Bengal
31.05769,77.12344,2104.3,40.64,8.77,11.87,0.42,26.44,14.29,95.24,32.7,0,low,Himachal Pradesh
24.86885,93.90657,692.8,56.7,41.14,79.49,6.77,42.9,43.58,83.1,52.79,1,moderate,Manipur
25.28344,91.80562,1505.1,40.97,15.17,51.33,0.91,23.62,16.68,97.94,37.09,0,low,Meghalaya
27.0935,93.62638,585.3,39.53,115.68,348.41,23.53,82.4,69.3,66.18,81.54,3,critical,Arunachal Pradesh
25.25088,91.65739,1343.5,54.04,176.01,618.61,56.41,99.0,83.36,96.01,100.0,3,critical,Meghalaya
31.13842,77.04046,2423.5,60.82,25.71,37.94,1.54,16.55,40.87,88.85,43.45,1,moderate,Himachal Pradesh
31.12079,77.16838,2354.7,44.96,63.1,135.6,4.17,40.9,49.82,100.0,52.53,1,moderate,Himachal Pradesh
24.87831,93.93273,578.2,37.24,204.61,504.18,57.62,95.1,85.04,88.73,100.0,3,critical,Manipur
24.83847,93.9058,823.8,50.57,159.54,356.17,39.78,66.85,68.86,70.44,100.0,3,critical,Manipur
31.15711,77.10124,2065.1,45.19,5.96,28.1,0.26,34.96,28.65,100.0,41.84,1,moderate,Himachal Pradesh
25.71303,94.06682,1461.2,59.28,133.89,339.42,19.01,83.47,85.08,100.0,100.0,3,critical,Nagaland
26.31706,91.7464,142.3,32.31,24.66,33.01,1.24,43.75,24.34,62.52,27.16,0,low,Assam
31.12725,77.2517,2013.5,39.25,69.45,199.4,8.43,85.72,66.08,100.0,68.5,2,high,Himachal Pradesh
11.72141,76.04769,1087.1,42.98,75.41,322.59,8.26,75.31,74.35,79.95,69.63,2,high,Kerala
27.08103,88.20791,2255.1,36.7,96.65,225.5,20.72,85.3,74.69,53.69,77.22,2,high,West Bengal
25.21639,91.82374,1253.6,51.9,4.08,9.72,0.21,34.81,17.24,100.0,34.65,0,low,Meghalaya
25.25165,91.72652,1200.3,52.11,44.07,96.36,3.46,60.05,49.76,96.58,54.73,1,moderate,Meghalaya
24.95742,94.06333,886.4,38.26,139.66,366.47,23.7,81.6,72.53,83.81,88.54,3,critical,Manipur
27.28866,88.59244,1758.0,48.74,39.73,100.65,4.73,39.06,44.31,82.41,48.94,1,moderate,Sikkim
30.81528,78.96032,3453.4,64.0,15.33,70.97,0.97,69.19,61.21,91.37,57.17,1,moderate,Uttarakhand
24.72796,94.0934,922.0,44.2,6.5,50.27,0.3,46.12,27.12,80.67,31.76,0,low,Manipur
24.70658,93.93912,595.2,39.1,35.01,35.6,1.95,20.83,36.73,73.24,34.06,0,low,Manipur
25.17402,91.54471,1558.7,41.37,47.18,107.12,3.1,55.25,45.42,75.85,45.72,1,moderate,Meghalaya
27.07227,93.59887,612.7,36.37,5.91,12.21,0.26,13.59,45.0,55.4,24.56,0,low,Arunachal Pradesh
31.08924,77.06109,2206.6,48.36,144.31,355.03,23.7,65.0,83.17,87.81,91.7,3,critical,Himachal Pradesh
27.01047,93.41129,548.6,40.63,227.65,497.58,38.74,94.31,95.16,53.54,100.0,3,critical,Arunachal Pradesh
31.14706,77.04451,2334.3,60.11,14.11,43.28,0.92,26.1,20.06,100.0,41.81,1,moderate,Himachal Pradesh
25.67807,94.29861,1337.7,39.13,9.56,69.89,0.74,40.58,38.96,90.27,35.05,0,low,Nagaland
27.17352,88.29716,2081.1,42.9,57.64,124.42,3.98,65.97,46.29,93.83,55.7,1,moderate,West Bengal
24.73471,94.04789,663.7,54.39,158.14,376.54,19.76,86.07,74.67,85.75,97.55,3,critical,Manipur
27.19507,88.54853,1686.7,50.01,40.15,100.75,6.56,40.05,53.93,87.75,48.6,1,moderate,Sikkim
25.18418,91.74914,1741.1,40.64,207.13,544.64,48.42,96.5,79.39,71.76,100.0,3,critical,Meghalaya
27.01257,88.19319,2163.0,53.86,125.33,506.56,47.85,98.71,83.38,81.57,100.0,3,critical,West Bengal
30.77653,79.108,3794.4,42.13,136.84,343.02,13.72,87.29,90.0,84.96,85.76,3,critical,Uttarakhand
24.92419,93.80006,841.6,36.45,172.54,515.81,62.21,95.02,93.57,92.51,100.0,3,critical,Manipur
26.96278,88.15921,2219.3,35.51,1.03,10.24,0.05,31.05,28.96,69.65,24.07,0,low,West Bengal
11.60716,76.20978,1070.5,50.72,143.99,535.97,28.68,88.32,93.07,100.0,100.0,3,critical,Kerala
11.55091,76.20021,1109.2,44.48,157.26,409.29,21.7,84.33,69.8,94.97,99.7,3,critical,Kerala
25.65953,91.88611,1932.0,26.17,1.43,4.86,0.07,30.71,21.52,85.21,16.54,0,low,Meghalaya
25.18115,91.87018,1570.4,58.17,1.1,25.23,0.08,18.71,15.22,97.77,38.88,0,low,Meghalaya
27.34102,88.57469,1665.1,50.5,47.72,102.7,3.41,39.42,38.29,77.81,46.25,1,moderate,Sikkim
30.75206,79.10399,3471.3,48.61,136.58,272.44,15.33,82.59,80.18,100.0,89.18,3,critical,Uttarakhand
25.68177,94.13437,1377.8,53.44,5.26,24.68,0.4,33.15,21.44,80.89,36.53,0,low,Nagaland
26.12045,91.85067,332.5,41.81,69.82,113.12,9.62,74.04,70.0,74.29,54.46,1,moderate,Assam
25.29656,91.74524,1536.4,44.52,112.21,327.76,19.72,75.79,78.67,96.1,90.34,3,critical,Meghalaya
25.39124,91.76054,1374.0,44.0,69.55,141.94,5.45,35.0,50.83,90.64,50.07,1,moderate,Meghalaya
27.07258,88.15586,1766.2,56.84,149.56,291.99,23.6,75.31,81.46,76.49,96.32,3,critical,West Bengal
24.85439,94.01373,729.1,41.04,14.96,17.08,0.92,25.07,24.5,75.86,28.79,0,low,Manipur
26.12452,91.72163,171.9,28.79,3.79,5.22,0.22,32.65,25.47,75.97,22.2,0,low,Assam
25.61424,91.88668,1607.8,42.15,8.14,26.64,0.6,35.27,28.28,94.84,36.15,0,low,Meghalaya
26.20679,91.71697,72.5,33.33,48.79,136.45,3.07,35.0,44.29,63.91,34.06,0,low,Assam
11.68539,76.12018,1341.5,57.05,33.14,246.53,4.57,79.74,78.92,95.04,72.78,2,high,Kerala
23.57201,93.19127,1446.9,50.64,0.04,0.45,0.0,10.74,21.55,69.2,28.84,0,low,Mizoram
11.49509,76.11142,966.0,45.41,123.11,269.07,16.87,87.77,88.38,100.0,87.72,3,critical,Kerala
27.00447,88.30172,2023.8,52.8,120.19,307.44,12.34,86.84,84.44,80.99,90.61,3,critical,West Bengal
27.27185,88.69362,1832.2,44.6,175.03,288.8,20.83,85.03,73.1,91.46,92.31,3,critical,Sikkim
30.79197,79.20701,3906.4,54.68,239.76,485.3,116.38,83.13,80.32,100.0,100.0,3,critical,Uttarakhand
23.46208,93.22631,1587.7,29.91,5.06,10.89,0.3,34.26,26.46,64.63,23.14,0,low,Mizoram
25.1457,91.79543,1486.5,40.78,61.88,152.84,7.74,45.86,46.71,85.04,52.33,1,moderate,Meghalaya
27.31815,88.53907,1527.7,49.2,39.86,115.69,3.88,73.14,43.42,94.2,53.54,1,moderate,Sikkim
25.60634,94.04043,1318.0,41.42,71.94,155.73,9.86,46.73,33.46,84.85,53.57,1,moderate,Nagaland
30.7814,79.00067,3528.6,63.06,2.77,4.23,0.12,29.51,17.27,95.4,39.37,0,low,Uttarakhand
25.18948,91.82119,1627.6,47.06,35.88,85.92,4.64,66.91,58.41,75.03,53.27,1,moderate,Meghalaya
27.04267,88.02272,2118.4,50.42,49.45,100.11,3.26,54.34,30.01,82.94,51.34,1,moderate,West Bengal
26.91173,93.51936,822.1,50.28,61.37,154.37,5.96,47.98,46.92,57.56,49.21,1,moderate,Arunachal Pradesh
23.48201,93.36497,1640.7,45.61,166.98,472.47,47.43,92.03,75.0,64.87,100.0,3,critical,Mizoram
24.67984,93.8263,900.4,39.62,14.36,41.39,0.65,32.42,19.49,90.23,33.95,0,low,Manipur
27.48643,88.72905,1582.4,35.93,100.66,365.29,19.68,88.85,70.6,87.26,84.77,3,critical,Sikkim
31.17288,77.04967,2276.5,61.23,65.34,158.66,8.82,66.19,54.94,92.1,70.42,2,high,Himachal Pradesh
11.65764,75.97155,823.8,37.62,34.04,130.14,5.36,65.86,54.9,98.23,57.88,1,moderate,Kerala
24.73136,93.96304,790.8,41.38,19.92,101.37,2.49,57.94,43.17,95.93,46.36,1,moderate,Manipur
30.72635,79.14701,3651.7,47.65,4.5,7.22,0.36,29.56,31.46,98.98,31.64,0,low,Uttarakhand
27.18279,93.65433,522.4,43.97,56.4,94.64,5.57,51.36,43.11,51.07,43.73,1,moderate,Arunachal Pradesh
23.43979,93.12396,1893.2,54.69,49.79,104.3,5.79,35.0,60.61,72.86,49.53,1,moderate,Mizoram
30.73761,78.99693,3300.5,49.45,6.06,16.25,0.29,27.99,43.74,99.56,36.91,0,low,Uttarakhand
26.19985,91.73109,312.9,39.54,49.44,74.46,5.01,70.06,34.63,56.68,47.72,1,moderate,Assam
23.53172,93.30294,1750.9,40.11,1.88,31.68,0.1,35.3,24.8,56.23,21.48,0,low,Mizoram
25.26006,91.71309,1542.0,50.6,16.35,67.66,1.07,21.48,18.05,100.0,37.46,0,low,Meghalaya
25.65573,91.83321,1896.6,31.59,148.94,356.06,24.24,93.17,56.61,81.57,91.35,3,critical,Meghalaya
27.05661,88.34792,2079.7,30.14,58.56,138.48,4.95,56.23,55.39,76.04,48.08,1,moderate,West Bengal
30.81566,79.13554,3719.4,51.08,135.56,334.24,21.84,91.34,57.97,93.79,93.22,3,critical,Uttarakhand
25.65426,93.97743,1446.4,44.0,122.44,314.5,20.91,82.63,55.0,82.09,83.9,3,critical,Nagaland
26.99571,88.41124,2076.0,38.62,3.01,7.93,0.13,34.25,20.57,76.49,27.51,0,low,West Bengal
11.78564,76.03924,872.6,57.09,244.6,523.72,99.1,96.49,96.56,92.36,100.0,3,critical,Kerala
26.16228,91.9069,62.0,47.55,48.23,116.2,3.72,35.0,44.84,63.98,43.33,1,moderate,Assam
11.62012,76.04836,1135.2,54.28,26.0,74.72,3.6,75.0,49.44,84.32,60.1,2,high,Kerala
30.67741,78.90981,3675.9,51.48,225.4,601.98,56.26,92.91,79.26,89.95,100.0,3,critical,Uttarakhand
25.22889,91.64526,1420.6,55.64,0.42,3.19,0.03,35.04,24.14,84.11,33.02,0,low,Meghalaya
25.71928,94.0437,1541.6,50.42,154.85,239.13,18.63,95.0,81.45,75.83,90.08,3,critical,Nagaland
24.78395,93.93111,764.1,41.06,4.17,4.88,0.23,38.05,24.4,82.02,25.87,0,low,Manipur
25.71688,94.08056,1700.6,40.68,155.25,337.7,18.59,71.62,67.11,88.79,90.96,3,critical,Nagaland
25.18967,91.66858,1424.8,49.87,29.95,53.1,2.29,20.02,32.87,100.0,38.59,0,low,Meghalaya
31.04097,77.20045,2433.1,48.31,59.29,154.39,7.89,55.46,42.1,83.66,56.44,1,moderate,Himachal Pradesh
31.16541,77.16807,2266.9,55.72,1.92,16.21,0.14,23.01,20.69,97.97,35.98,0,low,Himachal Pradesh
23.52695,93.27791,1617.1,47.05,44.51,86.57,6.21,64.46,70.0,67.42,54.43,1,moderate,Mizoram
27.10641,93.69736,658.3,20.0,15.39,56.45,1.17,33.97,29.34,55.51,25.35,0,low,Arunachal Pradesh
25.65622,94.05801,1529.0,56.69,37.35,103.47,2.64,64.74,68.08,68.83,57.74,1,moderate,Nagaland
25.2361,91.69373,1160.7,45.36,81.77,249.32,18.42,89.82,90.0,97.86,85.04,3,critical,Meghalaya
25.5629,94.04977,1499.0,52.17,4.26,15.48,0.28,21.91,19.14,70.41,35.68,0,low,Nagaland
23.52253,93.29317,1711.9,56.75,59.13,148.92,6.43,37.45,53.91,71.74,55.32,1,moderate,Mizoram
27.31927,88.54019,1567.7,54.13,5.25,20.16,0.33,27.56,29.08,84.99,38.14,0,low,Sikkim
26.98102,93.52927,742.6,38.8,13.78,19.64,0.64,44.76,12.24,66.47,31.64,0,low,Arunachal Pradesh
27.32317,88.76534,1815.6,47.89,44.97,108.91,6.95,49.41,42.52,90.65,46.93,1,moderate,Sikkim
25.29084,91.68689,1278.7,32.3,10.99,16.84,0.48,14.35,22.36,94.8,25.65,0,low,Meghalaya
11.66463,76.08714,926.4,32.97,40.43,61.01,5.67,38.92,45.25,100.0,35.65,0,low,Kerala
23.46734,93.42291,1426.0,37.32,41.6,131.27,2.98,49.47,52.43,77.49,42.7,1,moderate,Mizoram
11.68064,76.21467,849.6,45.6,10.99,15.1,0.47,32.5,28.26,91.11,34.72,0,low,Kerala
23.4761,93.28881,1542.9,40.92,185.91,504.53,71.64,92.63,75.0,53.43,100.0,3,critical,Mizoram
27.13489,93.62562,883.7,40.1,56.95,207.14,9.58,89.36,80.18,58.85,66.96,2,high,Arunachal Pradesh
27.13048,93.60044,725.2,57.55,53.96,87.19,4.59,45.28,55.49,58.66,49.74,1,moderate,Arunachal Pradesh
24.81254,93.89976,889.8,54.5,0.98,8.15,0.06,34.21,29.5,76.2,34.94,0,low,Manipur
23.45109,93.33491,1763.6,36.09,14.56,87.62,1.65,62.08,39.52,81.26,40.82,1,moderate,Mizoram
27.06628,88.44458,1935.8,34.12,30.64,51.76,1.85,48.67,20.73,89.39,36.9,0,low,West Bengal
25.5804,94.12169,1424.2,47.3,90.57,166.6,8.67,50.56,59.57,91.21,65.44,2,high,Nagaland
23.54711,93.24787,1701.1,56.04,7.68,12.69,0.5,30.86,27.95,71.28,38.17,0,low,Mizoram
23.44853,93.39675,1691.5,28.36,43.24,118.31,2.7,49.12,37.32,78.72,40.9,1,moderate,Mizoram
11.69073,76.21218,886.3,44.76,35.16,105.77,2.4,37.8,41.26,89.09,38.47,0,low,Kerala
27.40659,88.51205,1607.8,51.05,0.78,5.13,0.05,39.0,19.32,84.89,37.35,0,low,Sikkim
31.02964,77.05957,2597.8,59.64,20.67,36.01,1.16,15.33,40.18,90.21,34.54,0,low,Himachal Pradesh
30.84277,79.21662,3448.4,62.77,39.65,140.14,2.49,64.24,60.91,88.24,65.06,2,high,Uttarakhand
27.33775,88.75763,1804.3,44.63,44.53,96.44,4.29,75.0,30.0,100.0,61.02,2,high,Sikkim
31.13077,77.17761,2305.9,49.15,40.4,95.02,3.76,54.93,62.37,83.28,53.36,1,moderate,Himachal Pradesh
26.18199,91.71633,70.3,33.3,33.42,117.58,5.06,41.84,52.85,70.07,39.8,0,low,Assam
30.57538,78.86242,3515.0,65.84,17.69,104.45,1.69,68.32,54.67,100.0,63.65,2,high,Uttarakhand
27.11143,93.58954,684.8,43.88,0.32,9.35,0.01,19.38,32.93,45.77,24.24,0,low,Arunachal Pradesh
11.6603,76.13695,722.8,51.55,104.88,249.36,12.88,69.01,81.69,97.06,83.22,3,critical,Kerala
11.7259,76.09305,1013.7,58.12,0.63,18.07,0.04,32.31,37.09,100.0,40.67,1,moderate,Kerala
31.13039,77.2419,2136.8,55.23,6.73,16.83,0.45,19.11,39.4,96.41,42.74,1,moderate,Himachal Pradesh
24.91022,93.96015,828.5,36.45,108.71,337.1,21.85,72.92,85.05,75.4,76.5,2,high,Manipur
26.16954,91.63515,50.0,47.52,59.01,118.39,5.26,53.89,35.37,62.6,49.73,1,moderate,Assam
25.77418,91.79045,1822.8,37.48,11.71,19.14,0.69,25.3,7.21,86.95,24.06,0,low,Meghalaya
26.93168,88.27851,2317.2,23.16,254.53,494.96,65.97,98.72,82.18,58.48,100.0,3,critical,West Bengal
27.21546,88.83593,1401.9,52.08,60.55,126.94,4.61,65.16,52.12,98.15,61.81,2,high,Sikkim
25.51454,91.82667,1947.9,37.34,11.83,67.22,0.5,31.97,22.28,88.89,30.3,0,low,Meghalaya
27.19042,93.5608,721.1,27.49,21.95,57.31,1.9,58.76,44.44,57.67,32.84,0,low,Arunachal Pradesh
24.8533,93.9763,758.3,42.55,15.82,20.06,0.79,31.67,28.03,88.37,32.34,0,low,Manipur
26.97433,88.24667,2118.4,62.33,57.59,141.05,3.77,50.8,41.92,79.4,60.41,2,high,West Bengal
27.08991,93.593,583.4,37.58,10.94,25.34,0.47,34.14,24.5,76.04,29.32,0,low,Arunachal Pradesh
25.59276,94.1338,1307.9,45.5,129.12,350.73,16.1,84.3,55.0,86.46,87.91,3,critical,Nagaland
25.49632,91.76203,2174.0,46.74,4.84,7.13,0.24,37.2,22.25,79.35,31.86,0,low,Meghalaya
27.14261,88.28054,1683.2,50.37,146.44,363.18,20.51,92.57,80.21,73.83,93.63,3,critical,West Bengal
25.41422,91.8454,2019.5,42.6,0.73,22.96,0.05,13.69,37.64,75.03,28.91,0,low,Meghalaya
25.53043,91.99114,1928.3,41.75,25.21,62.17,1.06,37.02,30.1,86.36,34.55,0,low,Meghalaya
26.98618,88.3276,1941.9,50.45,120.45,266.1,27.18,85.29,90.0,80.33,91.68,3,critical,West Bengal
25.25972,91.57945,1347.7,48.74,29.58,106.69,2.05,70.45,43.54,93.28,59.26,1,moderate,Meghalaya
11.50788,76.20468,1032.2,60.98,53.57,120.31,8.65,54.43,47.63,87.51,60.72,2,high,Kerala
24.83084,93.82905,985.0,34.39,2.68,15.23,0.12,33.29,29.53,91.51,29.75,0,low,Manipur
23.41861,93.36896,1552.4,45.14,84.16,281.9,15.28,90.85,75.73,85.96,81.74,3,critical,Mizoram
31.19724,77.23439,2115.6,42.55,37.17,81.65,4.93,41.73,70.0,84.11,46.54,1,moderate,Himachal Pradesh
27.27495,88.59411,1501.5,50.32,47.02,86.07,3.86,62.54,50.94,94.47,56.91,1,moderate,Sikkim
31.11883,77.21088,2251.8,49.3,56.92,137.59,3.88,63.59,30.0,90.11,56.27,1,moderate,Himachal Pradesh
11.54711,76.11567,750.8,34.91,309.3,623.66,110.17,88.94,88.42,77.56,100.0,3,critical,Kerala
31.12425,77.1493,2479.8,49.18,10.37,25.87,0.49,16.57,24.19,83.44,33.2,0,low,Himachal Pradesh
27.0227,93.62361,792.7,34.69,0.67,12.79,0.03,24.25,25.87,69.03,24.7,0,low,Arunachal Pradesh
27.0897,93.60114,496.9,29.93,30.0,32.0,2.23,42.66,23.49,57.79,27.28,0,low,Arunachal Pradesh
25.25877,91.75461,1351.3,58.82,45.59,78.23,4.07,39.96,60.13,95.39,53.85,1,moderate,Meghalaya
25.71331,94.18486,1525.7,49.5,19.69,103.49,3.14,53.45,53.22,73.81,46.45,1,moderate,Nagaland
31.14802,77.17945,2223.2,46.8,104.65,289.09,22.48,70.72,69.71,96.97,79.8,2,high,Himachal Pradesh
26.95386,88.34102,2034.4,53.8,33.63,111.55,2.54,66.92,50.65,89.26,57.08,1,moderate,West Bengal
25.55405,91.78802,2238.2,49.93,55.91,107.81,5.51,35.0,59.79,84.03,49.05,1,moderate,Meghalaya
27.23528,93.7268,449.9,29.84,219.02,436.38,63.08,91.89,76.43,65.54,100.0,3,critical,Arunachal Pradesh
27.12742,93.69114,607.7,45.07,36.98,107.79,4.28,70.02,48.68,54.37,53.19,1,moderate,Arunachal Pradesh
30.61687,79.02898,3452.7,56.44,124.99,358.9,17.34,82.22,57.5,95.15,87.69,3,critical,Uttarakhand
25.2081,91.63043,1163.2,59.97,8.82,19.4,0.46,29.44,25.88,97.23,43.55,1,moderate,Meghalaya
26.90904,88.33314,2246.5,34.79,242.61,576.95,58.83,87.62,94.24,73.58,100.0,3,critical,West Bengal
27.04066,93.59922,782.5,34.28,8.71,9.35,0.51,40.16,29.17,56.8,25.15,0,low,Arunachal Pradesh
26.22055,91.64634,50.0,32.41,3.18,6.69,0.22,17.4,32.53,75.48,22.68,0,low,Assam
27.29486,88.8087,1591.8,49.4,42.77,106.39,2.95,46.11,38.89,87.46,47.19,1,moderate,Sikkim
27.03747,88.19415,2143.7,46.83,7.52,16.43,0.39,11.6,23.36,81.46,29.3,0,low,West Bengal
27.04854,93.5735,564.1,32.19,131.58,330.25,24.11,86.41,63.09,59.55,82.48,3,critical,Arunachal Pradesh
25.48294,91.8881,1946.0,43.72,204.74,584.72,51.22,96.38,81.06,81.32,100.0,3,critical,Meghalaya
26.92245,93.58946,787.8,41.24,24.82,99.26,1.8,42.87,46.32,47.1,37.44,0,low,Arunachal Pradesh
25.55002,94.09832,1081.0,41.85,88.29,229.2,18.3,92.92,84.95,79.85,79.24,2,high,Nagaland
30.72052,79.04135,3456.9,58.55,2.62,14.31,0.19,25.01,26.36,100.0,38.73,0,low,Uttarakhand
27.05904,93.58637,460.2,26.38,131.38,271.58,28.76,87.71,71.19,57.72,80.41,3,critical,Arunachal Pradesh
25.53485,91.83359,2113.3,43.5,143.39,387.42,27.42,76.84,89.34,85.42,89.91,3,critical,Meghalaya
31.15355,77.19096,2076.7,44.62,3.38,4.76,0.23,23.87,18.39,90.67,28.33,0,low,Himachal Pradesh
27.053,93.79547,1142.8,33.88,13.34,39.9,1.04,39.23,33.45,64.98,26.25,0,low,Arunachal Pradesh
25.37964,91.78562,1472.6,40.1,63.74,119.56,5.98,61.4,39.29,85.23,57.2,1,moderate,Meghalaya
31.00046,77.13708,2113.0,41.15,146.18,381.9,24.65,81.22,90.0,83.93,96.51,3,critical,Himachal Pradesh
11.71916,76.24346,768.5,42.95,288.62,695.28,52.74,99.0,94.23,90.7,100.0,3,critical,Kerala
30.81065,79.03944,3476.4,52.51,242.22,636.06,47.47,99.0,92.15,91.25,100.0,3,critical,Uttarakhand
25.756,94.00545,1591.8,55.53,23.91,26.53,1.17,35.08,21.94,76.79,41.68,1,moderate,Nagaland
23.58102,93.46831,1854.3,43.32,0.51,0.95,0.04,36.49,24.4,81.18,35.29,0,low,Mizoram
25.50745,94.08636,1513.5,52.24,172.84,477.5,40.1,84.44,62.87,80.55,100.0,3,critical,Nagaland
27.03752,93.7197,1065.2,34.84,3.45,9.03,0.15,15.34,26.9,67.65,24.25,0,low,Arunachal Pradesh
25.66927,91.79281,1992.9,41.92,4.63,4.93,0.25,43.39,45.0,83.61,34.71,0,low,Meghalaya
25.55422,91.80643,1854.3,46.76,128.46,319.19,13.34,81.71,89.19,95.39,81.88,3,critical,Meghalaya
31.11015,77.28524,2372.2,52.72,17.44,50.71,1.27,37.9,51.93,92.83,45.18,1,moderate,Himachal Pradesh
25.76067,93.96512,1221.5,45.14,156.68,397.37,19.57,72.95,90.0,67.89,91.11,3,critical,Nagaland
25.46057,91.82606,1923.9,32.96,6.1,10.85,0.38,18.69,23.77,81.07,19.43,0,low,Meghalaya
27.14332,93.66158,714.7,34.06,188.45,585.62,36.1,88.63,98.0,50.23,100.0,3,critical,Arunachal Pradesh
26.27935,91.79279,281.6,46.34,45.62,126.93,3.84,70.71,45.81,98.82,55.61,1,moderate,Assam
11.64882,76.20107,1022.8,29.12,26.02,95.64,2.52,49.76,42.48,93.11,36.68,0,low,Kerala
27.15729,88.15981,1884.5,47.84,61.83,108.88,4.07,60.58,40.73,83.86,51.0,1,moderate,West Bengal
26.1616,91.84189,82.4,23.34,242.35,599.0,117.03,99.0,87.08,76.94,100.0,3,critical,Assam
25.21208,91.71437,1362.2,41.69,3.68,42.74,0.26,27.84,27.56,91.94,35.59,0,low,Meghalaya
25.0188,94.08444,787.4,39.48,44.14,116.88,4.62,58.02,60.04,87.6,44.92,1,moderate,Manipur
27.0809,88.19761,2204.1,39.71,152.03,359.24,37.77,90.53,90.0,86.64,100.0,3,critical,West Bengal
25.46868,91.87558,1863.4,39.39,110.77,240.22,20.06,87.74,62.94,100.0,77.77,2,high,Meghalaya
27.12729,93.68438,708.3,43.88,37.92,135.91,2.92,48.48,70.0,58.62,45.3,1,moderate,Arunachal Pradesh
25.49951,91.77936,1927.3,50.6,57.89,114.38,8.4,56.24,48.13,84.97,62.77,2,high,Meghalaya
31.19971,77.23759,2175.0,69.33,12.64,12.94,0.99,30.29,29.21,73.76,45.45,1,moderate,Himachal Pradesh
25.67746,94.06106,1416.7,34.9,7.32,32.93,0.59,34.98,35.59,70.1,23.51,0,low,Nagaland
23.44569,93.44431,1845.9,40.43,26.54,37.55,1.34,34.47,20.5,87.39,30.65,0,low,Mizoram
11.80921,76.11951,936.1,50.16,65.14,258.37,10.67,72.19,71.74,83.74,74.63,2,high,Kerala
31.18764,77.15307,2464.0,45.47,182.07,409.22,21.67,82.0,55.0,85.14,98.39,3,critical,Himachal Pradesh
31.20756,77.2895,2380.8,41.91,195.77,536.25,74.81,94.42,91.0,95.69,100.0,3,critical,Himachal Pradesh
24.72197,93.81886,474.7,37.19,51.82,87.72,3.78,57.23,53.0,84.99,40.16,1,moderate,Manipur
11.67465,76.03906,781.3,60.78,4.17,15.42,0.26,14.64,32.62,96.19,37.72,0,low,Kerala
25.92616,91.68724,50.0,35.57,101.83,258.86,13.71,95.0,56.79,67.4,76.43,2,high,Assam
26.9874,88.21538,1823.8,41.1,143.65,302.88,16.86,86.47,77.7,71.67,88.09,3,critical,West Bengal
11.71521,76.1925,1090.1,47.89,152.55,318.51,18.31,77.44,79.44,94.62,85.46,3,critical,Kerala
11.70468,76.20735,1060.8,52.84,145.35,398.8,25.74,91.4,75.0,92.39,100.0,3,critical,Kerala
31.11774,77.18737,2139.0,44.04,1.45,40.55,0.11,27.51,30.73,91.81,30.51,0,low,Himachal Pradesh
31.15602,77.16641,2284.6,52.21,109.18,322.53,13.04,78.29,90.0,83.45,84.06,3,critical,Himachal Pradesh
24.65168,93.90031,851.5,41.28,35.89,92.81,2.89,43.82,45.18,82.31,41.83,1,moderate,Manipur
30.75092,79.04112,3800.8,52.58,169.19,365.1,26.43,78.83,90.0,100.0,100.0,3,critical,Uttarakhand
31.14108,77.30428,2299.7,35.33,6.52,8.01,0.32,29.05,24.16,90.39,28.68,0,low,Himachal Pradesh
11.80266,76.12416,858.7,41.53,9.71,11.07,0.45,47.59,13.42,86.48,32.55,0,low,Kerala
25.22795,91.73259,1329.1,49.79,36.81,104.88,2.64,45.74,30.0,78.06,51.81,1,moderate,Meghalaya
30.88496,79.04999,3671.4,62.95,40.24,148.97,3.71,41.51,45.3,99.99,64.51,2,high,Uttarakhand
30.82488,79.15319,3357.6,51.99,139.19,274.71,15.63,65.0,62.35,85.93,79.3,2,high,Uttarakhand
25.46837,91.95503,2311.7,35.11,34.1,75.02,2.65,60.44,47.93,89.27,39.94,0,low,Meghalaya
31.08,77.23036,2302.5,53.34,16.85,21.22,0.71,36.24,23.57,96.07,41.04,1,moderate,Himachal Pradesh
27.10079,88.09992,2119.5,40.85,43.68,139.97,3.33,73.51,51.52,80.3,49.58,1,moderate,West Bengal
24.67869,93.89451,662.7,34.77,122.05,307.01,15.8,95.0,85.21,75.42,86.32,3,critical,Manipur
25.30494,91.76234,1615.4,39.43,20.87,32.48,1.36,41.93,20.97,97.44,34.17,0,low,Meghalaya
27.3586,88.63673,1722.2,54.3,19.11,38.78,0.94,27.39,15.83,84.15,32.86,0,low,Sikkim
24.91919,94.00605,783.0,39.41,43.73,94.57,3.33,44.23,52.39,67.85,44.06,1,moderate,Manipur
23.29142,93.25524,1909.5,34.43,23.9,62.81,1.7,38.74,53.45,85.33,35.18,0,low,Mizoram
11.53876,76.24535,1045.4,38.55,98.34,321.7,11.06,81.4,69.76,100.0,81.57,3,critical,Kerala
27.05177,88.34143,2127.6,49.52,135.68,344.52,15.72,82.02,84.99,71.15,87.86,3,critical,West Bengal
26.15975,91.69006,238.0,39.72,2.87,5.04,0.13,29.18,20.45,79.12,24.31,0,low,Assam
30.76838,78.99989,3765.6,51.8,118.81,281.26,14.44,77.7,64.97,80.92,79.52,2,high,Uttarakhand
23.53137,93.42109,1674.5,53.41,190.5,579.34,61.55,88.78,89.11,76.42,100.0,3,critical,Mizoram
27.06318,93.77348,657.6,27.56,7.4,20.25,0.45,39.32,31.95,64.47,22.24,0,low,Arunachal Pradesh
27.40251,88.62685,1529.8,55.65,56.18,139.86,3.67,56.06,51.11,85.78,53.85,1,moderate,Sikkim
26.17516,91.74557,50.0,31.7,85.08,120.67,10.95,45.31,70.0,85.69,55.8,1,moderate,Assam
27.10988,93.4165,863.5,40.99,14.46,16.47,0.85,38.16,36.7,57.96,32.32,0,low,Arunachal Pradesh
27.06654,93.63569,739.2,39.96,0.28,7.56,0.01,33.45,45.0,66.0,28.71,0,low,Arunachal Pradesh
23.57455,93.2173,1708.0,42.15,23.84,118.11,1.94,56.67,48.04,83.35,45.26,1,moderate,Mizoram
26.24058,91.86943,72.5,21.72,40.86,102.38,5.92,67.71,63.08,76.72,43.22,1,moderate,Assam
24.92621,93.93507,899.0,41.36,2.2,7.15,0.12,18.71,23.9,83.16,29.3,0,low,Manipur
27.16157,93.50341,808.6,36.68,22.59,81.37,1.63,42.2,55.46,45.59,37.14,0,low,Arunachal Pradesh
27.12968,93.69,659.5,38.11,9.14,11.52,0.67,43.53,24.56,63.59,24.37,0,low,Arunachal Pradesh
24.90328,93.94107,765.8,35.44,129.56,312.33,15.34,65.0,78.02,84.99,71.96,2,high,Manipur
30.69626,79.06873,3746.2,48.36,120.78,299.17,17.86,80.2,75.94,100.0,81.18,3,critical,Uttarakhand
27.01947,93.66457,792.6,43.72,56.04,113.99,5.09,63.8,43.43,60.76,48.24,1,moderate,Arunachal Pradesh
25.43201,91.83358,1758.9,34.81,6.05,13.37,0.25,22.67,19.17,89.41,23.55,0,low,Meghalaya
27.10893,93.65085,955.9,45.22,3.8,29.65,0.19,24.53,34.92,57.48,26.59,0,low,Arunachal Pradesh
30.71794,79.00594,3562.2,65.72,96.16,326.61,15.26,87.39,84.63,93.59,96.88,3,critical,Uttarakhand
25.27456,91.75149,1659.3,52.06,4.13,43.61,0.28,40.73,16.64,96.31,32.85,0,low,Meghalaya
24.78051,93.9456,881.8,34.97,54.18,108.45,8.33,43.75,50.31,84.98,50.09,1,moderate,Manipur
23.38142,93.29795,1678.8,44.69,30.66,99.84,4.57,51.1,44.93,82.0,52.98,1,moderate,Mizoram
26.91974,88.26531,1986.9,49.26,21.61,25.14,0.94,26.66,16.09,85.58,31.64,0,low,West Bengal
24.98061,93.86613,928.0,46.47,141.16,319.83,14.58,80.3,84.21,97.83,93.24,3,critical,Manipur
23.42422,93.35529,1625.0,51.08,6.75,51.61,0.42,24.2,31.96,69.49,34.53,0,low,Mizoram
25.46223,91.87637,2176.1,28.08,103.42,298.57,17.52,78.67,68.74,78.6,72.92,2,high,Meghalaya
26.03656,91.64862,268.7,39.81,99.52,299.91,12.42,84.86,67.83,81.09,76.82,2,high,Assam
25.64267,91.86171,1832.1,47.43,54.31,89.88,5.67,51.53,44.47,82.56,48.1,1,moderate,Meghalaya
26.94202,93.55424,797.1,41.41,115.58,272.05,15.06,78.39,63.44,53.33,69.73,2,high,Arunachal Pradesh
31.08126,77.13622,2330.1,56.72,256.08,601.37,59.64,90.96,84.38,90.76,100.0,3,critical,Himachal Pradesh
25.82797,94.11368,1364.9,39.82,64.15,122.4,4.33,72.34,41.17,88.44,58.11,1,moderate,Nagaland
31.12399,77.19231,1923.2,50.59,46.39,89.51,3.62,48.61,36.01,90.08,46.37,1,moderate,Himachal Pradesh
25.69698,94.15134,1439.5,39.66,45.5,85.87,3.67,53.38,54.31,84.08,43.03,1,moderate,Nagaland
25.25943,91.73578,1205.0,41.77,259.88,652.61,69.52,89.53,86.6,100.0,100.0,3,critical,Meghalaya
25.66136,93.93596,1639.9,62.56,179.59,514.25,41.87,97.01,86.82,76.59,100.0,3,critical,Nagaland
25.22551,91.7196,1680.4,40.46,40.17,77.46,2.98,60.85,35.85,100.0,47.39,1,moderate,Meghalaya
25.5504,91.78496,2024.2,48.77,66.95,282.6,7.26,89.77,77.2,89.27,81.79,3,critical,Meghalaya
11.58776,76.20814,760.0,52.96,7.02,67.6,0.5,32.8,24.01,100.0,36.27,0,low,Kerala
27.07667,93.59695,806.2,39.18,33.12,74.85,3.89,46.01,40.98,61.74,41.12,1,moderate,Arunachal Pradesh
30.7805,78.988,3284.3,62.26,89.46,211.22,13.47,89.37,84.71,99.52,93.4,3,critical,Uttarakhand
31.24936,77.13831,2381.9,59.08,144.79,420.99,36.22,93.05,86.59,93.76,100.0,3,critical,Himachal Pradesh
27.16931,93.65152,703.6,39.05,18.5,21.49,0.86,38.26,28.99,69.6,27.78,0,low,Arunachal Pradesh
26.9369,88.14443,2085.3,60.53,4.07,49.82,0.32,27.88,30.74,87.07,44.59,1,moderate,West Bengal
25.64199,94.14831,1527.2,40.55,39.96,45.13,1.75,36.22,28.54,67.14,32.54,0,low,Nagaland
26.34089,91.72841,73.1,30.82,13.12,29.84,0.74,33.87,26.8,73.01,24.85,0,low,Assam
25.42142,91.96213,1945.7,42.3,19.49,20.4,1.34,22.12,17.83,88.21,31.29,0,low,Meghalaya
31.09181,77.16049,2095.8,59.15,8.55,47.31,0.38,17.45,21.36,95.99,42.11,1,moderate,Himachal Pradesh
23.35618,93.25953,1829.6,47.01,184.51,373.56,39.36,66.48,78.55,77.49,100.0,3,critical,Mizoram
25.21995,91.76166,1504.1,50.09,189.78,529.2,47.81,90.54,91.81,87.6,100.0,3,critical,Meghalaya
27.0101,88.13465,1952.2,49.15,273.66,624.82,57.24,87.44,84.24,79.67,100.0,3,critical,West Bengal
24.89246,93.8169,758.8,42.3,44.82,104.08,3.68,55.73,49.74,87.75,51.72,1,moderate,Manipur
23.40608,93.39,1559.4,46.89,0.27,7.03,0.01,46.64,14.88,74.28,34.56,0,low,Mizoram
25.7426,94.23115,1177.4,46.21,128.87,281.95,22.48,87.23,78.12,81.92,91.2,3,critical,Nagaland
11.67191,76.15096,1018.4,49.93,44.17,77.82,4.3,58.51,37.96,67.38,48.46,1,moderate,Kerala
30.98037,77.16292,2300.7,58.29,32.17,74.68,4.29,63.57,30.49,100.0,55.37,1,moderate,Himachal Pradesh
27.00457,93.65284,745.1,32.24,102.23,221.65,15.1,86.7,70.97,66.45,70.56,2,high,Arunachal Pradesh
30.79708,78.92657,3612.6,52.93,165.52,463.42,28.35,91.97,88.15,76.12,100.0,3,critical,Uttarakhand
23.54866,93.34733,2008.5,42.12,154.8,505.05,32.15,97.68,98.0,80.87,100.0,3,critical,Mizoram
23.41933,93.20881,1708.2,51.07,35.06,137.31,2.58,52.07,53.2,69.77,50.64,1,moderate,Mizoram
26.12923,91.83031,104.9,33.43,40.95,107.31,3.28,75.0,53.37,73.08,52.92,1,moderate,Assam
11.59457,76.14028,1120.3,59.74,54.92,95.55,4.94,35.0,43.13,92.53,56.44,1,moderate,Kerala
26.20665,91.70298,141.1,31.64,122.05,317.73,29.18,87.05,79.33,68.25,85.63,3,critical,Assam
23.32528,93.37852,1826.3,54.43,34.46,98.5,3.06,71.86,51.04,59.78,56.43,1,moderate,Mizoram
25.57235,94.12235,1452.2,43.05,47.7,105.77,7.84,66.31,64.59,93.65,58.84,1,moderate,Nagaland
25.7057,94.192,1524.5,26.37,0.48,29.02,0.02,30.47,23.05,69.08,19.56,0,low,Nagaland
25.47491,91.80843,2009.0,31.48,6.25,6.45,0.35,24.66,24.6,92.96,28.03,0,low,Meghalaya
27.01427,93.55369,830.3,31.19,34.34,98.95,4.38,65.59,58.77,63.6,44.63,1,moderate,Arunachal Pradesh
27.34364,88.66815,1733.1,47.08,136.43,271.46,16.23,67.66,76.94,89.77,82.99,3,critical,Sikkim
23.60206,93.27614,1751.0,41.98,11.83,19.62,0.96,27.96,35.11,83.05,23.72,0,low,Mizoram
25.64107,94.05955,1536.3,46.39,17.34,100.58,1.09,57.66,40.94,77.13,49.26,1,moderate,Nagaland
25.25113,91.69745,1349.8,50.36,158.43,364.87,29.26,69.88,81.72,80.02,96.61,3,critical,Meghalaya
25.50522,91.93525,1717.6,32.29,27.42,116.67,3.44,35.0,50.69,93.78,29.57,0,low,Meghalaya
27.27807,88.53551,1721.6,53.74,76.85,288.59,16.54,77.14,68.87,82.69,79.8,2,high,Sikkim
25.27271,91.63477,1568.9,47.27,54.84,85.7,6.86,49.94,51.07,90.58,50.0,1,moderate,Meghalaya
25.70149,94.09239,1584.6,42.6,2.29,8.88,0.18,34.24,39.18,73.35,25.08,0,low,Nagaland
27.48207,88.63727,1596.0,50.02,27.86,93.87,3.68,54.43,40.77,89.32,49.3,1,moderate,Sikkim
23.334,93.3142,1838.0,41.42,66.4,112.62,5.87,63.34,43.7,75.21,50.95,1,moderate,Mizoram
30.94897,77.12267,2243.6,60.82,111.55,332.07,24.46,67.04,73.31,92.36,94.36,3,critical,Himachal Pradesh
26.18714,91.68944,164.3,27.7,51.6,95.22,3.29,35.14,53.58,73.01,31.62,0,low,Assam
27.16486,93.59291,569.2,38.66,63.92,142.09,10.06,53.8,58.55,55.04,53.57,1,moderate,Arunachal Pradesh
26.90291,88.19334,2290.0,51.28,52.05,106.01,3.52,54.61,66.57,67.03,53.03,1,moderate,West Bengal
25.70747,94.06854,1233.7,42.87,225.85,531.32,67.34,87.87,96.77,86.88,100.0,3,critical,Nagaland
24.81241,93.98442,774.8,50.08,4.27,7.63,0.25,40.12,28.27,84.09,28.99,0,low,Manipur
11.62752,76.11703,1075.9,48.95,1.15,36.96,0.07,24.1,22.4,86.64,24.73,0,low,Kerala
26.02856,91.74712,249.6,15.6,62.59,110.47,7.55,41.56,45.83,75.16,37.17,0,low,Assam
26.95401,88.16614,2073.3,44.63,2.12,10.67,0.09,35.38,25.39,81.24,30.08,0,low,West Bengal
31.20766,77.37624,2398.9,54.01,1.18,16.87,0.06,43.85,31.37,73.99,34.65,0,low,Himachal Pradesh
27.17232,93.78578,946.5,46.28,32.68,108.33,2.72,41.74,53.46,51.2,40.72,1,moderate,Arunachal Pradesh
27.31447,88.71228,1442.4,47.23,207.45,465.64,60.82,93.02,98.0,82.2,100.0,3,critical,Sikkim
25.6426,93.91617,1486.5,36.33,215.93,653.06,84.64,96.43,89.87,83.04,100.0,3,critical,Nagaland
23.36334,93.32104,1646.4,44.3,37.16,150.91,2.93,62.54,54.61,58.14,53.62,1,moderate,Mizoram
25.81022,91.91126,1949.3,37.88,9.48,34.09,0.55,30.3,36.08,81.16,29.83,0,low,Meghalaya
25.73174,94.08734,1303.4,46.51,7.8,17.71,0.44,24.41,35.62,62.5,28.76,0,low,Nagaland
11.59129,76.23379,844.8,38.59,32.78,88.42,3.22,49.76,55.59,94.32,46.3,1,moderate,Kerala
24.87913,94.0989,550.6,46.62,5.86,14.09,0.28,40.05,22.64,91.22,40.17,1,moderate,Manipur
24.70149,94.02296,725.7,39.65,133.38,354.47,24.11,82.83,74.05,72.84,89.85,3,critical,Manipur
11.7758,76.27671,1029.2,60.53,32.06,86.67,2.12,51.31,30.0,88.87,57.23,1,moderate,Kerala
27.32231,88.67034,1752.6,41.71,23.7,54.51,3.64,64.21,56.01,100.0,52.72,1,moderate,Sikkim
26.17682,91.86565,81.8,45.92,4.88,19.58,0.39,28.91,41.25,86.59,28.58,0,low,Assam
25.78852,94.10265,1443.9,51.36,159.28,457.78,60.68,85.99,98.0,87.75,100.0,3,critical,Nagaland
25.72097,94.06589,1526.4,50.73,166.03,312.78,26.1,78.12,71.48,76.16,90.45,3,critical,Nagaland
25.56382,93.96583,1481.6,36.61,48.04,125.12,4.09,54.53,51.43,67.21,41.47,1,moderate,Nagaland
27.20834,88.64073,1650.1,54.42,78.17,207.87,8.78,81.46,60.72,88.16,72.59,2,high,Sikkim
31.17054,77.14604,2024.2,50.91,65.01,65.43,3.17,44.13,21.7,87.81,50.41,1,moderate,Himachal Pradesh
27.12075,88.19714,2008.3,45.91,65.83,303.14,15.61,79.81,71.48,68.53,74.43,2,high,West Bengal
23.48208,93.3696,1740.6,46.04,47.35,83.75,6.35,75.0,53.97,80.86,55.81,1,moderate,Mizoram
25.22098,91.69898,1472.9,50.68,5.25,12.24,0.35,50.0,24.73,97.27,44.8,1,moderate,Meghalaya
23.48542,93.17407,1676.4,34.18,17.94,89.04,2.24,58.05,41.35,77.01,38.0,0,low,Mizoram
11.67799,76.21232,911.8,32.81,30.36,36.05,2.65,46.15,44.26,84.46,36.74,0,low,Kerala
27.25321,88.59201,1619.8,42.1,13.88,84.78,1.96,57.16,65.86,85.64,44.61,1,moderate,Sikkim
30.76327,79.13319,3436.6,40.32,2.18,2.92,0.09,33.15,26.17,100.0,32.49,0,low,Uttarakhand
25.66713,91.91009,1888.0,41.92,98.15,306.23,11.07,72.8,90.0,85.51,74.68,2,high,Meghalaya
24.80032,93.77783,718.4,40.98,12.08,13.19,0.59,36.77,17.68,82.52,28.45,0,low,Manipur
31.13181,77.13557,2080.5,48.87,4.22,7.46,0.21,31.91,27.86,100.0,32.87,0,low,Himachal Pradesh
23.47633,93.18136,1772.3,41.53,10.89,17.98,0.46,34.27,33.27,71.34,31.93,0,low,Mizoram
27.06852,93.64161,917.2,45.16,207.44,522.87,64.15,91.57,98.0,53.02,100.0,3,critical,Arunachal Pradesh
23.48153,93.22002,1693.5,35.46,72.4,242.71,7.99,86.93,86.34,69.65,68.38,2,high,Mizoram
31.06949,77.22551,2087.7,48.15,50.89,143.54,3.4,50.68,50.2,84.47,50.17,1,moderate,Himachal Pradesh
23.18737,93.2985,1719.9,54.64,1.39,31.8,0.11,40.03,33.43,72.29,30.44,0,low,Mizoram
24.74848,94.01956,869.9,57.82,54.15,121.53,5.68,51.78,53.35,86.21,61.97,2,high,Manipur
25.30944,91.7254,1591.3,49.69,87.25,332.51,14.0,84.98,74.08,93.68,82.71,3,critical,Meghalaya
26.02772,91.64258,161.7,53.76,41.28,79.39,2.91,50.52,41.49,79.97,50.08,1,moderate,Assam
27.08078,88.20194,1895.1,39.28,291.62,682.56,49.66,90.95,94.11,79.35,100.0,3,critical,West Bengal
30.70825,78.92838,3259.6,72.07,13.41,43.48,0.73,26.41,16.18,96.64,49.06,1,moderate,Uttarakhand
30.64033,79.0048,3707.0,47.11,3.91,12.42,0.17,37.07,25.52,87.9,32.4,0,low,Uttarakhand
26.88543,88.20186,2215.8,42.94,69.02,131.41,7.55,73.78,57.97,60.35,55.84,1,moderate,West Bengal
26.11867,91.69065,50.0,49.64,12.62,14.2,0.92,26.46,33.86,87.38,38.2,0,low,Assam
27.36592,88.74985,1902.4,49.26,45.37,109.35,4.36,38.16,65.95,100.0,47.86,1,moderate,Sikkim
24.80988,94.02997,983.5,37.54,1.2,16.7,0.09,18.77,28.02,90.07,21.93,0,low,Manipur
27.31684,93.68182,1024.4,43.95,102.07,328.63,11.03,90.0,70.28,59.27,83.17,3,critical,Arunachal Pradesh
31.18692,77.09848,2138.8,52.76,31.29,39.44,1.75,23.27,25.67,79.18,39.57,0,low,Himachal Pradesh
23.32917,93.17828,1743.3,34.1,45.95,105.95,3.46,65.1,61.91,67.99,46.95,1,moderate,Mizoram
26.22207,91.82902,230.6,30.3,36.84,94.92,2.92,75.0,47.41,61.54,43.63,1,moderate,Assam
31.18404,77.18593,2495.2,58.43,151.66,308.12,17.1,75.49,55.06,86.23,96.59,3,critical,Himachal Pradesh
30.76977,79.00014,3525.9,59.18,279.2,574.93,72.92,97.06,97.17,94.37,100.0,3,critical,Uttarakhand
25.7816,94.2112,1356.3,39.14,22.5,24.09,1.16,17.0,33.66,77.35,26.07,0,low,Nagaland
27.21421,88.56663,1921.9,44.48,26.76,55.5,4.45,39.91,51.71,87.11,41.4,1,moderate,Sikkim
25.19114,91.70727,1609.2,55.16,50.27,96.53,4.04,35.0,41.66,81.02,51.54,1,moderate,Meghalaya
26.17219,91.72036,96.4,42.49,223.27,613.93,69.6,91.15,80.47,73.71,100.0,3,critical,Assam
24.74635,93.89062,707.9,41.98,27.16,80.73,4.49,49.18,61.44,78.08,41.55,1,moderate,Manipur
25.68734,94.14598,1384.3,36.13,155.68,306.22,26.26,79.66,86.05,80.21,85.38,3,critical,Nagaland
25.63152,94.29507,1738.1,56.63,4.53,7.49,0.28,50.0,25.97,82.98,42.07,1,moderate,Nagaland
26.06187,91.58601,50.0,38.42,80.88,148.54,7.51,75.0,60.63,70.9,60.88,2,high,Assam
25.34973,91.69268,1526.1,46.48,34.44,43.32,1.91,18.52,23.5,94.59,30.62,0,low,Meghalaya
30.59722,79.0836,3536.4,67.25,47.13,131.68,6.43,44.29,38.58,100.0,64.73,2,high,Uttarakhand
25.60451,94.0121,1545.2,45.88,26.05,86.15,3.91,47.48,53.2,90.71,47.0,1,moderate,Nagaland
11.69108,76.13425,1036.9,39.59,19.83,78.18,1.34,35.0,30.0,96.82,34.66,0,low,Kerala
25.35154,91.99597,2124.0,45.57,176.02,480.61,38.44,97.89,89.67,100.0,100.0,3,critical,Meghalaya
24.69705,93.90736,981.4,28.48,126.08,291.31,14.85,73.99,68.18,100.0,75.09,2,high,Manipur
25.61328,94.12689,1253.3,45.02,10.04,26.85,0.73,26.85,35.74,77.11,31.1,0,low,Nagaland
27.16321,88.11551,2117.0,47.73,99.96,274.03,10.1,70.39,76.88,71.01,75.9,2,high,West Bengal
26.20881,91.75414,365.1,32.61,3.71,15.76,0.16,25.92,20.92,67.11,25.02,0,low,Assam
25.90278,91.8362,96.5,36.13,0.62,17.61,0.04,43.96,28.17,67.44,28.92,0,low,Assam
26.30145,91.63499,298.7,43.57,11.88,31.24,0.5,42.92,33.76,76.83,37.47,0,low,Assam
26.94663,88.34379,2140.2,44.52,127.05,252.53,13.43,78.44,79.04,99.06,86.04,3,critical,West Bengal
11.6817,76.15762,1014.2,38.35,123.12,301.78,17.13,74.89,73.68,97.02,82.41,3,critical,Kerala
30.62515,79.04879,3815.1,68.14,10.05,44.11,0.57,14.61,30.26,100.0,50.63,1,moderate,Uttarakhand
11.63127,76.0868,901.3,51.89,50.06,70.04,3.44,38.07,53.35,87.61,44.44,1,moderate,Kerala
27.08351,88.28356,1893.4,57.03,36.53,98.81,2.34,35.0,57.4,73.35,50.79,1,moderate,West Bengal
11.68432,76.14406,1076.6,45.45,0.11,3.39,0.01,29.69,17.74,98.98,32.9,0,low,Kerala
25.31444,91.65651,1367.4,45.64,58.78,113.16,6.16,60.1,47.83,99.81,54.49,1,moderate,Meghalaya
25.50725,91.78551,1679.0,33.8,66.41,133.24,9.07,59.73,44.81,85.92,56.06,1,moderate,Meghalaya
30.69106,79.2355,3444.3,56.72,4.46,57.67,0.37,10.0,30.76,95.85,32.91,0,low,Uttarakhand
27.52188,88.65249,1501.1,47.61,40.05,59.74,1.8,34.56,25.06,91.26,38.53,0,low,Sikkim
23.46713,93.2461,1799.6,47.67,2.95,8.39,0.16,17.54,24.62,70.11,26.48,0,low,Mizoram
25.5124,91.88816,1872.2,52.19,39.26,79.21,3.96,69.63,56.26,84.09,60.44,2,high,Meghalaya
27.00642,88.20457,2086.5,44.14,71.53,289.26,13.64,71.55,88.86,76.19,70.56,2,high,West Bengal
30.79666,79.1255,3600.9,52.08,64.24,140.58,4.66,75.0,37.98,98.17,65.94,2,high,Uttarakhand
23.59918,93.30786,2107.3,38.46,109.44,246.12,20.58,70.27,80.86,74.0,75.47,2,high,Mizoram
23.5363,93.2273,1835.5,30.86,23.8,57.63,2.24,50.47,44.83,70.03,35.17,0,low,Mizoram
25.22124,91.71504,1438.5,52.24,52.3,54.53,7.41,58.52,37.9,91.44,55.17,1,moderate,Meghalaya
25.44465,92.02548,1847.0,47.31,103.34,269.87,12.45,92.18,62.14,93.48,81.71,3,critical,Meghalaya
25.22186,91.87818,1428.0,39.54,26.69,142.25,3.4,69.32,57.38,98.58,53.25,1,moderate,Meghalaya
27.01007,88.38185,2084.6,35.82,15.98,27.47,0.8,27.03,17.21,67.23,18.0,0,low,West Bengal
25.33863,91.77429,1391.4,56.66,3.44,25.64,0.27,21.48,22.82,90.97,40.16,1,moderate,Meghalaya
25.35248,91.8045,1304.1,45.53,59.63,116.08,6.45,50.08,58.13,94.65,57.33,1,moderate,Meghalaya
25.48354,91.84915,1737.9,42.7,47.03,120.27,3.08,75.0,50.23,94.98,58.28,1,moderate,Meghalaya
23.39113,93.36853,1457.3,43.23,38.46,70.83,2.49,50.74,42.54,71.88,43.61,1,moderate,Mizoram
27.16228,88.30379,2099.1,41.34,25.78,81.13,2.01,38.37,46.22,86.16,39.75,0,low,West Bengal
27.38602,88.53399,1665.9,57.66,125.11,337.19,12.67,68.04,90.0,83.72,90.97,3,critical,Sikkim
23.43936,93.20551,1784.8,34.77,44.91,70.71,2.93,55.48,37.01,83.88,41.31,1,moderate,Mizoram
25.39433,91.79832,1492.2,51.71,53.37,91.31,4.55,51.25,53.86,92.35,53.02,1,moderate,Meghalaya
30.82751,78.96145,3510.7,47.24,6.84,10.05,0.46,38.51,27.01,87.19,40.64,1,moderate,Uttarakhand
27.2981,88.61619,1827.6,54.05,50.99,106.79,3.5,55.94,55.48,83.7,57.86,1,moderate,Sikkim
23.5234,93.22258,1628.9,49.96,152.68,248.88,23.42,77.39,74.71,59.71,87.18,3,critical,Mizoram
24.84606,93.95754,801.1,37.45,142.93,375.51,15.74,75.84,80.67,92.87,81.12,3,critical,Manipur
25.63962,94.14849,1335.2,39.65,52.27,86.87,2.66,33.36,26.72,63.43,42.39,1,moderate,Nagaland
24.76499,93.89238,877.1,40.66,240.9,466.43,42.18,93.22,96.37,89.9,100.0,3,critical,Manipur
27.02905,93.52608,726.9,28.27,24.53,35.42,1.26,16.24,25.55,69.15,20.8,0,low,Arunachal Pradesh
23.39438,93.06727,1863.1,42.83,2.9,19.1,0.22,10.48,25.98,68.8,20.19,0,low,Mizoram
25.99782,91.76808,50.0,49.07,2.12,27.65,0.11,21.77,15.81,73.52,34.82,0,low,Assam
30.9687,77.25463,2438.1,45.2,146.31,385.74,35.97,79.78,77.95,95.68,100.0,3,critical,Himachal Pradesh
25.71602,94.0378,1515.8,36.13,25.85,121.91,2.55,45.42,55.65,85.27,43.69,1,moderate,Nagaland
23.46564,93.42193,1793.7,34.86,8.15,12.54,0.35,47.43,13.5,69.8,29.73,0,low,Mizoram
30.76449,79.11595,3466.8,63.72,16.73,28.7,1.17,50.0,16.77,98.77,47.56,1,moderate,Uttarakhand
27.31284,88.65409,1506.0,38.69,298.48,558.24,73.85,89.34,80.08,93.46,100.0,3,critical,Sikkim
27.16842,93.67607,1018.0,30.77,129.3,308.46,12.97,86.3,67.54,47.46,66.0,2,high,Arunachal Pradesh
24.83654,93.94422,721.9,29.84,93.84,268.63,11.91,70.04,71.16,73.77,63.2,2,high,Manipur
31.15863,77.2562,2329.0,59.91,118.33,294.06,22.19,86.94,66.49,84.95,96.12,3,critical,Himachal Pradesh
25.83396,94.02251,1470.5,44.73,9.94,17.92,0.55,31.15,18.33,85.18,32.97,0,low,Nagaland
26.03333,91.65409,267.2,39.03,24.97,132.58,1.67,56.37,36.55,72.18,47.47,1,moderate,Assam
24.71986,93.86809,963.8,52.24,13.93,16.93,0.74,35.32,17.33,84.06,35.82,0,low,Manipur
26.04763,91.63726,124.5,18.4,18.96,92.1,1.51,72.92,43.54,66.44,33.68,0,low,Assam
23.6678,93.28054,1591.2,45.64,76.76,288.16,11.37,72.9,70.59,65.96,73.27,2,high,Mizoram
31.06579,77.27864,2167.7,52.15,118.4,188.36,22.06,88.97,89.53,74.12,90.47,3,critical,Himachal Pradesh
25.61945,94.04323,1355.6,45.42,9.97,37.07,0.63,30.0,30.94,84.28,39.06,0,low,Nagaland
26.95563,88.32772,2033.9,47.14,21.12,39.38,1.51,32.66,31.56,84.84,37.31,0,low,West Bengal
11.6944,76.11771,936.1,45.02,1.03,17.59,0.07,30.29,18.89,89.32,30.36,0,low,Kerala
27.40258,88.57913,1614.5,57.71,255.89,555.43,46.87,82.47,84.41,94.86,100.0,3,critical,Sikkim
27.08755,88.19406,2018.4,55.64,78.94,208.8,8.18,87.19,69.5,91.94,75.32,2,high,West Bengal
25.68039,94.10482,1278.4,44.78,122.92,289.41,26.85,90.61,71.89,80.12,89.29,3,critical,Nagaland
27.39616,88.70809,1728.9,59.43,126.12,231.6,14.31,78.07,78.73,76.37,86.84,3,critical,Sikkim
30.67129,79.12192,3632.7,55.12,37.47,90.71,3.38,41.02,38.19,99.64,48.37,1,moderate,Uttarakhand
25.30278,91.66111,1640.5,53.58,105.62,299.86,12.35,81.74,90.0,88.46,90.16,3,critical,Meghalaya
25.22001,91.73209,1507.6,42.19,4.93,10.04,0.3,22.45,17.19,93.49,30.67,0,low,Meghalaya
26.13131,91.77785,58.9,39.86,230.81,685.36,114.72,90.86,82.01,79.32,100.0,3,critical,Assam
27.04369,93.5358,790.2,43.16,17.35,70.06,2.12,66.49,44.48,52.22,41.77,1,moderate,Arunachal Pradesh
24.83844,93.93679,541.9,48.89,127.24,313.75,16.94,70.76,77.11,79.78,79.4,2,high,Manipur
11.85391,76.0859,821.7,45.58,16.75,79.54,1.69,55.91,63.86,89.29,42.63,1,moderate,Kerala
25.15626,91.85011,1381.6,45.99,53.34,101.68,3.4,55.46,43.56,100.0,54.47,1,moderate,Meghalaya
27.44067,88.64786,1680.1,44.34,129.9,310.33,14.46,83.38,56.84,94.37,79.14,2,high,Sikkim
25.99631,91.77242,203.3,25.08,20.45,108.72,2.5,52.34,50.67,69.7,35.58,0,low,Assam
30.77199,78.93819,3535.1,71.5,123.87,290.28,16.4,79.86,76.52,95.53,100.0,3,critical,Uttarakhand
30.74533,79.0596,3379.6,49.75,3.39,4.74,0.18,34.67,23.39,95.75,39.56,0,low,Uttarakhand
25.52894,94.02702,1522.7,35.81,15.94,18.82,1.19,50.0,14.13,66.61,34.32,0,low,Nagaland
11.64552,76.17612,930.1,39.12,38.48,100.33,4.03,58.25,42.57,86.96,47.26,1,moderate,Kerala
27.18096,93.57653,945.3,28.41,10.16,32.45,0.48,31.74,22.4,69.78,16.6,0,low,Arunachal Pradesh
30.61396,78.9675,3232.8,69.3,151.04,264.29,19.47,74.52,67.14,100.0,100.0,3,critical,Uttarakhand
27.0677,93.53017,1021.8,28.22,19.22,21.38,1.27,32.16,22.05,58.19,24.07,0,low,Arunachal Pradesh
31.0898,77.26737,1962.6,49.85,119.12,265.63,12.71,73.09,65.38,76.71,78.52,2,high,Himachal Pradesh
23.54157,93.34657,1602.5,35.78,69.48,278.86,7.27,80.72,90.0,68.76,64.63,2,high,Mizoram
25.58554,91.87573,1924.6,49.7,33.39,95.93,5.55,43.07,39.12,77.11,43.79,1,moderate,Meghalaya
26.1997,91.65315,254.0,33.09,2.79,4.37,0.13,32.87,23.0,52.78,19.18,0,low,Assam
30.7038,79.04294,3762.0,68.9,38.06,88.95,3.5,46.94,53.69,81.14,59.13,1,moderate,Uttarakhand
30.68519,79.13729,3780.2,55.42,153.0,299.28,15.58,93.58,74.11,91.71,96.61,3,critical,Uttarakhand
11.7076,76.23878,1174.9,49.15,48.06,123.84,3.13,57.86,45.05,88.61,55.54,1,moderate,Kerala
11.72718,76.08218,920.5,45.06,156.21,389.66,23.77,70.4,90.0,100.0,100.0,3,critical,Kerala
25.22139,91.71902,1573.7,49.66,87.13,335.03,13.48,74.55,72.57,94.46,81.83,3,critical,Meghalaya
27.16291,93.54996,855.6,23.13,3.32,7.56,0.18,41.35,25.28,69.27,18.84,0,low,Arunachal Pradesh
25.6728,94.10408,1546.0,39.14,31.19,96.74,4.73,72.87,41.46,81.41,53.35,1,moderate,Nagaland
27.1828,88.25016,1642.4,48.04,11.42,60.52,0.67,40.4,20.48,59.21,34.15,0,low,West Bengal
11.70392,76.13311,852.8,52.12,89.76,318.4,17.75,83.49,77.05,83.65,87.54,3,critical,Kerala
25.55919,91.9089,1811.2,54.99,50.89,114.2,7.55,75.0,54.35,100.0,64.4,2,high,Meghalaya
11.72717,76.01243,1131.0,57.49,45.41,127.16,3.05,67.78,70.0,92.55,61.12,2,high,Kerala
25.30848,91.74791,1311.4,51.77,65.18,128.86,4.27,56.2,40.1,100.0,57.65,1,moderate,Meghalaya
25.45562,91.86462,1948.6,48.16,1.06,11.34,0.05,43.68,35.0,78.8,31.38,0,low,Meghalaya
25.42932,91.66344,1347.5,46.82,48.12,102.25,7.42,37.61,54.26,98.73,50.6,1,moderate,Meghalaya
23.38053,93.31048,1615.1,45.09,32.33,115.64,1.73,27.86,27.19,66.32,36.8,0,low,Mizoram
27.50664,88.62003,1799.7,52.35,164.3,413.15,19.06,69.8,90.0,80.7,100.0,3,critical,Sikkim
11.65522,76.14492,825.2,56.2,136.61,334.51,31.1,88.39,67.66,87.17,100.0,3,critical,Kerala
25.63324,94.07732,1336.0,49.21,31.88,78.99,5.24,69.69,52.05,94.44,54.59,1,moderate,Nagaland
30.84249,79.06528,3624.4,56.94,294.13,645.9,66.28,86.29,86.64,96.68,100.0,3,critical,Uttarakhand
27.14606,88.11074,2173.9,40.14,51.26,130.99,3.29,38.06,53.85,83.0,45.02,1,moderate,West Bengal
24.91396,93.95324,1063.8,26.76,39.81,210.33,4.52,79.92,89.46,85.86,60.02,2,high,Manipur
27.12639,88.34117,1831.8,52.52,167.79,294.59,21.49,79.27,85.21,84.13,97.11,3,critical,West Bengal
23.43985,93.29381,1581.5,37.37,20.72,21.96,1.04,34.84,23.39,74.83,33.58,0,low,Mizoram
27.0275,88.18227,2054.7,38.64,222.58,574.57,57.7,84.22,98.0,86.52,100.0,3,critical,West Bengal
25.73066,94.0832,1131.8,50.42,39.58,126.16,4.94,59.37,44.48,70.94,51.61,1,moderate,Nagaland
25.73916,94.13191,1319.8,48.65,64.85,134.59,4.83,52.53,49.27,62.7,48.98,1,moderate,Nagaland
25.6405,94.12826,1366.2,42.06,135.36,368.88,16.32,86.96,67.12,65.47,88.1,3,critical,Nagaland
26.18587,91.80008,238.3,43.87,0.36,27.48,0.02,10.0,28.6,79.93,24.74,0,low,Assam
26.25238,91.80562,90.3,37.29,74.85,144.83,7.62,63.08,59.5,59.8,53.73,1,moderate,Assam
30.75,78.96073,3423.3,66.05,118.95,306.31,12.13,74.5,72.02,100.0,89.93,3,critical,Uttarakhand
27.12043,93.67949,1005.6,55.2,50.48,91.44,3.63,52.8,53.88,63.2,50.33,1,moderate,Arunachal Pradesh
25.70611,94.12626,1627.0,42.62,0.2,1.71,0.01,17.69,25.7,84.55,24.6,0,low,Nagaland
25.53015,91.91821,1894.2,58.43,7.09,18.37,0.33,50.0,31.81,78.5,46.9,1,moderate,Meghalaya
24.71503,93.85194,786.7,35.86,2.62,6.04,0.11,22.55,30.77,64.72,15.21,0,low,Manipur
31.02574,77.19063,2349.1,46.79,185.09,413.9,24.21,86.34,67.93,80.11,100.0,3,critical,Himachal Pradesh
11.67335,76.13937,958.9,36.34,90.94,288.26,9.93,84.13,70.0,75.89,69.31,2,high,Kerala
30.58137,78.98598,3339.9,62.51,87.57,279.18,9.09,69.4,90.0,100.0,83.41,3,critical,Uttarakhand
27.08703,93.63204,835.5,37.23,4.02,5.57,0.25,30.65,24.04,62.39,21.94,0,low,Arunachal Pradesh
27.19355,88.15102,1859.7,40.74,2.87,33.83,0.13,14.58,23.78,78.82,24.36,0,low,West Bengal
26.10804,91.81514,50.3,47.56,156.89,343.34,21.49,73.97,90.0,70.89,93.18,3,critical,Assam
25.62669,91.84332,2189.0,24.91,32.41,103.83,3.98,62.54,58.93,91.08,44.72,1,moderate,Meghalaya
27.09261,88.34999,2158.1,46.2,244.19,483.26,106.42,88.21,98.0,79.7,100.0,3,critical,West Bengal
25.52969,91.82927,2033.8,35.21,2.22,43.53,0.18,22.69,22.0,87.45,25.39,0,low,Meghalaya
31.04614,77.0383,2414.1,47.65,43.17,91.59,4.65,41.99,38.02,84.66,46.19,1,moderate,Himachal Pradesh
26.21467,91.70176,50.0,32.76,90.28,266.37,11.33,79.37,64.09,78.65,72.61,2,high,Assam
27.03478,93.69923,824.5,32.05,6.92,9.89,0.34,25.54,22.61,65.27,19.05,0,low,Arunachal Pradesh
25.23881,91.74264,1415.5,44.67,54.12,124.59,3.62,51.09,39.98,84.43,46.95,1,moderate,Meghalaya
26.21979,91.72046,356.2,27.15,32.29,70.99,4.97,44.83,51.03,64.0,31.46,0,low,Assam
23.34006,93.41583,1556.9,56.33,33.46,77.57,3.76,72.03,57.69,77.23,61.21,2,high,Mizoram
26.83074,88.17435,2191.4,40.54,181.38,412.21,33.66,71.91,68.97,88.97,96.45,3,critical,West Bengal
25.6975,91.94518,1846.9,46.57,131.75,218.24,13.36,88.74,85.42,85.95,84.06,3,critical,Meghalaya
31.13998,77.22624,2220.3,57.28,126.31,307.53,16.06,82.86,90.0,92.43,88.54,3,critical,Himachal Pradesh
25.5566,91.90565,2024.5,29.16,46.54,99.97,3.01,53.37,58.72,76.01,41.99,1,moderate,Meghalaya
26.10897,91.75955,222.3,43.73,15.69,95.65,1.1,57.19,52.38,74.19,42.64,1,moderate,Assam
27.01252,88.29132,1641.3,44.91,47.05,116.28,3.47,54.75,50.33,77.16,45.41,1,moderate,West Bengal
24.60126,93.86327,462.3,34.99,58.2,131.02,4.21,46.12,31.32,68.34,45.17,1,moderate,Manipur
27.14232,88.23692,2238.0,42.05,48.56,87.4,6.94,65.63,47.24,82.07,50.9,1,moderate,West Bengal
24.76173,93.99026,816.0,50.57,39.16,100.85,4.48,75.0,44.5,88.77,56.86,1,moderate,Manipur
27.13172,88.34574,1907.0,35.08,3.97,17.66,0.29,37.05,13.34,81.84,28.98,0,low,West Bengal
23.60172,93.1816,1532.5,49.39,48.94,122.11,3.15,47.63,50.21,74.16,48.37,1,moderate,Mizoram
27.15606,88.26079,2099.9,50.5,7.13,18.14,0.34,24.89,23.39,75.86,37.96,0,low,West Bengal
27.10477,93.60187,994.3,27.7,34.25,85.87,2.88,51.83,64.85,53.04,34.43,0,low,Arunachal Pradesh
24.75375,94.05749,889.6,51.22,61.57,285.28,6.41,80.82,70.15,74.4,74.33,2,high,Manipur
23.44597,93.20833,1740.9,34.61,246.1,509.6,64.93,88.42,98.0,75.54,100.0,3,critical,Mizoram
27.0506,93.5726,640.6,45.02,207.3,429.78,59.37,94.27,97.37,59.14,100.0,3,critical,Arunachal Pradesh
25.17641,91.50022,1425.9,62.18,106.29,300.48,22.09,71.22,82.66,100.0,97.2,3,critical,Meghalaya
11.61172,76.12399,1281.5,41.94,65.51,143.87,4.74,45.74,30.0,77.84,46.61,1,moderate,Kerala
25.74104,94.05543,1504.1,41.18,39.72,104.99,3.4,39.88,54.87,83.11,42.54,1,moderate,Nagaland
25.52628,94.14073,1130.0,44.56,86.47,269.37,10.51,80.51,71.41,82.38,75.1,2,high,Nagaland
27.07082,93.59017,1119.7,18.77,28.62,77.74,2.18,57.99,56.03,47.71,31.98,0,low,Arunachal Pradesh
11.55353,76.15038,754.1,33.09,164.67,403.44,18.8,75.02,73.3,99.42,87.13,3,critical,Kerala
11.64759,76.30864,1061.9,33.33,0.21,8.2,0.01,33.18,12.26,84.47,29.78,0,low,Kerala
30.63333,79.11537,3315.4,69.64,33.81,80.19,2.25,65.29,55.53,100.0,62.67,2,high,Uttarakhand
30.83295,79.04773,3551.4,53.47,50.92,102.15,3.59,53.66,37.11,98.79,53.59,1,moderate,Uttarakhand
27.02032,88.48194,1906.1,49.67,130.29,346.84,14.02,67.68,61.09,70.39,81.56,3,critical,West Bengal
27.01863,88.15388,1964.3,60.07,1.4,35.12,0.08,32.69,34.59,81.43,39.62,0,low,West Bengal
27.36309,88.68921,1738.8,56.98,8.75,25.73,0.37,18.98,23.61,93.29,35.03,0,low,Sikkim
25.76775,94.15817,1199.9,56.1,73.58,337.65,11.97,82.14,59.87,81.6,81.35,3,critical,Nagaland
11.7764,75.98328,868.3,39.27,3.02,15.84,0.17,33.86,29.32,91.58,26.44,0,low,Kerala
25.57525,94.11539,1718.8,57.42,4.02,14.37,0.27,17.21,30.64,63.3,36.11,0,low,Nagaland
27.40353,88.52525,1757.5,61.25,42.73,62.04,3.89,40.65,69.25,62.54,52.75,1,moderate,Sikkim
27.34699,88.68046,1676.9,62.29,27.89,87.74,1.78,56.95,46.6,83.71,56.03,1,moderate,Sikkim
31.09581,77.19529,2311.9,51.05,132.85,294.1,17.13,79.99,55.0,86.46,89.2,3,critical,Himachal Pradesh
25.51821,94.13949,1226.7,46.95,105.92,254.43,13.67,85.95,85.31,85.24,84.39,3,critical,Nagaland
11.79047,76.05097,893.7,55.32,45.47,124.09,6.75,49.49,49.09,91.98,54.59,1,moderate,Kerala
25.63057,94.04944,1269.0,55.12,39.44,125.22,2.94,41.15,33.95,71.06,50.67,1,moderate,Nagaland
11.65882,76.17821,791.3,37.7,6.9,9.54,0.32,29.31,24.63,98.25,26.54,0,low,Kerala
24.97265,94.12227,499.6,45.09,60.03,147.37,3.99,72.85,57.8,98.37,57.77,1,moderate,Manipur
27.25519,88.69685,1627.9,47.83,62.94,147.81,4.2,65.22,37.84,81.52,56.15,1,moderate,Sikkim
27.053,93.53634,1007.5,28.27,33.24,90.29,2.63,65.68,52.36,45.81,41.48,1,moderate,Arunachal Pradesh
27.03688,93.64545,826.5,40.46,121.43,337.84,18.34,79.7,76.94,75.02,85.39,3,critical,Arunachal Pradesh
23.39122,93.38328,1778.1,36.34,87.71,187.89,19.15,86.85,85.81,89.06,69.97,2,high,Mizoram
11.65406,76.18202,1039.3,53.06,21.74,30.62,1.04,28.08,33.39,84.65,38.2,0,low,Kerala
25.98856,91.71549,387.6,27.83,84.49,209.49,10.58,89.1,80.0,65.33,69.72,2,high,Assam
11.76208,76.18434,1015.9,66.89,288.86,490.37,76.31,93.44,75.21,94.77,100.0,3,critical,Kerala
27.16893,93.46113,751.0,48.61,149.42,356.9,18.5,80.61,64.22,63.4,88.7,3,critical,Arunachal Pradesh
25.3564,91.80542,1503.1,56.58,130.46,288.8,21.13,79.43,80.41,84.97,94.91,3,critical,Meghalaya
25.17595,91.65839,1519.6,40.41,10.85,36.15,0.51,16.33,19.43,95.71,30.03,0,low,Meghalaya
27.29901,88.67026,1924.0,55.34,112.64,281.69,18.95,93.77,84.5,98.35,95.88,3,critical,Sikkim
26.22209,91.64845,50.0,50.79,0.9,5.58,0.06,17.44,37.08,56.72,28.9,0,low,Assam
26.97356,88.19913,2101.9,29.32,43.5,100.63,7.08,59.0,48.47,74.39,42.53,1,moderate,West Bengal
24.8164,93.90344,782.8,50.73,139.76,361.26,17.22,75.56,90.0,79.23,83.53,3,critical,Manipur
25.59434,91.81319,1643.8,38.61,40.86,124.7,4.49,51.37,62.56,85.51,50.7,1,moderate,Meghalaya
25.63668,94.10076,1479.1,43.77,44.19,87.86,2.84,46.25,45.59,68.62,42.33,1,moderate,Nagaland
11.76717,76.11757,763.8,47.34,29.07,114.34,3.52,70.33,58.63,80.76,48.91,1,moderate,Kerala
25.4839,91.79993,2040.9,35.56,166.27,320.62,16.97,83.35,70.0,83.28,87.1,3,critical,Meghalaya
25.30857,91.7595,1489.1,32.58,6.72,27.02,0.38,38.45,34.98,89.77,28.45,0,low,Meghalaya
26.22843,91.73356,50.0,36.53,150.73,344.59,26.1,73.23,67.17,77.54,87.08,3,critical,Assam
27.05321,93.54594,235.9,41.88,17.2,26.13,0.91,21.2,42.91,44.9,30.5,0,low,Arunachal Pradesh
25.54097,94.26104,1534.9,45.6,86.78,198.84,15.16,75.8,67.98,76.68,66.97,2,high,Nagaland
26.19111,91.74739,381.6,34.79,39.0,78.35,3.0,35.0,30.0,67.94,34.84,0,low,Assam
31.14443,77.28861,2432.2,62.66,118.97,284.33,20.77,68.91,67.12,96.27,95.17,3,critical,Himachal Pradesh
31.01698,77.21099,2034.0,46.75,50.96,72.28,4.86,38.73,50.92,96.33,45.32,1,moderate,Himachal Pradesh
11.66212,76.17574,1003.6,53.8,65.02,119.4,4.35,44.67,55.7,92.93,58.7,1,moderate,Kerala
25.561,91.80727,1890.4,50.97,67.92,128.07,6.38,66.05,49.98,97.8,62.45,2,high,Meghalaya
30.68917,79.00621,3518.0,56.63,51.3,97.46,4.35,51.21,45.82,87.9,55.12,1,moderate,Uttarakhand
31.22687,77.25533,1876.0,58.2,52.69,113.76,4.8,59.28,54.36,85.35,62.13,2,high,Himachal Pradesh
25.76251,94.03999,1218.1,47.35,7.08,7.87,0.45,30.94,33.58,81.04,33.13,0,low,Nagaland
27.00387,88.22457,1647.6,30.56,208.33,447.1,41.01,87.22,77.73,88.88,100.0,3,critical,West Bengal
11.67884,76.07423,925.7,48.77,37.75,88.93,2.59,56.89,59.93,89.83,46.23,1,moderate,Kerala
23.60969,93.34429,1474.5,42.5,17.89,32.16,1.21,38.85,15.29,78.82,34.31,0,low,Mizoram
30.80652,79.03846,3783.1,66.57,270.11,616.14,47.86,90.37,88.79,89.91,100.0,3,critical,Uttarakhand
27.34963,88.69443,1646.7,51.88,0.29,8.16,0.02,39.61,32.24,97.55,39.11,0,low,Sikkim
26.03928,91.72667,304.2,44.01,2.16,9.61,0.09,17.17,18.97,66.57,27.61,0,low,Assam
23.51975,93.40807,1644.3,51.1,43.64,84.64,4.11,67.85,56.9,69.32,51.91,1,moderate,Mizoram
25.65834,94.01954,1555.0,28.56,3.31,37.72,0.24,39.08,21.67,74.57,18.55,0,low,Nagaland
11.74212,76.22016,975.1,57.58,15.0,56.27,0.96,31.96,21.89,100.0,43.52,1,moderate,Kerala
11.69765,75.9031,1028.8,42.11,0.09,5.78,0.0,23.76,22.13,94.97,31.1,0,low,Kerala
25.22469,91.79653,1461.4,40.12,143.52,394.56,17.1,76.31,70.4,91.95,84.66,3,critical,Meghalaya
25.30234,91.78727,1464.1,45.41,10.33,37.29,0.55,36.8,20.23,96.73,41.18,1,moderate,Meghalaya
30.83916,78.99554,3587.0,63.22,217.73,567.12,66.56,85.6,82.45,70.66,100.0,3,critical,Uttarakhand
25.57128,93.95873,1350.2,31.19,193.55,370.71,35.59,87.48,88.12,76.75,100.0,3,critical,Nagaland
25.99612,91.73561,50.0,29.21,21.93,62.04,1.15,26.61,22.06,67.59,26.41,0,low,Assam
30.83691,79.14567,3429.4,65.45,29.43,55.0,2.14,14.99,23.2,83.67,47.14,1,moderate,Uttarakhand
11.62181,76.2312,867.6,38.27,113.5,360.73,18.46,74.15,62.87,80.71,76.13,2,high,Kerala
24.89398,93.86756,965.9,40.51,33.49,114.47,4.49,52.48,70.0,88.85,46.15,1,moderate,Manipur
27.10665,88.16384,1868.9,43.5,156.18,329.46,31.64,77.26,72.49,83.54,91.5,3,critical,West Bengal
11.53386,76.10291,1081.2,61.22,91.7,317.89,11.89,87.8,82.29,81.47,91.39,3,critical,Kerala
25.28402,91.96882,1485.1,45.49,134.48,298.9,17.55,92.73,79.74,99.37,88.82,3,critical,Meghalaya
25.59575,94.14762,1549.5,46.91,196.26,374.57,63.92,86.47,85.18,69.44,100.0,3,critical,Nagaland
27.09627,93.69773,781.5,37.12,24.33,108.29,1.86,44.92,41.77,57.59,35.71,0,low,Arunachal Pradesh
27.15248,88.25246,2096.4,45.47,41.84,101.23,4.83,43.92,41.23,78.0,44.78,1,moderate,West Bengal
26.15335,91.6714,179.6,41.29,110.96,284.98,13.25,84.73,75.67,62.43,69.29,2,high,Assam
31.0044,77.09942,2246.8,49.71,65.05,104.32,7.37,47.94,37.41,86.33,55.88,1,moderate,Himachal Pradesh
30.59496,79.07151,3675.9,45.23,56.81,132.08,8.49,67.77,63.56,86.4,56.43,1,moderate,Uttarakhand
11.77033,76.19267,1102.0,47.71,20.1,77.79,1.32,41.69,40.16,100.0,39.68,0,low,Kerala
25.46075,91.84254,2074.8,45.58,18.22,30.38,0.9,34.21,33.5,97.26,35.24,0,low,Meghalaya
23.52367,93.22916,1434.3,41.5,51.99,121.69,5.33,73.16,51.95,76.13,55.16,1,moderate,Mizoram
25.15677,91.69635,1378.6,41.58,51.06,92.2,3.25,71.85,30.81,90.71,51.19,1,moderate,Meghalaya
26.02319,91.70793,102.1,17.31,128.92,345.38,22.77,66.63,84.14,64.29,75.16,2,high,Assam
26.13582,91.70533,50.0,25.72,35.59,96.18,3.32,63.75,56.84,85.49,40.0,0,low,Assam
11.62208,76.17968,866.4,52.2,239.68,531.99,65.03,97.36,85.19,90.79,100.0,3,critical,Kerala
25.0502,91.69002,1351.1,59.11,2.29,8.53,0.13,33.83,31.15,88.92,40.4,1,moderate,Meghalaya
26.99606,88.22284,2078.3,47.2,318.46,611.68,151.75,84.83,75.13,87.29,100.0,3,critical,West Bengal
30.88462,78.95849,3459.7,73.55,217.1,443.1,78.16,96.04,95.3,93.99,100.0,3,critical,Uttarakhand
26.15052,91.71597,301.5,32.01,1.16,7.64,0.09,21.96,18.57,72.96,22.4,0,low,Assam
23.4718,93.4513,1776.6,37.82,8.83,49.49,0.7,46.51,17.68,73.21,28.18,0,low,Mizoram
25.56192,91.84873,1945.6,52.91,9.66,18.84,0.51,36.12,35.31,81.49,39.39,0,low,Meghalaya
31.23795,77.19417,2225.5,49.56,65.17,68.48,4.4,30.21,24.7,74.6,36.7,0,low,Himachal Pradesh
23.5044,93.36893,1616.5,65.87,19.82,100.1,1.71,65.45,52.02,70.62,55.56,1,moderate,Mizoram
30.62983,78.98192,3536.9,68.14,119.36,435.17,48.9,87.77,96.79,100.0,100.0,3,critical,Uttarakhand
24.86909,93.99883,874.7,23.43,42.2,96.49,2.96,59.44,59.39,82.11,44.47,1,moderate,Manipur
11.71738,76.10297,1053.9,54.77,240.43,526.58,75.64,89.84,80.58,90.52,100.0,3,critical,Kerala
27.12574,88.20544,2374.0,36.59,27.45,141.98,2.17,59.5,43.93,78.17,44.16,1,moderate,West Bengal
11.71341,76.12144,837.7,55.89,32.1,89.78,3.33,63.96,54.06,86.28,55.33,1,moderate,Kerala
23.4217,93.52997,1590.0,54.54,1.13,3.03,0.09,45.97,41.1,66.07,38.66,0,low,Mizoram
25.54351,91.94646,1888.4,41.63,55.25,141.8,6.74,75.0,68.92,84.87,56.74,1,moderate,Meghalaya
23.58333,93.439,1640.5,43.95,110.84,278.12,18.11,67.17,74.54,68.05,78.72,2,high,Mizoram
30.90193,79.03167,3571.3,53.52,130.21,305.82,19.02,85.01,63.99,96.13,90.8,3,critical,Uttarakhand
30.73736,78.99557,3613.9,51.6,2.81,22.71,0.19,26.14,21.38,95.38,30.91,0,low,Uttarakhand
27.43167,88.63621,1780.8,50.67,35.93,105.28,4.12,74.62,53.15,100.0,56.16,1,moderate,Sikkim
30.76202,79.04581,3621.0,49.66,0.49,3.09,0.02,35.84,36.02,88.19,31.71,0,low,Uttarakhand
26.90639,88.32926,2058.9,48.57,8.26,20.0,0.64,31.21,26.49,86.53,34.83,0,low,West Bengal
25.55884,91.57493,1839.9,38.87,87.6,365.15,16.83,86.68,66.98,97.04,81.51,3,critical,Meghalaya
27.07536,93.61482,864.6,34.04,45.11,125.47,2.84,42.17,52.1,60.61,42.85,1,moderate,Arunachal Pradesh
25.28638,91.79127,1187.6,50.4,38.77,79.96,6.29,55.42,48.96,99.46,53.93,1,moderate,Meghalaya
30.64864,79.21678,3333.1,55.88,45.53,141.6,4.55,49.52,40.0,87.01,57.42,1,moderate,Uttarakhand
23.56248,93.29173,2003.6,44.55,4.67,5.45,0.25,41.98,37.64,85.64,32.58,0,low,Mizoram
23.44033,93.3461,1789.1,48.67,8.5,18.12,0.36,31.27,25.11,89.27,33.76,0,low,Mizoram
27.24438,88.67359,1941.6,54.94,115.33,313.84,25.9,79.77,90.0,97.82,99.0,3,critical,Sikkim
30.70024,79.10795,3799.5,58.61,15.25,72.62,1.31,74.28,54.75,100.0,61.52,2,high,Uttarakhand
25.229,91.66588,1377.9,54.17,51.42,131.41,4.88,44.22,47.25,83.57,47.32,1,moderate,Meghalaya
23.35156,93.11783,1851.7,37.31,121.38,280.08,19.47,76.34,64.49,78.92,71.43,2,high,Mizoram
27.16715,93.55361,723.2,34.74,52.12,117.07,4.11,44.54,57.94,59.68,40.49,1,moderate,Arunachal Pradesh
24.87841,94.02159,762.9,53.16,37.65,75.09,4.41,61.49,67.64,80.75,54.16,1,moderate,Manipur
27.33533,88.61494,1768.3,52.33,61.98,103.25,4.36,35.0,43.06,75.34,51.45,1,moderate,Sikkim
24.92047,93.83449,757.4,30.08,77.93,154.14,6.29,70.0,30.8,67.29,53.18,1,moderate,Manipur
30.80535,78.96562,3727.2,44.83,15.86,19.45,0.81,39.35,34.04,98.39,37.86,0,low,Uttarakhand
30.61861,78.99749,3493.4,67.82,50.77,144.64,6.94,65.2,53.9,89.43,73.39,2,high,Uttarakhand
27.13311,93.59412,734.1,29.19,21.24,86.18,1.62,56.51,61.63,59.82,31.15,0,low,Arunachal Pradesh
27.32156,88.58856,1899.5,56.32,2.03,2.86,0.11,32.55,16.14,100.0,40.92,1,moderate,Sikkim
24.70266,93.94137,457.6,45.38,23.09,64.06,1.16,13.67,32.52,87.25,29.35,0,low,Manipur
27.30036,88.59153,1771.5,50.81,137.57,253.36,27.03,90.35,90.0,95.6,94.72,3,critical,Sikkim
31.12732,77.12008,2138.0,58.29,39.72,257.76,7.67,78.41,73.29,92.39,74.47,2,high,Himachal Pradesh
26.99274,88.24318,2274.3,44.71,145.01,293.4,18.9,77.41,84.38,74.78,86.79,3,critical,West Bengal
26.9836,93.66641,999.1,47.43,55.03,85.81,4.06,63.22,57.48,53.33,55.16,1,moderate,Arunachal Pradesh
23.30339,93.22833,1505.7,37.99,32.61,112.02,2.79,56.7,49.25,72.09,46.45,1,moderate,Mizoram
26.87851,88.2192,2161.2,55.21,241.77,605.1,71.03,89.93,97.98,80.41,100.0,3,critical,West Bengal
30.75459,78.9495,3341.2,50.46,272.31,643.99,84.83,89.66,97.67,100.0,100.0,3,critical,Uttarakhand
11.68081,76.24002,949.6,37.29,138.45,279.81,14.97,83.74,73.28,89.58,78.91,2,high,Kerala
26.0543,91.60018,151.1,36.49,58.71,123.9,8.26,72.43,55.92,85.33,57.17,1,moderate,Assam
31.06435,77.19992,1959.5,49.92,5.65,33.78,0.47,19.65,5.0,96.41,29.57,0,low,Himachal Pradesh
30.99237,77.19699,2420.2,50.93,33.38,97.9,2.3,35.0,68.22,100.0,50.12,1,moderate,Himachal Pradesh
25.62534,94.19726,1471.2,41.38,59.57,101.42,4.21,46.15,35.07,81.83,48.19,1,moderate,Nagaland
25.22486,91.74476,1661.3,64.05,156.25,311.26,17.46,86.62,66.82,100.0,100.0,3,critical,Meghalaya
30.74842,78.97427,3541.2,51.58,98.79,223.13,24.4,78.77,66.53,98.91,81.3,3,critical,Uttarakhand
30.66605,79.00523,3508.5,53.62,186.99,535.13,37.85,94.14,93.08,96.33,100.0,3,critical,Uttarakhand
25.57697,91.86126,2131.2,36.62,61.83,128.49,4.56,57.4,53.74,83.37,48.69,1,moderate,Meghalaya
25.49736,91.92119,2068.3,38.85,113.78,262.51,22.87,80.97,63.02,72.3,76.14,2,high,Meghalaya
30.65926,79.08631,3584.1,62.07,2.18,15.94,0.15,25.66,26.68,95.27,36.45,0,low,Uttarakhand
26.09812,91.83345,159.6,31.84,0.15,18.25,0.01,41.12,33.69,72.23,27.1,0,low,Assam
27.3316,88.52456,1642.4,50.19,33.0,81.25,3.43,54.14,43.24,88.63,52.91,1,moderate,Sikkim
25.48975,91.87791,2011.8,34.06,23.01,85.32,1.6,54.33,46.16,85.16,39.82,0,low,Meghalaya
26.92924,88.14172,1934.7,46.95,12.97,16.81,0.99,28.81,18.36,80.93,38.33,0,low,West Bengal
26.06782,91.8062,177.5,41.07,63.67,237.31,8.04,68.26,90.0,62.94,65.58,2,high,Assam
26.98585,93.76629,636.7,37.92,291.68,551.66,74.6,93.97,75.0,60.01,100.0,3,critical,Arunachal Pradesh
26.12907,91.62375,50.0,52.65,133.04,303.06,15.75,72.82,79.59,68.21,80.65,3,critical,Assam
27.38903,88.55842,1657.7,45.17,254.37,468.95,39.39,87.43,85.99,83.65,100.0,3,critical,Sikkim
25.48698,91.87694,1881.1,35.45,14.09,18.72,0.9,18.02,13.08,92.64,25.35,0,low,Meghalaya
11.56737,76.16045,810.9,51.77,146.4,291.35,15.12,75.67,65.94,94.81,79.46,2,high,Kerala
25.28099,91.96345,1402.4,38.96,13.88,56.25,2.13,71.85,42.34,94.18,41.38,1,moderate,Meghalaya
31.0178,77.09578,2148.0,62.39,52.23,119.61,4.32,51.8,47.34,68.66,58.24,1,moderate,Himachal Pradesh
24.72547,94.09475,958.1,34.48,38.01,128.27,3.47,51.61,65.21,88.95,49.25,1,moderate,Manipur
30.9549,77.33706,2219.7,34.07,53.98,102.77,4.84,62.59,64.89,81.51,50.03,1,moderate,Himachal Pradesh
11.65888,76.10562,952.4,42.27,125.76,347.92,13.45,81.93,72.7,97.76,86.0,3,critical,Kerala
11.67419,76.15533,937.2,31.99,35.76,104.25,2.93,50.96,47.39,97.68,44.52,1,moderate,Kerala
26.97632,88.18718,2123.6,42.31,34.29,45.79,1.77,16.64,18.15,71.09,33.67,0,low,West Bengal
24.82467,94.00254,815.5,23.47,24.77,57.1,2.73,52.85,46.88,88.08,37.26,0,low,Manipur
26.92086,88.2497,1927.0,52.93,32.53,63.13,3.48,75.0,30.17,84.34,53.77,1,moderate,West Bengal
24.8911,94.06107,597.3,61.16,199.21,554.35,44.03,99.0,90.89,71.47,100.0,3,critical,Manipur
25.46732,91.91833,1718.4,44.77,33.99,92.96,2.31,36.02,56.28,79.96,46.95,1,moderate,Meghalaya
27.01247,88.34676,2164.2,55.58,277.9,550.58,122.59,92.56,92.72,72.49,100.0,3,critical,West Bengal
25.65727,94.16103,1420.3,47.63,200.62,506.69,39.76,90.01,75.0,82.28,100.0,3,critical,Nagaland
30.77103,78.90986,3633.9,58.64,3.45,20.11,0.23,33.46,35.35,88.26,40.04,1,moderate,Uttarakhand
23.63626,93.3437,1671.9,45.53,329.1,609.75,119.0,90.36,98.0,84.72,100.0,3,critical,Mizoram
26.19849,91.67887,50.0,42.93,60.52,148.53,8.88,75.0,46.4,79.3,65.37,2,high,Assam
27.06829,93.61856,944.7,24.81,42.07,76.66,6.59,72.78,58.93,63.18,46.23,1,moderate,Arunachal Pradesh
26.92168,93.53607,681.4,38.86,122.48,288.06,12.7,88.13,79.05,64.95,80.04,3,critical,Arunachal Pradesh
26.13681,91.68261,235.6,40.38,44.97,127.63,3.37,45.07,47.92,62.62,45.08,1,moderate,Assam
27.2831,88.66004,1409.3,53.36,166.05,357.7,19.88,86.18,55.0,92.04,100.0,3,critical,Sikkim
27.03918,88.77737,1732.6,45.86,37.57,131.0,3.47,60.64,38.66,80.0,50.56,1,moderate,Sikkim
27.06136,88.0832,1985.3,42.29,114.08,325.53,12.13,79.35,88.08,82.87,75.33,2,high,West Bengal
25.62826,91.98536,1993.8,35.27,55.26,112.43,7.13,44.89,50.34,65.52,43.43,1,moderate,Meghalaya
26.18243,91.69813,432.8,16.69,55.69,135.66,7.91,70.08,48.17,76.27,42.73,1,moderate,Assam
25.18945,91.73383,1345.4,36.05,37.53,86.82,3.38,45.91,53.32,100.0,39.37,0,low,Meghalaya
30.71919,79.1029,3548.6,51.98,147.39,417.81,27.0,81.93,80.48,87.13,100.0,3,critical,Uttarakhand
26.11941,91.64907,50.0,29.77,85.95,282.78,10.48,69.29,88.06,65.54,67.49,2,high,Assam
27.2906,88.6468,1946.4,51.4,295.21,613.04,53.33,84.19,92.49,97.9,100.0,3,critical,Sikkim
24.71999,94.06166,860.5,49.0,35.61,117.19,2.82,75.0,58.22,91.32,63.86,2,high,Manipur
25.64324,94.01513,1642.3,39.3,0.62,12.09,0.05,31.87,25.25,84.29,31.55,0,low,Nagaland
27.2133,93.65483,354.7,29.73,0.01,30.54,0.0,26.1,5.0,52.52,16.84,0,low,Arunachal Pradesh
26.14505,91.74935,50.0,36.8,95.63,243.73,13.36,80.81,76.89,61.67,72.58,2,high,Assam
27.34466,88.46675,1537.0,49.64,39.02,106.92,2.72,36.76,56.12,90.66,44.77,1,moderate,Sikkim
23.35612,93.2365,1571.5,48.32,193.63,513.77,36.6,92.5,89.65,83.2,100.0,3,critical,Mizoram
23.50702,93.28392,1706.1,37.33,215.46,652.23,63.58,93.69,80.82,88.55,100.0,3,critical,Mizoram
27.28703,88.4913,1901.7,52.86,39.01,74.01,2.8,35.65,50.22,86.65,40.22,1,moderate,Sikkim
30.65261,78.97369,3500.1,42.81,3.55,17.24,0.25,29.96,11.77,100.0,29.21,0,low,Uttarakhand
26.05926,91.9075,229.3,28.22,11.91,68.48,0.57,33.1,20.09,68.37,20.15,0,low,Assam
27.05007,93.59366,566.5,43.48,152.93,392.13,26.52,82.9,71.02,60.68,92.73,3,critical,Arunachal Pradesh
26.98081,93.61819,868.9,35.27,37.76,148.01,3.66,59.46,54.85,47.57,48.06,1,moderate,Arunachal Pradesh
23.49692,93.29197,1688.5,45.93,22.09,92.03,1.44,75.0,37.19,77.97,51.27,1,moderate,Mizoram
25.64527,91.92174,1973.4,45.79,135.74,304.85,24.11,72.2,68.23,84.76,84.08,3,critical,Meghalaya
11.75882,76.16284,899.5,52.39,49.36,115.25,5.71,58.91,64.5,93.19,56.89,1,moderate,Kerala
27.03835,88.20421,2101.8,38.31,7.2,9.18,0.39,22.78,18.53,88.4,32.36,0,low,West Bengal
25.41942,91.82546,2025.3,48.16,6.42,9.65,0.44,39.56,30.24,100.0,36.97,0,low,Meghalaya
31.04787,77.11196,2439.8,53.02,17.67,23.88,0.79,28.62,26.86,95.08,39.48,0,low,Himachal Pradesh
27.38644,88.63048,1390.5,45.79,6.9,17.13,0.36,10.0,35.35,79.67,23.45,0,low,Sikkim
31.14862,77.14879,2309.4,49.69,115.6,325.99,14.83,78.78,90.0,96.33,82.1,3,critical,Himachal Pradesh
27.03252,93.62595,740.6,47.23,33.44,91.41,4.0,42.94,48.56,61.95,44.1,1,moderate,Arunachal Pradesh
23.46615,93.22641,1674.4,50.18,171.05,429.81,40.78,88.27,81.5,85.74,100.0,3,critical,Mizoram
30.75244,79.11569,3447.9,50.36,47.42,112.03,3.72,69.32,68.79,99.54,65.32,2,high,Uttarakhand
30.68749,79.06414,3816.1,61.42,99.12,301.24,11.67,86.79,67.28,100.0,100.0,3,critical,Uttarakhand
25.60234,94.16015,1455.0,52.95,34.11,78.86,3.95,58.95,61.85,86.02,53.52,1,moderate,Nagaland
27.35939,88.73823,1597.1,57.61,5.12,15.01,0.31,38.15,34.42,97.59,38.36,0,low,Sikkim
23.42304,93.33197,1831.6,49.55,10.14,14.84,0.58,26.28,15.78,62.57,28.32,0,low,Mizoram
27.31602,88.51029,1526.0,45.06,152.02,327.93,22.11,77.18,73.11,89.34,89.23,3,critical,Sikkim
27.2185,93.61459,897.3,29.12,1.46,3.41,0.09,31.44,5.0,59.72,15.32,0,low,Arunachal Pradesh
24.78448,94.02673,843.8,29.17,50.78,108.86,3.21,58.39,52.05,83.36,42.49,1,moderate,Manipur
23.43342,93.21789,1557.1,57.62,6.68,28.39,0.34,37.89,27.54,73.79,40.84,1,moderate,Mizoram
26.9527,88.39288,1935.3,50.32,23.42,72.12,1.02,50.0,20.44,74.3,38.77,0,low,West Bengal
27.20216,93.63878,699.3,46.21,6.54,41.11,0.33,32.71,17.55,51.67,30.24,0,low,Arunachal Pradesh
11.58303,76.18424,872.2,50.35,3.99,14.24,0.22,25.37,13.3,88.93,35.09,0,low,Kerala
25.23138,91.65373,1448.4,61.0,112.43,278.01,16.76,84.09,83.83,94.58,93.6,3,critical,Meghalaya
24.80205,93.82954,708.7,40.22,9.52,16.28,0.45,35.9,20.43,86.06,30.38,0,low,Manipur
11.71242,76.19793,836.3,53.54,17.96,92.89,2.82,45.45,46.73,100.0,45.59,1,moderate,Kerala
23.36156,93.27238,1550.5,49.97,212.18,500.47,49.48,99.0,93.21,82.54,100.0,3,critical,Mizoram
25.54431,91.7639,2044.6,47.06,19.81,53.4,1.38,39.47,25.86,90.46,41.43,1,moderate,Meghalaya
26.14495,91.72321,321.3,32.36,9.57,34.89,0.55,21.3,27.34,62.54,22.02,0,low,Assam
23.41396,93.25023,1888.9,49.69,70.61,118.48,9.39,61.82,40.47,70.99,62.33,2,high,Mizoram
26.8412,88.26454,2038.3,49.0,4.82,41.63,0.21,45.16,25.79,82.12,36.97,0,low,West Bengal
27.0588,88.33912,2321.6,43.38,4.77,9.31,0.24,16.41,28.21,93.78,24.29,0,low,West Bengal
25.33766,91.77113,1360.8,54.05,267.43,592.16,100.31,89.69,82.08,80.84,100.0,3,critical,Meghalaya
31.04627,77.04003,2303.5,43.85,33.77,108.19,2.65,46.47,45.53,89.26,45.16,1,moderate,Himachal Pradesh
27.00348,88.47015,2081.1,36.77,9.8,77.01,0.45,12.52,33.85,73.69,29.31,0,low,West Bengal
27.12918,88.60691,1652.6,57.79,3.93,44.26,0.19,26.2,20.63,100.0,42.27,1,moderate,Sikkim
31.08528,77.16987,2070.4,65.76,175.67,378.82,19.17,69.46,71.67,92.96,100.0,3,critical,Himachal Pradesh
25.54463,91.84875,2063.7,38.63,86.04,201.2,9.72,74.42,73.0,92.81,71.07,2,high,Meghalaya
24.55104,93.93647,558.4,34.38,49.73,126.44,5.73,66.54,53.77,83.45,49.04,1,moderate,Manipur
30.75242,79.07468,3696.0,42.86,38.39,135.35,2.4,57.27,36.52,87.86,51.7,1,moderate,Uttarakhand
11.64973,76.33028,912.7,54.92,115.48,295.17,15.12,86.45,55.0,97.48,95.87,3,critical,Kerala
23.48718,93.26043,1781.9,39.72,209.88,621.36,42.76,89.87,98.0,84.87,100.0,3,critical,Mizoram
25.66327,94.09147,1259.6,59.98,8.17,18.59,0.54,33.4,21.37,74.12,38.88,0,low,Nagaland
24.73789,94.14472,742.1,43.65,104.01,352.49,21.62,74.92,83.96,85.52,83.89,3,critical,Manipur
27.0058,93.67653,578.0,37.75,59.62,117.96,7.1,61.05,47.74,68.36,48.06,1,moderate,Arunachal Pradesh
24.85836,93.99867,684.9,49.06,93.39,242.9,15.26,88.62,79.74,86.55,80.72,3,critical,Manipur
26.93846,88.22587,2023.4,31.83,43.98,127.45,3.92,65.04,55.88,74.31,48.7,1,moderate,West Bengal
30.70706,79.06772,3571.5,66.58,33.23,97.33,3.39,46.24,54.16,85.44,60.76,2,high,Uttarakhand
25.58867,94.21801,1219.6,18.04,9.04,9.35,0.54,39.11,20.7,84.16,25.7,0,low,Nagaland
31.13065,77.09035,2398.4,47.85,128.2,467.73,23.5,84.85,89.76,83.62,100.0,3,critical,Himachal Pradesh
30.54464,79.11106,3480.2,71.87,148.5,342.96,17.11,82.84,76.75,100.0,100.0,3,critical,Uttarakhand
26.11444,91.77119,66.0,38.3,57.69,173.2,6.67,89.81,62.82,81.17,65.91,2,high,Assam
27.07273,88.12479,1853.2,35.93,207.33,480.44,42.62,95.97,95.19,80.47,100.0,3,critical,West Bengal
27.24881,88.56206,1709.2,54.87,23.9,34.38,1.2,18.33,39.51,82.26,34.86,0,low,Sikkim
23.54203,93.18031,1465.8,53.37,34.91,88.21,3.62,51.62,39.47,65.75,48.9,1,moderate,Mizoram
23.64362,93.30552,1460.7,39.97,185.23,480.75,59.64,97.81,84.27,78.78,100.0,3,critical,Mizoram
23.33182,93.41916,1750.8,35.72,81.0,272.27,14.7,68.04,55.76,69.2,64.84,2,high,Mizoram
26.9706,93.57475,715.2,28.17,21.73,84.89,1.38,61.83,55.57,55.88,28.88,0,low,Arunachal Pradesh
25.57559,91.93806,2094.8,33.09,27.0,33.35,2.03,39.95,37.61,79.74,31.4,0,low,Meghalaya
23.44501,93.27016,1387.2,44.58,111.0,339.26,14.29,74.36,65.46,75.03,77.29,2,high,Mizoram
26.99902,93.61127,719.7,32.19,54.05,176.65,4.86,55.24,48.12,74.42,45.03,1,moderate,Arunachal Pradesh
25.46779,92.08587,1997.3,35.19,254.61,607.68,46.62,91.45,82.22,91.91,100.0,3,critical,Meghalaya
25.33582,91.65299,1533.9,56.85,4.02,8.3,0.17,32.51,36.77,98.89,37.7,0,low,Meghalaya
26.95736,93.66765,629.3,45.99,37.89,78.86,2.8,52.91,41.1,58.07,47.65,1,moderate,Arunachal Pradesh
26.04053,91.7364,318.4,20.61,161.24,406.98,33.16,75.91,71.93,76.61,86.43,3,critical,Assam
25.54862,91.85001,2004.8,44.24,46.72,97.43,5.87,65.17,30.21,87.34,57.02,1,moderate,Meghalaya
27.1211,93.65108,584.4,39.25,185.76,399.46,20.94,77.2,63.34,46.19,91.01,3,critical,Arunachal Pradesh
24.84221,93.93862,1007.2,29.34,9.18,16.79,0.51,20.22,19.64,91.73,22.75,0,low,Manipur
25.64324,91.87442,2268.3,29.0,45.49,98.85,3.81,58.82,38.43,80.55,42.34,1,moderate,Meghalaya
25.32665,91.80654,1312.1,37.35,52.62,155.73,4.72,41.42,49.94,77.31,47.74,1,moderate,Meghalaya
25.17488,91.72601,1273.1,51.79,32.79,43.75,2.55,39.58,14.08,94.33,44.05,1,moderate,Meghalaya
27.15146,93.46601,680.8,34.18,36.28,61.8,3.43,40.38,59.69,69.64,31.26,0,low,Arunachal Pradesh
26.08974,91.7142,320.2,26.06,33.83,91.21,2.95,40.84,48.59,87.02,36.61,0,low,Assam
31.15099,77.14325,2247.1,54.06,51.83,114.56,5.78,75.0,58.64,96.58,62.23,2,high,Himachal Pradesh
26.93778,88.24569,1967.3,29.82,1.33,79.52,0.08,22.71,14.56,84.86,25.25,0,low,West Bengal
23.45267,93.32539,1476.6,40.78,8.0,25.27,0.51,27.16,8.94,69.48,27.42,0,low,Mizoram
31.25549,77.18532,2313.9,58.73,27.57,110.68,1.75,74.34,64.98,100.0,66.55,2,high,Himachal Pradesh
25.67122,94.18711,1352.4,35.01,44.16,94.06,6.53,63.37,50.89,80.33,45.55,1,moderate,Nagaland
25.45452,91.89763,1903.4,35.9,132.57,357.48,20.49,92.9,55.0,100.0,86.84,3,critical,Meghalaya
23.44501,93.27046,1574.0,37.03,140.4,332.76,22.37,95.0,69.14,83.21,93.25,3,critical,Mizoram
24.73035,94.04151,445.5,43.2,86.62,248.97,13.82,68.82,73.45,84.08,68.2,2,high,Manipur
27.0397,93.68137,900.6,29.6,121.54,301.37,12.68,95.0,68.28,69.7,85.87,3,critical,Arunachal Pradesh
26.98951,88.24026,2049.0,59.5,30.29,105.27,2.18,37.62,46.55,80.52,41.75,1,moderate,West Bengal
25.68065,94.06973,1706.8,53.6,45.36,104.78,3.26,65.08,36.03,88.78,50.13,1,moderate,Nagaland
27.04062,88.27968,2146.6,43.1,49.56,140.06,3.83,50.93,44.71,72.49,41.12,1,moderate,West Bengal
27.36624,88.69585,1689.1,58.4,14.96,29.23,1.17,35.07,18.21,94.66,42.14,1,moderate,Sikkim
24.79374,93.75691,739.3,36.16,76.61,170.03,7.23,52.7,69.07,63.5,52.2,1,moderate,Manipur
30.83015,78.93664,3684.4,58.28,97.26,251.99,10.41,85.64,63.55,93.17,87.81,3,critical,Uttarakhand
30.6369,78.94869,3483.0,69.47,137.29,278.15,16.53,83.15,81.45,81.5,100.0,3,critical,Uttarakhand
27.19666,93.63061,828.1,20.82,249.29,548.59,41.71,98.87,88.72,49.6,100.0,3,critical,Arunachal Pradesh
23.48954,93.37723,1659.9,28.9,151.25,331.97,27.27,67.02,80.45,70.97,78.92,2,high,Mizoram
30.69117,79.06405,3539.6,53.69,133.8,323.1,15.92,69.37,76.25,91.1,86.26,3,critical,Uttarakhand
27.00119,88.30353,1944.8,62.04,123.58,292.04,12.61,78.94,62.88,83.53,91.26,3,critical,West Bengal
25.99073,91.73228,266.9,29.85,6.4,15.79,0.32,28.14,15.77,60.19,19.48,0,low,Assam
25.57803,94.13335,1527.9,54.67,18.03,28.7,0.97,14.95,25.47,69.01,33.5,0,low,Nagaland
24.76885,93.95101,905.1,52.98,28.21,63.81,3.15,59.59,49.76,91.82,51.93,1,moderate,Manipur
31.01187,77.17857,2071.6,65.95,49.7,136.1,3.21,41.32,37.17,96.32,60.93,2,high,Himachal Pradesh
26.17705,91.7015,206.2,29.63,22.32,38.85,1.0,40.01,26.91,81.33,31.99,0,low,Assam
25.47995,91.84604,1961.3,31.0,131.63,265.43,16.51,69.74,88.58,81.3,72.95,2,high,Meghalaya
24.95772,93.85163,710.6,63.24,64.3,133.98,7.69,35.0,45.97,75.42,53.74,1,moderate,Manipur
25.63292,91.85521,1735.1,48.72,190.92,492.73,31.86,95.78,84.65,98.49,100.0,3,critical,Meghalaya
11.61438,76.26613,1045.7,65.17,84.73,314.44,17.88,76.51,61.92,84.6,89.38,3,critical,Kerala
25.31689,91.69701,1468.6,46.07,110.23,264.66,19.22,72.87,61.11,92.06,74.06,2,high,Meghalaya
23.52022,93.2701,1457.9,37.01,30.7,35.92,1.97,17.99,10.23,77.84,23.49,0,low,Mizoram
27.01093,93.53092,817.4,32.28,36.51,76.65,2.32,59.65,49.7,54.44,35.18,0,low,Arunachal Pradesh
11.63836,76.13017,1192.9,57.41,11.04,30.6,0.58,49.61,12.85,100.0,44.45,1,moderate,Kerala
27.33806,88.74237,1683.0,48.9,133.11,302.08,30.08,77.74,72.07,100.0,86.53,3,critical,Sikkim
27.24149,88.61813,1568.4,43.38,48.39,114.51,3.33,52.8,56.63,82.57,56.68,1,moderate,Sikkim
23.44811,93.11494,1690.7,30.14,228.35,559.65,71.81,91.86,89.43,74.26,100.0,3,critical,Mizoram
26.37506,91.67667,50.0,40.55,40.63,89.26,2.73,46.02,57.15,65.24,35.72,0,low,Assam
25.62728,93.99899,1568.2,33.4,77.7,324.25,11.56,83.24,90.0,82.94,75.13,2,high,Nagaland
24.77455,94.02652,660.3,26.26,37.51,71.87,2.4,36.06,9.0,74.1,19.56,0,low,Manipur
26.98447,93.6413,700.2,36.99,5.48,36.92,0.43,36.22,18.68,57.81,25.04,0,low,Arunachal Pradesh
31.25566,77.17319,2506.1,51.99,15.79,19.1,1.12,28.91,20.41,85.73,34.6,0,low,Himachal Pradesh
25.59348,94.05362,1323.5,52.18,40.19,111.69,5.89,43.02,38.57,77.45,49.57,1,moderate,Nagaland
26.85849,88.22834,1953.0,36.24,135.79,267.11,30.58,77.84,83.3,86.55,86.1,3,critical,West Bengal
31.15029,77.07007,2228.1,49.31,92.68,243.16,10.42,79.78,79.81,80.57,71.78,2,high,Himachal Pradesh
30.57589,79.08609,3774.8,48.14,95.95,238.51,19.44,95.0,78.37,91.97,86.37,3,critical,Uttarakhand
26.11447,91.81123,67.1,41.63,29.23,118.13,3.49,41.68,40.0,65.27,43.91,1,moderate,Assam
11.65365,76.20896,1123.0,37.05,142.37,324.09,18.29,78.66,82.0,91.73,84.81,3,critical,Kerala
25.73079,94.01451,1137.9,47.41,211.93,429.81,87.96,92.46,88.55,80.83,100.0,3,critical,Nagaland
25.67014,94.15082,1680.5,58.1,13.22,36.19,0.65,35.17,35.39,82.74,41.31,1,moderate,Nagaland
23.6405,93.40467,1684.5,49.03,40.94,92.49,3.4,35.3,43.45,69.91,42.79,1,moderate,Mizoram
30.65757,79.05414,3399.1,48.09,69.45,165.27,5.27,55.11,39.06,90.63,56.91,1,moderate,Uttarakhand
31.1376,77.19531,2177.2,49.74,22.56,54.92,1.47,56.44,47.58,80.01,46.58,1,moderate,Himachal Pradesh
27.10813,93.6389,712.4,34.39,9.21,39.25,0.44,32.61,33.88,74.64,29.2,0,low,Arunachal Pradesh
30.72885,78.92636,3814.0,48.34,215.3,592.99,48.86,93.01,94.51,79.65,100.0,3,critical,Uttarakhand
25.68978,94.03912,1429.4,46.92,111.23,290.5,19.75,76.06,71.23,71.7,80.59,3,critical,Nagaland
30.62417,79.19858,3653.0,50.23,19.87,48.22,1.52,59.15,30.11,98.95,50.47,1,moderate,Uttarakhand
26.91299,93.66574,951.4,40.46,220.6,562.03,102.3,95.54,98.0,57.94,100.0,3,critical,Arunachal Pradesh
30.86994,79.06235,3426.8,47.82,55.13,136.48,8.14,57.1,55.62,93.41,52.69,1,moderate,Uttarakhand
31.13947,77.18979,2412.4,64.94,37.01,66.06,5.93,67.42,57.28,85.44,63.39,2,high,Himachal Pradesh
27.07358,88.29209,2014.6,41.92,59.99,124.36,6.94,39.24,45.41,77.93,47.99,1,moderate,West Bengal
26.94301,93.71473,935.2,45.83,111.94,239.62,20.09,80.96,81.96,54.62,81.64,3,critical,Arunachal Pradesh
23.48468,93.48625,1575.5,49.24,0.36,36.52,0.02,33.21,34.67,65.66,30.85,0,low,Mizoram
30.74175,79.14759,3738.5,44.52,51.52,129.39,3.34,47.47,47.25,87.97,51.2,1,moderate,Uttarakhand
24.88344,93.83256,956.3,49.16,7.85,8.82,0.49,38.95,25.68,80.14,37.21,0,low,Manipur
26.15396,91.70182,129.4,32.0,12.51,52.33,0.61,40.77,13.34,66.96,27.99,0,low,Assam
27.02593,88.32496,1949.7,48.96,41.63,166.81,7.31,93.23,71.06,95.28,68.68,2,high,West Bengal
27.01486,93.59051,835.5,47.61,186.93,390.35,40.86,89.36,88.8,56.27,100.0,3,critical,Arunachal Pradesh
25.79782,93.96394,1515.4,35.78,126.19,367.04,30.97,93.36,76.95,73.93,91.71,3,critical,Nagaland
25.4249,91.85198,1604.2,43.54,44.41,82.61,6.85,53.29,53.74,87.92,52.89,1,moderate,Meghalaya
27.36974,88.51736,1974.7,62.54,78.29,204.27,9.68,82.03,68.5,96.87,81.21,3,critical,Sikkim
11.66453,76.18479,954.6,51.75,0.4,18.08,0.02,28.07,31.74,91.83,36.78,0,low,Kerala
27.09562,88.28743,2206.8,39.94,53.42,102.51,6.53,68.4,39.37,86.66,50.04,1,moderate,West Bengal
30.70921,79.11587,3617.3,64.04,116.6,337.04,12.01,84.56,79.1,100.0,99.82,3,critical,Uttarakhand
27.10259,93.645,703.3,29.15,0.08,4.51,0.0,27.33,26.49,58.41,16.52,0,low,Arunachal Pradesh
11.70301,76.10116,1168.7,37.09,1.23,39.92,0.09,39.82,22.46,100.0,26.64,0,low,Kerala
11.61532,76.14094,945.1,45.34,47.74,102.88,4.45,46.33,58.6,89.64,43.37,1,moderate,Kerala
24.78995,93.85373,686.4,37.74,57.79,139.71,8.37,49.75,55.48,85.97,51.85,1,moderate,Manipur
25.56861,91.87516,2097.0,42.58,76.85,206.17,11.03,83.51,83.43,100.0,75.45,2,high,Meghalaya
30.79517,79.0934,3469.7,50.28,202.3,502.21,47.85,90.94,98.0,85.82,100.0,3,critical,Uttarakhand
30.73804,78.93107,3700.4,65.06,142.44,267.12,19.83,75.12,87.15,96.77,100.0,3,critical,Uttarakhand
23.54688,93.22864,1629.3,44.2,13.76,24.84,0.95,45.29,41.6,80.62,39.96,0,low,Mizoram
25.55474,91.8364,1675.3,53.56,102.26,224.0,15.31,94.93,82.21,75.18,84.2,3,critical,Meghalaya
11.64503,76.06183,1079.6,56.03,4.03,4.43,0.18,17.88,25.99,88.92,34.48,0,low,Kerala
27.37166,88.57057,1762.5,38.5,137.51,348.86,15.74,86.23,77.95,86.98,86.18,3,critical,Sikkim
26.14633,91.75757,448.8,55.49,10.23,73.22,0.7,63.12,50.59,64.89,51.99,1,moderate,Assam
27.37559,88.55592,1799.1,49.98,120.65,308.85,24.09,77.79,87.16,85.64,87.37,3,critical,Sikkim
26.06826,91.67171,50.0,44.02,27.97,78.19,2.29,58.46,30.0,70.88,38.41,0,low,Assam
27.28326,88.85325,1504.8,61.18,135.27,365.53,19.63,88.99,69.11,84.31,100.0,3,critical,Sikkim
23.43043,93.38062,1681.8,44.48,11.42,45.34,0.54,22.85,28.77,59.59,30.4,0,low,Mizoram
25.27225,91.72927,1592.9,51.8,57.27,104.26,5.19,61.36,39.35,91.8,55.68,1,moderate,Meghalaya
25.59323,92.04677,1843.0,44.66,240.43,607.14,82.21,86.39,95.05,70.96,100.0,3,critical,Meghalaya
31.22423,77.21862,2178.9,46.89,69.35,153.97,8.72,35.0,42.83,80.05,51.9,1,moderate,Himachal Pradesh
30.70934,79.0644,3396.4,65.6,0.73,9.46,0.05,29.15,22.81,99.91,40.38,1,moderate,Uttarakhand
24.89661,93.98088,663.0,38.42,27.32,43.18,1.5,19.75,21.03,78.81,32.61,0,low,Manipur
25.54965,91.95352,2048.6,38.52,49.13,129.17,4.66,50.03,45.2,73.73,46.02,1,moderate,Meghalaya
25.23895,91.74363,1454.1,48.02,62.86,132.85,6.13,75.0,36.33,95.5,60.65,2,high,Meghalaya
11.79935,76.01017,934.6,44.59,49.54,107.51,3.96,64.25,53.44,100.0,58.15,1,moderate,Kerala
31.14445,77.1592,2537.5,48.59,49.39,112.09,5.43,67.46,38.12,100.0,55.18,1,moderate,Himachal Pradesh
31.03438,77.17005,2301.3,65.86,106.29,251.4,12.75,89.54,87.91,92.58,100.0,3,critical,Himachal Pradesh
31.04214,77.18445,2247.3,48.65,67.81,120.77,7.89,59.79,51.16,89.38,53.62,1,moderate,Himachal Pradesh
25.59592,91.81968,1943.4,42.12,11.27,29.44,0.55,15.29,30.75,69.66,32.15,0,low,Meghalaya
27.05639,88.28702,2040.3,40.46,6.23,6.26,0.5,31.59,22.71,74.75,31.4,0,low,West Bengal
26.8941,88.31273,2134.6,51.52,25.52,72.15,2.61,49.9,47.17,100.0,46.69,1,moderate,West Bengal
27.12675,88.26822,1866.1,41.78,0.42,1.29,0.03,32.74,24.85,89.57,28.01,0,low,West Bengal
25.55069,91.92405,1841.5,38.33,130.26,257.95,22.36,91.33,77.3,87.79,82.89,3,critical,Meghalaya
25.43474,91.83272,2084.4,42.33,133.75,389.22,15.91,68.0,88.61,76.41,84.52,3,critical,Meghalaya
11.64734,76.25588,1347.8,45.88,140.49,315.88,23.08,93.45,83.05,90.74,88.0,3,critical,Kerala
30.80629,79.18713,3485.3,44.68,201.87,480.28,41.83,87.42,81.25,98.28,100.0,3,critical,Uttarakhand
30.69949,79.10105,3538.3,49.67,64.0,115.7,5.87,54.88,52.04,87.39,54.06,1,moderate,Uttarakhand
25.26075,91.70591,1208.2,42.24,7.82,10.1,0.36,40.57,19.58,88.31,33.08,0,low,Meghalaya
27.03501,93.62407,701.7,33.28,31.27,105.48,2.02,51.79,44.68,60.54,36.49,0,low,Arunachal Pradesh
27.04608,93.61041,773.3,32.08,66.38,128.0,9.58,65.36,53.61,43.73,50.06,1,moderate,Arunachal Pradesh
23.59904,93.38828,1763.0,66.01,97.36,306.65,9.75,80.36,65.58,66.14,93.92,3,critical,Mizoram
25.77107,94.04004,1531.5,46.62,2.82,13.17,0.22,26.64,12.55,81.68,25.04,0,low,Nagaland
30.78831,79.16114,3414.7,62.01,2.28,82.26,0.15,23.83,28.92,83.11,40.48,1,moderate,Uttarakhand
24.82193,93.85013,773.5,29.97,20.33,35.85,2.37,55.69,55.31,80.72,35.91,0,low,Manipur
11.6974,76.18908,1005.7,55.13,1.75,15.07,0.11,32.44,22.67,94.1,35.8,0,low,Kerala
11.59495,76.09897,997.4,57.28,48.34,107.36,4.19,46.34,37.92,100.0,56.04,1,moderate,Kerala
26.16008,91.75928,50.0,34.41,0.75,18.49,0.04,32.81,32.33,62.95,24.52,0,low,Assam
27.35799,88.68206,1563.1,48.34,127.57,348.55,21.75,65.79,62.35,95.34,91.64,3,critical,Sikkim
27.17222,93.50186,948.8,55.01,116.2,298.11,12.86,88.09,74.96,55.16,91.95,3,critical,Arunachal Pradesh
25.51756,91.75777,1944.8,50.9,162.06,398.8,23.92,77.29,74.78,90.48,100.0,3,critical,Meghalaya
24.80606,94.12524,834.7,23.2,53.39,124.76,4.7,50.69,65.48,88.16,42.61,1,moderate,Manipur
24.83714,93.90531,654.2,46.83,22.36,24.76,1.27,50.0,34.85,83.42,40.45,1,moderate,Manipur
26.90666,88.34872,1976.4,49.52,71.55,289.7,7.66,69.87,63.03,79.91,73.99,2,high,West Bengal
25.48543,91.96219,1888.3,43.15,130.1,256.46,14.38,72.9,73.73,76.39,74.94,2,high,Meghalaya
26.08895,91.83362,121.9,24.85,16.58,27.59,1.33,31.28,31.99,66.93,18.81,0,low,Assam
23.48398,93.34663,1534.1,38.2,119.36,258.99,14.19,74.29,72.92,71.7,78.93,2,high,Mizoram
11.59154,76.05306,957.1,56.05,27.63,39.27,1.24,31.89,20.79,98.32,40.23,1,moderate,Kerala
30.62171,79.08402,3793.0,64.13,0.86,24.11,0.05,34.08,28.43,99.63,42.46,1,moderate,Uttarakhand
27.17293,88.56398,1504.1,55.73,59.08,115.5,4.23,53.86,34.93,96.27,60.47,2,high,Sikkim
25.53506,91.88307,1871.4,46.93,47.79,132.21,6.63,75.0,56.79,74.54,52.93,1,moderate,Meghalaya
23.42068,93.38497,1368.9,53.34,123.91,371.84,21.66,78.35,69.03,64.8,90.51,3,critical,Mizoram
27.03081,88.34291,2222.8,33.31,6.82,13.66,0.43,32.23,10.83,73.86,21.68,0,low,West Bengal
24.86942,93.98421,736.5,46.63,203.25,468.44,66.7,93.66,94.88,75.55,100.0,3,critical,Manipur
25.58012,93.98451,1177.9,39.63,23.48,29.01,1.15,40.79,18.44,61.27,24.2,0,low,Nagaland
27.03152,88.18924,1747.2,37.76,66.39,137.16,7.11,40.64,45.4,77.94,45.3,1,moderate,West Bengal
11.81669,76.18889,797.3,33.93,146.07,357.04,29.73,74.81,82.01,80.05,84.81,3,critical,Kerala
27.01074,88.34222,1653.5,43.57,119.74,348.52,27.28,72.71,83.92,77.1,86.65,3,critical,West Bengal
23.34609,93.27723,1727.4,50.96,25.66,42.58,2.54,48.75,44.79,89.56,44.2,1,moderate,Mizoram
25.56704,91.82262,2107.4,42.01,13.72,13.84,0.98,10.0,38.23,90.49,30.33,0,low,Meghalaya
25.6931,93.96905,1453.2,39.45,74.38,228.19,9.96,95.0,82.67,70.76,75.38,2,high,Nagaland
30.62521,79.04544,3680.1,57.68,26.63,32.16,1.71,48.17,5.0,95.42,42.15,1,moderate,Uttarakhand
26.26197,91.72958,170.6,34.73,40.95,59.4,4.86,61.89,39.22,65.75,45.17,1,moderate,Assam
25.60579,91.80304,2043.8,39.25,47.22,103.15,3.6,45.73,61.72,84.08,49.43,1,moderate,Meghalaya
23.55592,93.16875,1479.7,42.69,171.91,428.26,32.49,88.87,77.59,63.49,95.34,3,critical,Mizoram
31.11509,77.16068,2297.9,44.85,158.38,479.19,38.56,89.51,97.29,93.35,100.0,3,critical,Himachal Pradesh
27.02989,88.07969,2057.5,39.68,18.45,95.2,3.06,61.9,49.72,86.31,43.88,1,moderate,West Bengal
27.09352,93.6353,697.1,22.88,133.75,273.05,16.33,80.51,79.0,48.5,68.85,2,high,Arunachal Pradesh
25.44696,91.84141,2104.0,39.6,213.72,517.34,39.21,90.5,92.67,88.68,100.0,3,critical,Meghalaya
27.18614,88.2791,1901.3,41.86,28.63,49.41,1.99,60.43,41.91,86.08,44.63,1,moderate,West Bengal
27.40593,88.51306,1751.5,43.35,120.52,303.56,14.96,81.9,89.35,95.59,89.24,3,critical,Sikkim
23.47653,93.23976,1804.1,36.33,119.91,286.21,16.25,67.89,61.69,59.49,72.36,2,high,Mizoram
25.25212,91.70205,1427.1,45.57,3.57,23.96,0.28,13.84,32.6,98.4,35.51,0,low,Meghalaya
26.94863,93.65509,690.1,33.94,5.14,11.7,0.26,34.32,30.03,64.81,19.21,0,low,Arunachal Pradesh
26.11379,91.75768,100.5,42.11,53.87,129.25,6.48,52.76,42.46,76.64,45.01,1,moderate,Assam
23.48703,93.34221,1714.6,51.68,118.14,300.5,15.11,71.13,72.04,78.92,83.88,3,critical,Mizoram
31.22962,77.20514,2267.0,52.56,0.99,8.6,0.06,21.96,14.84,84.84,27.42,0,low,Himachal Pradesh
11.63814,76.0691,1044.6,56.87,230.9,462.59,46.7,84.21,97.0,100.0,100.0,3,critical,Kerala
24.83716,93.93595,823.0,38.68,38.6,114.74,2.68,43.1,68.14,87.46,43.52,1,moderate,Manipur
23.46356,93.40528,1465.2,33.99,192.48,328.26,34.72,81.83,79.57,78.22,97.37,3,critical,Mizoram
26.0968,91.73218,80.1,23.05,251.85,592.98,121.33,82.17,89.64,61.97,100.0,3,critical,Assam
30.71505,79.23374,3552.1,69.84,180.38,357.75,29.48,82.77,72.13,97.37,100.0,3,critical,Uttarakhand
25.45791,91.90051,2110.6,51.46,39.63,77.53,3.33,62.91,60.65,84.47,52.88,1,moderate,Meghalaya
26.03349,91.71242,75.6,24.91,241.75,576.92,73.02,99.0,83.35,75.17,100.0,3,critical,Assam
25.56879,94.17824,1431.2,50.81,98.33,218.95,11.38,78.99,65.45,92.57,75.49,2,high,Nagaland
25.4345,91.64174,1396.8,45.79,16.93,46.56,0.76,38.16,23.66,94.46,37.62,0,low,Meghalaya
27.11907,93.65745,924.7,31.25,71.17,131.67,5.79,64.93,63.99,63.29,48.42,1,moderate,Arunachal Pradesh
26.95191,93.50818,606.8,25.57,48.64,103.01,7.65,43.43,43.72,58.67,37.59,0,low,Arunachal Pradesh
31.21443,77.10461,2341.4,42.79,6.28,33.35,0.3,31.89,43.87,86.04,33.15,0,low,Himachal Pradesh
23.51642,93.37043,1458.7,57.85,55.43,144.14,6.38,56.51,50.62,69.95,62.01,2,high,Mizoram
25.576,91.82283,2034.0,55.42,117.56,317.45,14.96,83.96,86.04,92.96,91.91,3,critical,Meghalaya
25.78073,94.12409,1464.0,36.4,2.21,3.96,0.1,25.07,28.51,83.28,19.72,0,low,Nagaland
25.28318,91.73407,1456.0,49.95,67.35,119.43,8.13,52.84,48.97,90.21,51.93,1,moderate,Meghalaya
27.25829,88.57115,1910.7,44.2,67.92,159.39,5.93,51.39,52.39,78.27,60.25,2,high,Sikkim
30.59141,79.14925,3321.5,62.49,174.78,376.19,26.86,88.53,90.0,91.73,100.0,3,critical,Uttarakhand
25.54684,91.73274,1821.7,37.97,1.88,3.51,0.1,48.89,26.77,84.42,29.22,0,low,Meghalaya
31.10607,77.11866,2271.2,52.6,3.98,31.01,0.17,32.74,8.99,78.21,29.18,0,low,Himachal Pradesh
25.51062,91.89301,1786.4,39.14,31.64,103.49,4.36,53.59,43.13,78.12,46.74,1,moderate,Meghalaya
27.01294,88.27751,2267.6,46.71,54.18,314.5,6.71,84.15,78.03,85.03,76.6,2,high,West Bengal
25.30931,91.77558,1459.3,47.21,7.02,70.75,0.65,60.67,43.25,95.49,44.12,1,moderate,Meghalaya
27.17273,93.73514,810.7,22.37,22.79,90.47,2.59,52.53,49.91,62.12,33.23,0,low,Arunachal Pradesh
31.13324,77.13437,2352.5,46.07,118.17,278.23,12.94,77.87,75.2,84.19,76.62,2,high,Himachal Pradesh
27.30369,88.66755,1675.5,55.86,32.68,81.77,2.32,65.23,48.64,82.93,57.27,1,moderate,Sikkim
23.49352,93.38831,1569.4,46.4,179.89,393.11,27.49,65.83,63.58,67.58,92.98,3,critical,Mizoram
31.01827,77.18664,2243.8,60.14,96.96,311.66,11.4,83.07,63.05,88.36,84.79,3,critical,Himachal Pradesh
27.28144,88.71681,1446.3,51.26,98.31,267.41,21.75,94.04,73.43,96.74,88.57,3,critical,Sikkim
23.41101,93.28481,1595.8,59.47,39.18,80.2,2.93,66.89,44.7,67.76,53.45,1,moderate,Mizoram
25.52814,94.01566,1666.1,51.13,157.4,374.97,21.89,91.2,73.05,75.4,98.91,3,critical,Nagaland
27.37411,88.66807,1702.4,49.83,45.99,105.19,5.29,46.33,56.88,96.95,53.28,1,moderate,Sikkim
25.32005,91.66143,1269.4,51.86,26.36,34.74,1.12,37.14,18.23,90.21,35.01,0,low,Meghalaya
27.08117,93.64512,859.6,25.44,11.3,36.5,0.74,42.72,25.22,59.22,21.9,0,low,Arunachal Pradesh
31.14668,77.22713,2432.8,60.58,134.61,254.07,29.65,92.51,68.01,94.56,100.0,3,critical,Himachal Pradesh
11.73782,76.11698,855.3,60.05,84.64,272.46,11.92,88.78,66.82,99.56,90.37,3,critical,Kerala
11.7581,76.1405,935.9,51.65,88.27,278.12,15.62,74.46,73.24,84.13,77.09,2,high,Kerala
25.69388,91.79376,2122.7,41.31,5.03,7.95,0.31,14.63,21.41,83.96,23.8,0,low,Meghalaya
27.26894,93.55102,672.2,44.98,64.8,125.0,7.31,45.25,36.3,47.77,51.83,1,moderate,Arunachal Pradesh
31.28853,77.09017,2464.1,45.73,28.66,77.81,1.95,42.7,43.15,90.68,37.02,0,low,Himachal Pradesh
31.18626,77.05087,2438.5,49.28,57.3,96.49,8.41,45.85,30.0,84.47,52.82,1,moderate,Himachal Pradesh
25.56797,91.88068,1515.0,31.87,25.13,41.76,2.07,32.92,30.08,79.02,25.96,0,low,Meghalaya
11.74818,76.29228,764.2,57.55,60.62,95.64,4.18,63.17,44.98,88.7,65.65,2,high,Kerala
25.46414,91.76464,1223.4,43.48,76.33,163.16,5.89,35.0,41.32,100.0,53.66,1,moderate,Meghalaya
26.96313,93.63069,482.3,39.15,2.99,66.45,0.2,35.3,25.42,68.87,34.01,0,low,Arunachal Pradesh
25.73445,94.08685,1575.3,61.69,111.57,237.98,11.52,86.47,66.17,79.21,86.25,3,critical,Nagaland
25.56916,91.81559,1768.3,53.81,41.56,106.12,2.92,35.21,44.49,88.93,50.26,1,moderate,Meghalaya
27.00634,93.59174,982.7,34.63,60.98,242.25,9.37,70.18,58.49,60.48,56.09,1,moderate,Arunachal Pradesh
26.15039,91.74435,213.0,28.49,45.19,109.09,4.14,42.56,60.5,83.48,39.92,0,low,Assam
27.39298,88.64677,1952.7,52.35,4.06,12.79,0.22,15.49,21.78,93.62,23.42,0,low,Sikkim
27.10676,93.71801,810.8,44.07,240.75,521.53,55.73,95.94,98.0,51.1,100.0,3,critical,Arunachal Pradesh
11.7032,76.25934,1055.7,47.19,146.18,289.99,31.2,82.62,73.57,82.82,93.45,3,critical,Kerala
25.46588,91.82732,1733.8,46.39,68.84,246.19,12.56,79.38,74.25,84.34,74.23,2,high,Meghalaya
31.13395,77.16295,2116.7,57.38,9.7,50.94,1.08,44.92,48.96,92.45,47.68,1,moderate,Himachal Pradesh
23.44506,93.2371,1586.4,44.72,31.75,85.89,3.35,59.03,31.28,68.34,43.44,1,moderate,Mizoram
31.02278,77.08276,2288.1,45.39,102.85,314.68,16.99,65.91,65.79,96.87,77.27,2,high,Himachal Pradesh
11.83703,76.00615,926.8,51.01,66.4,117.49,5.54,40.95,39.23,100.0,54.88,1,moderate,Kerala
31.03894,76.97197,2449.0,41.72,133.7,277.1,31.51,77.23,90.0,87.68,85.42,3,critical,Himachal Pradesh
27.09369,88.56815,1520.0,54.79,55.43,108.82,4.23,55.57,43.7,100.0,58.79,1,moderate,Sikkim
30.74016,79.08616,3502.9,55.92,140.11,312.65,17.66,77.56,66.95,100.0,95.7,3,critical,Uttarakhand
31.10675,77.1745,2208.3,62.9,15.26,21.46,1.1,21.59,18.12,94.45,39.29,0,low,Himachal Pradesh
26.08222,91.68371,50.0,28.06,4.9,19.61,0.32,18.2,20.84,75.55,20.09,0,low,Assam
24.87278,93.87528,637.6,40.58,5.69,6.82,0.46,27.44,28.08,100.0,31.89,0,low,Manipur
31.16643,77.04607,1911.5,56.24,249.5,577.96,79.69,92.51,87.05,88.3,100.0,3,critical,Himachal Pradesh
27.43409,88.56762,1546.4,37.63,1.62,22.17,0.11,13.79,30.78,93.57,23.4,0,low,Sikkim
30.93737,77.18416,2350.1,38.49,38.68,104.35,4.11,54.39,49.44,97.03,46.81,1,moderate,Himachal Pradesh
25.24448,91.66632,1591.4,48.17,217.27,513.32,60.72,88.74,75.38,100.0,100.0,3,critical,Meghalaya
27.11024,88.28726,2020.9,63.97,216.09,566.27,55.74,97.77,93.05,80.27,100.0,3,critical,West Bengal
25.67539,91.84922,1966.3,33.31,37.46,105.43,3.55,46.13,38.34,78.83,39.16,0,low,Meghalaya
24.81119,94.00876,575.3,55.15,10.95,18.6,0.73,44.51,23.69,64.52,38.68,0,low,Manipur
27.13135,93.44738,883.7,42.52,46.75,79.27,6.19,55.56,48.41,54.97,42.73,1,moderate,Arunachal Pradesh
23.6487,93.26884,1652.7,43.04,1.27,6.99,0.06,34.06,28.47,79.89,18.86,0,low,Mizoram
24.65837,93.94662,591.9,32.82,87.0,292.73,15.14,72.05,81.45,89.89,68.88,2,high,Manipur
27.10677,88.22229,2167.4,49.58,175.39,350.02,18.06,85.62,87.01,78.62,97.23,3,critical,West Bengal
11.67906,76.10919,1078.5,56.63,45.39,100.08,4.32,58.65,58.79,94.38,58.55,1,moderate,Kerala
23.3761,93.31634,1549.1,31.83,19.07,82.99,1.19,60.44,59.85,68.91,37.13,0,low,Mizoram
25.65262,94.16499,1707.1,50.3,104.51,317.28,15.56,76.45,71.7,79.07,80.78,3,critical,Nagaland
25.32861,91.72354,1441.8,32.01,50.2,68.18,3.96,75.0,61.08,99.33,47.18,1,moderate,Meghalaya
30.9852,77.12578,2409.6,56.48,31.5,102.31,4.03,51.85,41.87,83.58,52.57,1,moderate,Himachal Pradesh
23.59744,93.32058,1617.7,48.69,167.88,323.2,22.55,79.23,67.23,79.51,89.14,3,critical,Mizoram
27.12945,93.43157,934.8,40.1,19.94,47.85,1.02,35.66,28.64,57.41,29.33,0,low,Arunachal Pradesh
25.18182,91.78451,1491.3,45.54,20.45,44.05,1.05,21.13,19.9,85.29,33.62,0,low,Meghalaya
24.75894,93.88357,688.1,40.07,41.18,96.85,6.11,44.83,39.64,70.57,44.5,1,moderate,Manipur
27.05597,88.39517,1983.8,49.93,5.07,6.27,0.24,44.91,21.26,80.47,33.85,0,low,West Bengal
27.25804,88.49457,1501.3,44.96,196.32,634.48,49.43,94.76,79.77,92.16,100.0,3,critical,Sikkim
31.07246,77.17187,2395.8,51.07,106.63,216.61,14.51,86.33,80.55,95.24,79.76,2,high,Himachal Pradesh
26.18532,91.75196,154.7,37.48,41.25,150.42,5.25,55.55,44.29,54.54,50.65,1,moderate,Assam
11.66727,76.16077,717.6,37.02,37.33,105.18,5.87,75.0,30.0,88.11,47.2,1,moderate,Kerala
11.65785,76.09485,908.5,25.94,93.97,276.98,13.54,87.02,61.11,90.46,72.4,2,high,Kerala
24.7815,93.93122,571.0,52.24,1.17,16.75,0.09,32.35,17.16,76.1,33.8,0,low,Manipur
26.13844,91.57564,98.6,24.25,21.58,91.28,3.08,64.24,41.34,75.27,38.41,0,low,Assam
26.9933,93.62503,830.2,37.87,4.84,47.0,0.22,27.26,13.3,54.25,24.8,0,low,Arunachal Pradesh
27.00144,88.31806,2044.1,44.82,64.13,216.98,6.96,89.18,75.01,85.91,64.31,2,high,West Bengal
27.36551,88.70769,1631.9,40.9,66.54,127.45,6.02,66.33,51.15,97.45,52.51,1,moderate,Sikkim
25.70025,94.1109,1279.9,64.94,51.51,74.19,5.3,51.25,60.92,73.97,58.06,1,moderate,Nagaland
26.20893,91.78548,50.0,39.69,112.21,312.88,16.78,69.7,76.14,72.45,72.03,2,high,Assam
27.02811,93.54134,699.9,28.94,38.1,100.2,3.08,72.5,58.37,77.83,44.02,1,moderate,Arunachal Pradesh
25.63524,94.0388,1429.5,35.72,269.81,481.64,52.41,99.0,89.45,73.25,100.0,3,critical,Nagaland
26.96381,88.29733,1995.2,54.14,261.53,575.55,44.53,90.04,78.96,56.38,100.0,3,critical,West Bengal
31.05079,77.13786,2194.9,51.19,230.37,559.65,80.15,99.0,83.72,91.26,100.0,3,critical,Himachal Pradesh
27.11167,93.67964,826.9,27.32,12.45,29.62,0.52,29.39,33.37,64.06,23.07,0,low,Arunachal Pradesh
11.76379,76.22427,1142.5,53.78,25.77,106.83,3.14,75.0,44.53,99.13,64.6,2,high,Kerala
24.94469,93.87955,760.3,25.59,25.16,59.73,3.63,35.0,47.56,79.56,29.05,0,low,Manipur
30.58756,79.06817,3589.2,73.91,17.62,30.59,0.99,21.14,15.8,87.43,53.73,1,moderate,Uttarakhand
25.64776,94.23791,1403.7,50.46,168.93,350.65,31.96,80.25,87.0,76.66,100.0,3,critical,Nagaland
11.74885,76.17513,1135.0,49.97,49.77,110.45,4.46,38.76,42.2,96.64,44.26,1,moderate,Kerala
24.80309,93.96811,743.6,42.48,26.55,102.24,1.9,58.33,66.59,85.78,46.76,1,moderate,Manipur
30.99813,77.11239,2252.2,49.5,35.71,69.24,4.06,69.05,43.65,89.67,50.74,1,moderate,Himachal Pradesh
25.5224,91.85981,1976.4,39.62,39.19,102.69,3.99,35.0,40.21,90.07,41.17,1,moderate,Meghalaya
25.22768,91.64548,1613.5,45.93,36.44,95.19,4.05,35.0,36.32,94.82,49.34,1,moderate,Meghalaya
31.10192,77.1734,2353.8,64.73,59.94,142.64,4.2,56.1,61.66,100.0,67.54,2,high,Himachal Pradesh
27.18585,93.61944,644.2,39.99,72.22,137.92,4.69,63.93,46.32,52.52,52.08,1,moderate,Arunachal Pradesh
27.0854,88.09217,2223.2,35.78,7.75,29.37,0.54,42.92,15.92,87.15,27.72,0,low,West Bengal
31.12569,77.17135,2355.7,44.6,4.06,5.95,0.18,38.03,7.73,97.51,25.99,0,low,Himachal Pradesh
25.98394,91.66367,208.7,27.42,106.38,297.29,12.58,69.32,87.6,80.96,74.32,2,high,Assam
11.84435,75.99584,958.9,53.44,51.7,138.94,3.74,35.0,38.74,100.0,53.98,1,moderate,Kerala
31.06922,77.20585,2531.3,40.43,94.41,297.92,14.66,78.28,68.33,86.34,74.12,2,high,Himachal Pradesh
25.64212,94.07348,1628.1,47.63,105.2,359.02,24.8,87.97,61.37,83.81,88.3,3,critical,Nagaland
26.30183,91.75148,58.1,32.62,15.99,26.25,0.96,25.41,23.88,65.92,25.02,0,low,Assam
23.47739,93.41835,1695.1,55.39,116.17,285.9,24.41,77.54,67.95,64.16,85.62,3,critical,Mizoram
25.25619,91.78109,1420.5,36.39,267.2,476.83,107.79,82.0,83.63,92.6,100.0,3,critical,Meghalaya
26.29401,91.79311,302.3,25.21,8.67,20.38,0.39,35.21,17.36,71.45,15.94,0,low,Assam
26.13273,91.84952,201.1,16.18,58.69,135.59,3.72,56.76,43.37,79.42,38.94,0,low,Assam
23.48079,93.3194,1566.3,31.75,13.28,50.85,0.78,33.53,32.86,78.09,24.41,0,low,Mizoram
27.11099,93.56024,763.2,20.27,7.55,7.92,0.47,46.99,42.53,57.79,21.57,0,low,Arunachal Pradesh
25.19359,91.76389,1739.4,39.46,283.55,619.45,60.7,91.77,80.56,92.19,100.0,3,critical,Meghalaya
31.13627,77.16626,2473.6,55.56,60.27,106.63,4.05,43.52,46.52,97.02,54.4,1,moderate,Himachal Pradesh
26.26418,91.67193,83.8,38.53,47.95,122.6,4.72,70.63,55.27,68.77,56.68,1,moderate,Assam
27.30161,88.53329,1540.0,51.91,53.15,120.49,3.94,55.27,61.26,82.84,56.5,1,moderate,Sikkim
23.4596,93.38655,1723.1,34.51,36.49,106.55,2.37,66.41,33.06,52.82,39.91,0,low,Mizoram
25.55412,91.9061,1950.0,35.67,38.95,139.48,2.83,44.28,50.88,93.13,42.55,1,moderate,Meghalaya
26.13557,91.69905,50.0,37.33,4.27,62.2,0.26,22.85,41.63,63.41,25.17,0,low,Assam
23.57614,93.37176,1533.2,43.46,86.32,328.47,16.07,65.0,57.45,78.32,70.11,2,high,Mizoram
27.13647,93.57242,821.6,21.95,1.14,1.22,0.08,34.75,39.69,47.72,17.98,0,low,Arunachal Pradesh
27.06952,88.23683,1983.0,46.62,26.54,93.55,1.7,68.27,45.9,82.87,52.66,1,moderate,West Bengal
27.31778,88.64862,1588.0,45.18,115.67,407.7,28.66,83.93,69.0,93.88,96.29,3,critical,Sikkim
27.0687,93.71511,890.1,39.94,55.01,133.64,3.96,57.75,52.66,54.18,47.19,1,moderate,Arunachal Pradesh
25.37741,91.76428,1964.2,32.95,87.76,262.37,8.82,66.43,83.79,84.46,66.6,2,high,Meghalaya
24.73058,94.11627,502.3,28.86,87.32,248.82,20.35,80.45,86.55,73.03,71.14,2,high,Manipur
26.19074,91.62883,258.6,24.59,22.55,50.08,1.12,23.52,26.23,75.11,20.02,0,low,Assam
25.32954,91.7155,1332.6,58.57,192.98,519.01,56.29,94.94,83.21,100.0,100.0,3,critical,Meghalaya
23.54505,93.25713,2059.3,31.74,127.02,303.1,16.37,88.96,64.34,65.19,79.33,2,high,Mizoram
25.75523,94.118,1557.8,49.56,1.12,16.79,0.05,19.98,32.32,75.47,29.7,0,low,Nagaland
26.95709,88.28236,1885.2,49.91,0.21,6.15,0.01,10.0,20.16,81.08,30.7,0,low,West Bengal
25.47989,91.99161,1980.7,49.08,188.78,487.23,57.94,82.0,94.17,100.0,100.0,3,critical,Meghalaya
27.13556,88.20673,2204.3,45.24,20.01,83.85,2.35,68.73,44.12,78.53,47.84,1,moderate,West Bengal
26.92512,88.31798,2022.1,51.2,66.33,99.84,8.9,61.41,35.62,69.8,54.86,1,moderate,West Bengal
27.09899,93.62425,824.2,33.62,52.65,81.85,4.22,50.49,51.28,71.42,42.42,1,moderate,Arunachal Pradesh
25.29781,91.69102,1328.6,48.27,0.01,19.62,0.0,19.14,30.43,83.3,26.58,0,low,Meghalaya
24.85642,93.92,660.8,41.34,141.59,567.66,60.15,95.11,88.76,79.66,100.0,3,critical,Manipur
11.76473,76.25306,1086.3,45.99,7.49,14.84,0.32,20.9,28.53,96.74,31.06,0,low,Kerala
31.14366,77.24238,2436.5,40.22,60.0,115.44,6.73,41.97,55.38,100.0,49.21,1,moderate,Himachal Pradesh
26.06834,91.79052,50.0,28.3,36.7,93.9,2.77,71.53,48.78,69.08,46.47,1,moderate,Assam
23.35268,93.32169,1452.1,50.33,93.6,256.76,11.75,85.3,80.99,78.45,76.41,2,high,Mizoram
26.25968,91.7065,50.0,31.68,99.19,352.81,15.27,77.91,83.49,63.63,75.82,2,high,Assam
30.87381,79.02097,3629.3,50.66,52.64,115.87,3.71,65.45,43.57,98.9,55.96,1,moderate,Uttarakhand
30.6028,79.01655,3522.9,50.23,36.39,95.71,3.47,57.83,62.43,95.51,56.09,1,moderate,Uttarakhand
30.97416,77.31774,2303.6,48.29,187.67,594.66,36.1,89.83,83.79,91.32,100.0,3,critical,Himachal Pradesh
27.04025,93.67646,650.0,40.39,44.64,115.74,6.86,63.36,61.83,49.88,48.01,1,moderate,Arunachal Pradesh
25.42645,91.8014,1990.7,44.6,40.47,94.55,3.45,62.61,30.0,86.19,49.31,1,moderate,Meghalaya
31.20794,77.11787,2397.3,56.83,23.3,23.39,1.08,28.2,23.98,78.01,39.5,0,low,Himachal Pradesh
11.70457,75.93044,635.1,51.49,48.96,136.68,3.61,52.32,48.06,100.0,54.39,1,moderate,Kerala
26.97443,88.17198,2247.3,23.88,49.25,98.06,5.3,59.44,53.56,84.03,40.26,1,moderate,West Bengal
25.77456,94.08263,1603.1,46.58,119.76,313.69,21.76,78.68,74.74,65.75,80.12,3,critical,Nagaland
25.62242,91.8396,1900.3,51.06,1.84,55.53,0.09,36.45,17.1,97.78,39.89,0,low,Meghalaya
31.17917,77.22689,2235.4,54.68,6.57,28.35,0.45,37.53,23.9,83.82,36.82,0,low,Himachal Pradesh
23.40603,93.3167,1894.4,54.64,158.28,320.89,19.86,83.0,70.94,65.97,96.27,3,critical,Mizoram
24.90616,93.93243,771.4,36.54,9.66,111.22,1.42,35.83,53.51,93.93,34.34,0,low,Manipur
26.31654,91.59508,50.0,41.19,36.88,53.27,2.12,37.77,25.94,74.1,31.69,0,low,Assam
26.82416,93.50531,472.2,24.43,3.14,13.47,0.16,17.05,32.95,73.03,18.77,0,low,Arunachal Pradesh
24.8361,93.9698,1016.1,35.27,30.8,115.31,2.65,63.98,38.03,85.54,46.55,1,moderate,Manipur
27.30202,88.61205,1687.4,50.82,74.48,267.28,7.78,87.97,85.02,89.15,80.06,3,critical,Sikkim
11.67392,76.07775,993.8,42.68,30.81,138.77,2.32,75.0,35.09,93.02,56.97,1,moderate,Kerala
31.08817,77.16619,2099.9,50.12,27.38,52.5,1.17,24.79,27.82,89.51,39.63,0,low,Himachal Pradesh
26.10221,91.7691,50.0,26.65,45.37,93.84,3.47,45.66,44.96,61.07,35.19,0,low,Assam
30.60922,79.02792,3831.1,62.6,14.08,40.07,0.92,34.08,20.68,100.0,46.75,1,moderate,Uttarakhand
24.70815,93.99551,672.9,34.79,0.12,19.42,0.01,36.76,19.35,83.34,22.42,0,low,Manipur
27.0143,93.52296,588.6,43.4,4.54,5.43,0.19,13.04,31.89,62.46,22.74,0,low,Arunachal Pradesh
31.18075,77.03748,2194.6,46.77,64.93,105.07,4.71,45.65,55.05,85.23,52.14,1,moderate,Himachal Pradesh
30.91686,77.25375,2348.7,40.46,249.95,618.67,83.45,92.0,82.48,98.69,100.0,3,critical,Himachal Pradesh
24.74406,93.84102,809.7,33.3,11.84,27.49,0.71,28.7,23.8,88.36,29.22,0,low,Manipur
27.14027,93.58984,877.6,32.58,81.4,257.41,8.61,78.16,90.0,57.0,67.17,2,high,Arunachal Pradesh
26.09545,91.66047,234.0,37.96,52.59,108.7,7.01,71.48,36.37,65.69,48.76,1,moderate,Assam
25.56904,91.73231,1907.2,32.2,36.24,103.81,3.64,47.93,42.65,94.41,36.57,0,low,Meghalaya
11.67589,76.38346,934.7,45.64,27.74,112.31,1.88,38.39,48.41,95.74,46.52,1,moderate,Kerala
30.69497,79.0282,3501.8,57.93,1.38,11.5,0.09,10.0,22.17,100.0,34.15,0,low,Uttarakhand
24.92116,93.99379,814.7,42.31,79.89,142.31,10.48,67.21,57.73,87.39,60.48,2,high,Manipur
27.10383,88.27934,2120.5,32.29,18.85,20.58,0.82,27.91,14.11,69.68,21.37,0,low,West Bengal
11.63356,76.12453,802.8,49.39,196.04,519.92,75.18,89.5,81.16,81.04,100.0,3,critical,Kerala
31.13115,77.20473,1904.9,46.41,0.12,4.7,0.01,40.99,23.09,93.82,32.73,0,low,Himachal Pradesh
31.07745,77.32826,2543.3,49.7,13.41,14.51,0.61,27.09,37.84,77.67,35.41,0,low,Himachal Pradesh
25.45596,91.93769,1945.5,38.08,199.1,389.05,24.64,75.44,79.36,85.34,95.89,3,critical,Meghalaya
27.42365,88.52592,1546.1,56.61,156.61,320.11,28.9,77.0,87.03,96.51,99.3,3,critical,Sikkim
30.70965,79.06646,3595.5,48.42,48.73,106.41,3.35,35.0,33.19,99.05,48.88,1,moderate,Uttarakhand
23.47515,93.39409,1682.4,40.73,21.77,64.82,2.91,69.98,47.22,64.58,48.69,1,moderate,Mizoram
27.03044,88.13045,1959.2,26.82,99.45,295.9,12.05,79.3,61.69,77.78,66.51,2,high,West Bengal
27.32548,88.56986,1554.3,54.26,43.09,115.3,3.92,74.69,53.12,94.03,64.03,2,high,Sikkim
30.70597,79.15035,3606.4,52.59,55.85,153.73,5.03,72.33,43.94,86.39,62.13,2,high,Uttarakhand
31.12305,77.27544,2288.4,46.4,43.72,112.59,3.59,49.43,47.91,80.36,51.16,1,moderate,Himachal Pradesh
25.61292,94.11957,1473.7,45.87,71.45,135.65,10.22,60.91,44.32,81.05,55.99,1,moderate,Nagaland
27.15827,93.80623,873.0,43.31,227.06,627.44,58.82,91.56,78.89,53.64,100.0,3,critical,Arunachal Pradesh
31.15731,77.16207,2163.1,52.23,46.2,104.06,3.64,42.98,57.9,75.14,52.97,1,moderate,Himachal Pradesh
25.71441,94.20728,1521.8,46.22,9.54,12.61,0.42,25.21,33.85,71.91,28.95,0,low,Nagaland
26.15231,91.68823,302.9,29.59,59.19,114.99,6.16,43.4,53.82,67.19,37.68,0,low,Assam
26.16596,91.63661,50.0,44.29,227.69,549.76,97.0,90.09,89.18,62.98,100.0,3,critical,Assam
30.82325,79.05749,3519.9,44.2,113.78,321.91,15.06,88.16,76.21,100.0,86.73,3,critical,Uttarakhand
30.949,77.02138,2176.8,55.37,7.47,14.66,0.36,28.73,8.48,84.62,32.0,0,low,Himachal Pradesh
31.15256,77.16545,2058.7,67.66,98.62,279.19,19.91,78.66,75.36,86.87,94.47,3,critical,Himachal Pradesh
24.64013,93.97375,622.1,48.88,164.18,379.98,33.38,81.7,75.43,86.94,99.91,3,critical,Manipur
31.0694,77.21083,2407.0,52.91,0.58,30.77,0.05,22.98,22.19,88.22,34.54,0,low,Himachal Pradesh
30.60279,79.0702,3675.2,52.71,14.23,27.88,0.95,43.25,27.58,90.41,42.2,1,moderate,Uttarakhand
11.76163,76.07879,1100.3,50.19,4.94,28.15,0.33,49.09,17.11,91.69,40.97,1,moderate,Kerala
23.47395,93.28714,1894.0,31.12,5.21,31.9,0.35,21.23,24.96,82.93,21.08,0,low,Mizoram
27.08986,93.60645,739.2,36.86,61.09,106.33,5.99,75.0,49.89,68.14,50.02,1,moderate,Arunachal Pradesh
26.127,91.75682,261.6,42.4,42.58,85.41,4.96,60.2,32.73,71.87,48.01,1,moderate,Assam
23.46601,93.4359,1197.5,53.94,64.93,202.82,8.64,87.15,81.83,79.36,78.93,2,high,Mizoram
23.56965,93.24885,1536.1,47.43,127.85,314.33,15.88,91.28,77.12,69.05,85.41,3,critical,Mizoram
26.95473,93.61196,570.4,36.23,190.49,531.03,58.08,87.73,83.26,52.21,100.0,3,critical,Arunachal Pradesh
26.97373,93.56897,654.8,41.07,0.18,2.48,0.01,14.48,40.64,61.36,23.88,0,low,Arunachal Pradesh
26.08285,91.66757,69.6,34.04,147.49,365.03,20.57,81.68,76.87,70.28,85.79,3,critical,Assam
30.74349,78.95444,3715.4,66.57,0.75,5.75,0.04,25.53,30.68,91.77,48.24,1,moderate,Uttarakhand
27.31801,88.69898,1719.6,42.66,10.67,38.36,0.52,50.0,21.35,87.88,37.36,0,low,Sikkim
11.6055,76.0131,757.7,38.06,118.45,316.36,20.29,89.76,76.42,91.14,93.14,3,critical,Kerala
27.00924,93.59719,809.0,36.98,59.19,150.41,4.35,75.0,54.09,69.84,56.97,1,moderate,Arunachal Pradesh
26.1029,91.7624,50.0,41.75,191.91,402.42,36.42,84.22,71.2,77.19,100.0,3,critical,Assam
26.06255,91.87707,50.0,40.68,33.15,74.2,4.22,62.68,51.01,54.72,44.61,1,moderate,Assam
27.21526,88.22444,1910.6,37.09,1.32,15.69,0.07,19.09,12.71,83.81,27.63,0,low,West Bengal
30.73503,79.00561,3539.8,50.49,64.33,138.39,6.79,41.94,54.28,89.9,50.82,1,moderate,Uttarakhand
25.47485,91.99007,2163.9,38.27,5.73,55.92,0.45,53.2,36.55,79.97,34.52,0,low,Meghalaya
23.44563,93.22332,1462.6,61.49,0.93,21.4,0.06,46.98,28.72,61.18,43.66,1,moderate,Mizoram
25.58246,91.78414,1978.3,41.76,19.95,25.76,0.84,31.17,25.47,87.57,28.07,0,low,Meghalaya
27.25275,88.59484,1698.6,44.03,52.38,108.21,8.46,57.79,45.43,78.51,51.65,1,moderate,Sikkim
30.76569,78.95636,3559.8,46.76,108.38,279.33,25.31,79.29,74.61,100.0,89.42,3,critical,Uttarakhand
25.32327,91.76373,1555.8,43.06,28.5,109.66,2.45,66.25,49.94,87.53,51.71,1,moderate,Meghalaya
27.04786,88.26003,1945.6,58.87,196.85,534.98,47.44,94.91,88.63,83.19,100.0,3,critical,West Bengal
25.70177,92.01649,1932.1,27.74,101.58,369.42,10.84,71.72,66.1,66.26,66.66,2,high,Meghalaya
27.032,88.35889,2180.8,46.26,132.41,334.2,31.97,83.8,75.79,73.85,93.83,3,critical,West Bengal
25.57604,91.84906,2044.4,26.76,2.11,18.74,0.18,47.22,21.42,81.53,21.8,0,low,Meghalaya
27.38171,88.72796,1511.1,49.91,157.06,405.69,16.63,80.75,75.68,84.21,98.5,3,critical,Sikkim
24.90925,93.83323,642.3,42.34,166.29,203.04,19.99,84.01,88.49,61.94,79.41,2,high,Manipur
23.46506,93.32345,1401.7,53.68,108.0,268.38,18.92,72.92,74.47,69.36,79.78,2,high,Mizoram
31.17889,77.21517,2393.0,51.76,27.41,101.45,1.89,53.27,43.37,88.87,52.33,1,moderate,Himachal Pradesh
30.81086,79.08771,3751.4,44.16,66.92,166.05,8.99,53.22,49.29,92.46,53.1,1,moderate,Uttarakhand
26.10069,91.83772,354.0,25.82,2.11,18.48,0.16,25.69,34.13,72.0,21.68,0,low,Assam
23.56014,93.35151,1830.6,27.1,0.0,63.78,0.0,35.0,49.79,70.16,26.4,0,low,Mizoram
23.35539,93.42818,1893.4,44.9,34.06,67.43,2.34,24.68,22.56,65.98,31.34,0,low,Mizoram
25.40326,91.90134,1947.6,54.88,138.63,473.89,25.03,94.42,80.94,77.48,100.0,3,critical,Meghalaya
31.15943,77.1967,2369.6,62.93,48.28,94.11,3.51,52.45,62.99,65.12,57.66,1,moderate,Himachal Pradesh
24.78676,93.97361,1163.5,41.6,107.12,319.48,19.31,84.9,83.25,89.69,87.05,3,critical,Manipur
25.6563,94.07093,1572.3,26.85,43.31,98.62,3.85,64.51,46.15,92.53,46.54,1,moderate,Nagaland
11.82258,76.11449,763.5,54.36,156.09,345.09,27.14,73.67,75.63,96.08,97.78,3,critical,Kerala
27.07571,93.6404,820.8,37.6,47.58,127.29,4.23,64.07,42.54,47.24,47.73,1,moderate,Arunachal Pradesh
11.67306,76.12506,889.1,53.01,16.56,55.37,1.47,61.9,44.29,100.0,54.21,1,moderate,Kerala
25.2598,91.85089,1212.3,47.9,50.45,103.13,7.52,60.33,30.0,81.98,52.82,1,moderate,Meghalaya
27.15668,93.56639,738.2,47.22,101.55,234.1,11.58,84.51,80.37,46.73,75.53,2,high,Arunachal Pradesh
25.68164,94.09886,1281.3,38.66,14.52,52.27,0.63,20.55,26.13,79.92,25.41,0,low,Nagaland
24.88816,93.92279,635.9,37.87,146.65,350.79,18.5,82.99,73.0,81.88,87.04,3,critical,Manipur
27.00212,88.36229,2133.2,39.5,0.4,3.85,0.02,41.05,32.04,78.47,32.0,0,low,West Bengal
11.57522,76.17492,1200.9,41.87,201.25,419.52,20.98,84.35,67.34,95.57,100.0,3,critical,Kerala
31.17124,77.28399,2418.4,47.02,67.77,122.89,6.7,35.0,40.2,87.53,54.29,1,moderate,Himachal Pradesh
25.28813,91.68508,1347.0,53.57,111.82,304.26,21.69,67.37,80.52,100.0,89.33,3,critical,Meghalaya
31.00557,77.15635,2386.5,56.36,34.98,130.4,4.49,72.49,51.42,93.34,65.47,2,high,Himachal Pradesh
30.78365,79.03892,3649.5,58.3,63.14,133.79,6.18,45.44,48.26,93.84,65.77,2,high,Uttarakhand
27.38656,88.62998,1643.2,52.17,44.57,64.53,3.54,49.25,46.55,92.95,49.26,1,moderate,Sikkim
23.40333,93.41039,1728.3,53.09,211.25,584.6,56.07,89.5,78.88,75.19,100.0,3,critical,Mizoram
25.71029,94.16065,1568.6,38.37,34.65,87.42,5.25,56.74,54.63,71.78,44.88,1,moderate,Nagaland
30.77163,79.00459,3621.0,51.61,42.07,99.48,5.47,56.6,70.0,82.68,56.65,1,moderate,Uttarakhand
30.71842,78.99329,3667.8,48.19,50.82,116.23,3.6,73.01,49.25,100.0,56.59,1,moderate,Uttarakhand
23.38116,93.41023,1731.6,57.36,2.45,24.41,0.16,39.11,29.91,55.76,33.48,0,low,Mizoram
25.16215,91.78946,1455.6,46.53,3.18,3.46,0.14,33.48,26.57,92.15,29.0,0,low,Meghalaya
24.69802,93.95515,876.6,34.09,210.48,486.24,85.94,99.0,98.0,72.86,100.0,3,critical,Manipur
25.76311,94.07943,1258.8,33.41,9.91,13.7,0.6,22.39,28.48,80.9,25.83,0,low,Nagaland
30.65807,79.01309,3665.6,65.62,2.2,15.78,0.11,18.09,34.71,97.39,40.79,1,moderate,Uttarakhand
25.27907,91.76672,1401.8,47.17,149.11,322.35,28.97,86.15,83.99,90.29,96.88,3,critical,Meghalaya
25.36653,91.60783,1271.7,49.01,5.3,23.56,0.36,22.07,14.54,84.12,25.84,0,low,Meghalaya
11.66102,76.0356,908.4,52.6,17.43,36.54,0.94,23.08,31.0,100.0,36.05,0,low,Kerala
24.75135,94.0927,859.0,41.54,61.7,120.41,5.11,47.58,55.4,78.19,49.34,1,moderate,Manipur
11.86655,76.18817,852.0,42.77,21.93,57.03,1.1,10.0,17.26,90.43,25.81,0,low,Kerala
27.43361,88.6424,1524.2,46.55,151.25,413.96,17.98,93.69,66.61,94.46,95.41,3,critical,Sikkim
25.38185,91.83038,1915.3,39.5,1.2,2.32,0.06,49.86,22.93,89.95,31.75,0,low,Meghalaya
25.16884,91.58655,1372.6,47.01,166.72,510.93,68.48,89.25,87.69,88.82,100.0,3,critical,Meghalaya
27.36821,88.53662,1594.9,52.25,147.09,378.21,22.41,83.13,73.34,86.2,94.83,3,critical,Sikkim
27.20059,88.64598,1849.6,67.1,52.6,85.83,5.81,53.07,47.45,91.65,68.25,2,high,Sikkim
24.87223,93.93898,755.7,36.68,57.28,146.58,3.84,35.0,50.45,74.65,43.5,1,moderate,Manipur
11.75067,76.05052,646.6,53.52,12.5,26.62,0.77,26.66,24.53,87.96,40.28,1,moderate,Kerala
27.03109,93.62404,699.8,46.51,90.99,230.47,9.8,76.23,86.56,72.15,72.96,2,high,Arunachal Pradesh
11.69003,76.13544,1104.1,45.24,0.52,56.94,0.03,28.55,43.19,94.39,32.28,0,low,Kerala
25.45123,91.73549,1959.7,49.81,121.7,297.56,12.38,69.78,60.7,89.68,75.98,2,high,Meghalaya
26.09921,91.57811,232.0,33.3,22.86,97.94,1.5,75.0,48.11,73.45,43.71,1,moderate,Assam
26.95535,88.32637,1965.6,42.61,10.18,16.64,0.44,18.11,23.77,84.22,18.33,0,low,West Bengal
25.29137,91.7707,1192.8,55.16,0.61,14.5,0.03,31.47,22.85,88.14,33.39,0,low,Meghalaya
31.07425,77.16137,2337.0,58.86,11.72,22.48,0.64,30.2,24.4,80.64,36.06,0,low,Himachal Pradesh
11.61953,76.05335,1097.5,56.84,195.55,540.01,55.52,92.57,85.52,94.84,100.0,3,critical,Kerala
26.22011,91.72282,59.6,30.94,44.27,86.58,3.7,56.81,44.54,68.91,39.36,0,low,Assam
24.91072,93.91563,446.4,29.07,44.85,114.68,6.34,66.87,60.16,85.49,51.95,1,moderate,Manipur
30.66202,78.99528,3461.5,53.61,47.55,114.11,3.99,75.0,59.23,98.54,65.26,2,high,Uttarakhand
23.52381,93.37338,1777.3,47.42,66.09,78.12,5.42,44.91,39.14,79.56,47.04,1,moderate,Mizoram
27.18467,93.71798,1137.8,40.38,65.37,120.56,9.22,56.01,47.98,60.61,46.44,1,moderate,Arunachal Pradesh
27.20093,88.61061,1451.2,68.84,7.38,13.51,0.61,22.0,16.17,72.51,39.33,0,low,Sikkim
26.98701,93.64801,772.3,37.0,9.79,19.68,0.49,40.37,14.33,49.58,22.45,0,low,Arunachal Pradesh
24.80882,94.05064,1037.0,39.15,33.84,92.07,3.94,61.33,63.12,71.92,46.73,1,moderate,Manipur
26.2054,91.76914,50.0,38.55,0.0,61.97,0.0,57.25,67.1,83.78,41.46,1,moderate,Assam
26.23235,91.84105,99.4,39.24,44.02,109.85,5.53,41.21,60.64,84.12,44.12,1,moderate,Assam
27.03728,93.69716,1062.3,42.68,57.01,76.78,4.03,62.6,62.55,47.9,42.9,1,moderate,Arunachal Pradesh
25.20282,91.68205,1111.4,43.79,226.77,432.01,43.15,93.81,81.71,85.93,100.0,3,critical,Meghalaya
26.97667,88.25477,2038.5,55.05,4.11,4.49,0.33,35.51,24.79,87.45,35.22,0,low,West Bengal
25.50004,91.92353,2241.4,35.97,5.13,26.85,0.22,10.0,12.17,71.68,15.36,0,low,Meghalaya
23.43777,93.20166,1595.4,52.98,203.18,542.85,84.47,91.46,91.82,71.9,100.0,3,critical,Mizoram
27.32947,88.60809,1572.1,65.06,46.42,66.22,5.42,55.9,36.19,91.37,59.41,1,moderate,Sikkim
30.78174,78.99276,3741.6,56.47,58.52,123.19,8.24,72.64,40.44,89.59,65.72,2,high,Uttarakhand
27.42876,88.64423,1534.0,57.19,260.07,578.55,59.26,88.07,93.61,85.9,100.0,3,critical,Sikkim
23.5844,93.31447,1555.2,46.12,21.71,81.99,1.39,63.42,44.28,80.23,43.12,1,moderate,Mizoram
23.39171,93.33915,1741.2,40.01,17.25,83.88,1.05,18.64,5.0,79.41,29.84,0,low,Mizoram
25.72854,94.05763,1316.2,35.9,77.31,215.03,14.03,80.63,90.0,78.27,73.39,2,high,Nagaland
25.35092,91.83732,1318.6,44.12,12.21,21.32,0.61,46.85,22.32,100.0,37.51,0,low,Meghalaya
25.74116,94.18847,1529.0,36.01,41.97,100.45,2.89,53.04,48.29,78.22,41.83,1,moderate,Nagaland
25.72237,94.02387,1207.3,47.01,85.54,323.69,9.16,85.01,55.5,54.75,73.25,2,high,Nagaland
25.49375,91.84936,1865.6,37.48,0.12,11.1,0.01,21.49,25.74,99.97,27.37,0,low,Meghalaya
25.67848,94.09344,1636.1,52.44,25.98,36.83,1.46,45.34,22.7,66.55,39.21,0,low,Nagaland
30.73695,79.10449,3384.3,66.84,160.84,459.48,39.55,91.25,85.5,77.23,100.0,3,critical,Uttarakhand
23.5154,93.23285,1630.6,52.71,4.32,23.95,0.21,34.4,15.75,86.36,38.14,0,low,Mizoram
25.55671,91.87466,1902.0,26.73,179.17,374.15,19.61,87.21,71.87,88.76,87.12,3,critical,Meghalaya
24.75237,93.93784,912.9,33.4,139.92,341.04,29.83,89.76,61.85,82.5,86.8,3,critical,Manipur
24.8421,93.81652,666.0,31.07,31.36,89.48,3.19,73.66,58.07,78.96,50.65,1,moderate,Manipur
27.0085,93.49294,781.0,43.35,62.15,97.06,9.64,54.43,42.99,64.12,45.47,1,moderate,Arunachal Pradesh
26.01935,91.67064,233.4,55.7,13.56,45.35,0.58,27.99,31.8,54.19,33.43,0,low,Assam
27.33103,88.51652,1531.4,49.74,197.27,448.53,36.81,85.79,97.35,81.45,100.0,3,critical,Sikkim
26.27795,91.74598,149.3,36.43,76.6,230.12,13.81,77.17,69.53,58.6,64.31,2,high,Assam
11.61083,76.16594,943.0,61.52,134.8,297.98,14.65,84.3,70.68,96.07,93.74,3,critical,Kerala
27.08958,93.66636,436.5,43.7,122.69,277.63,23.66,85.84,73.19,51.44,82.34,3,critical,Arunachal Pradesh
23.36508,93.30294,1673.9,38.57,145.29,297.38,18.47,83.05,79.23,67.5,79.79,2,high,Mizoram
25.30508,91.73157,1530.9,52.73,3.47,25.72,0.19,24.26,15.09,89.17,29.25,0,low,Meghalaya
26.23967,91.80366,50.0,32.7,55.42,138.5,3.52,57.63,57.54,72.49,41.9,1,moderate,Assam
25.43398,91.97769,2138.8,49.19,130.27,249.36,19.15,65.0,64.61,79.45,81.75,3,critical,Meghalaya
23.56935,93.38293,1575.8,34.84,72.52,244.63,8.52,66.68,75.27,85.66,60.01,2,high,Mizoram
25.76563,94.18921,1498.1,52.55,135.41,307.53,19.38,74.68,79.62,91.93,90.28,3,critical,Nagaland
23.41066,93.40926,1784.0,34.07,28.32,82.55,2.03,45.27,66.8,58.03,31.11,0,low,Mizoram
27.37304,88.53377,1523.3,52.49,65.23,279.87,9.35,91.8,68.17,90.39,80.28,3,critical,Sikkim
25.33738,91.73186,1632.7,35.9,12.33,94.17,1.41,37.28,52.4,81.35,37.28,0,low,Meghalaya
23.43824,93.44099,1529.1,43.87,57.7,96.65,5.96,60.65,46.32,81.51,48.03,1,moderate,Mizoram
11.69156,76.13502,1327.8,47.04,65.05,139.34,5.22,43.2,60.32,93.2,55.22,1,moderate,Kerala
26.99584,88.48088,2090.9,42.94,50.6,68.14,5.07,75.0,48.46,76.18,52.31,1,moderate,West Bengal
27.15133,93.536,697.0,27.08,221.73,453.29,53.68,99.0,86.24,61.79,100.0,3,critical,Arunachal Pradesh
11.74865,76.01269,971.2,52.43,2.95,3.46,0.22,31.17,20.76,86.78,32.93,0,low,Kerala
27.28803,88.6709,1424.1,48.66,98.89,255.75,16.96,95.0,68.19,74.83,81.82,3,critical,Sikkim
30.6928,79.07171,3611.6,54.9,64.32,119.7,6.21,44.3,61.95,92.48,61.78,2,high,Uttarakhand
30.66513,78.99227,3623.0,51.3,116.54,324.9,12.64,84.6,76.42,100.0,93.91,3,critical,Uttarakhand
25.90092,94.1841,1521.6,36.69,6.39,6.66,0.49,24.99,15.07,85.58,25.65,0,low,Nagaland
31.10663,77.22161,2524.0,50.54,4.97,33.51,0.34,55.21,40.94,88.2,38.76,0,low,Himachal Pradesh
25.61897,94.1537,1550.7,46.04,1.43,14.4,0.08,47.15,30.22,63.39,31.72,0,low,Nagaland
25.51253,91.96138,2134.6,40.63,59.34,132.46,7.78,75.0,56.29,79.12,56.62,1,moderate,Meghalaya
26.20941,91.84441,178.8,18.25,32.05,96.59,2.49,47.03,59.06,82.28,33.7,0,low,Assam
25.37318,91.78385,1409.2,38.21,94.48,284.91,11.25,68.8,63.04,90.33,71.34,2,high,Meghalaya
23.55609,93.38698,1543.4,44.47,21.23,94.91,1.55,59.28,51.9,84.52,52.93,1,moderate,Mizoram
27.17812,93.64679,693.2,27.36,40.15,102.88,4.32,66.3,62.93,56.1,37.11,0,low,Arunachal Pradesh
27.06248,93.65925,780.1,34.61,155.14,307.04,18.74,78.79,67.15,55.9,78.43,2,high,Arunachal Pradesh
31.12696,77.32555,2532.9,53.41,3.58,29.95,0.19,33.82,23.49,86.67,36.03,0,low,Himachal Pradesh
27.1257,88.22556,2243.8,57.34,81.67,212.89,18.3,76.99,90.0,84.97,82.19,3,critical,West Bengal
30.74603,79.02934,3657.4,52.59,61.59,128.67,4.6,58.33,52.37,96.25,61.72,2,high,Uttarakhand
25.22159,91.80283,1666.1,51.65,31.23,131.5,2.08,61.75,47.91,80.03,52.54,1,moderate,Meghalaya
31.1028,77.06728,1959.4,56.39,37.14,104.51,6.14,61.33,47.01,84.74,57.85,1,moderate,Himachal Pradesh
26.99902,93.54846,741.8,35.63,99.96,290.72,10.03,90.57,60.96,62.72,66.45,2,high,Arunachal Pradesh
24.80004,93.92196,592.3,39.0,21.82,74.65,1.37,60.73,52.45,86.37,36.35,0,low,Manipur
30.71681,79.1212,3618.4,30.42,49.83,111.67,4.79,53.09,55.98,91.42,45.59,1,moderate,Uttarakhand
30.81616,79.14334,3503.8,71.85,149.0,363.74,17.35,81.88,75.24,100.0,100.0,3,critical,Uttarakhand
30.73112,79.12189,3559.6,67.66,5.15,36.98,0.23,35.67,27.86,92.48,42.76,1,moderate,Uttarakhand
25.4585,91.80483,1892.7,39.17,151.64,284.92,25.35,88.11,63.93,100.0,93.59,3,critical,Meghalaya
